0, 0.000000, 0.467323, -3.204796, 0.109666, 0, 0, 0, -1, -4, 0
0, 0.010431, 0.530297, -3.045102, 0.166834, 0, 0, 0, -1, -4, 0
0, 0.011923, 0.480863, -3.123637, 0.141259, 0, 0, 0, -1, -4, 0
0, 0.022108, 0.531370, -2.973958, 0.192575, 0, 0, 0, -1, -4, 0
0, 0.023498, 0.483398, -3.044903, 0.166862, 0, 0, 0, -1, -4, 0
0, 0.039687, 0.542914, -2.864358, 0.227699, 0, 0, 0, -1, -4, 0
0, 0.041098, 0.497061, -2.926432, 0.203824, 0, 0, 0, -1, -4, 0
0, 0.051533, 0.543649, -2.796290, 0.248257, 0, 0, 0, -1, -4, 0
0, 0.052966, 0.502027, -2.849731, 0.226211, 0, 0, 0, -1, -4, 0
0, 0.063287, 0.548271, -2.726979, 0.269587, 0, 0, 0, -1, -4, 0
0, 0.064717, 0.507695, -2.772600, 0.247905, 0, 0, 0, -1, -4, 0
0, 0.075107, 0.559865, -2.648430, 0.291128, 0, 0, 0, -1, -4, 0
0, 0.076557, 0.518305, -2.700625, 0.269453, 0, 0, 0, -1, -4, 0
0, 0.082325, 0.543430, -2.652171, 0.315564, 0, 0, 0, -1, -4, 0
0, 0.086796, 0.564723, -2.579504, 0.310643, 0, 0, 0, -1, -4, 0
0, 0.088270, 0.526641, -2.621197, 0.291576, 0, 0, 0, -1, -4, 0
0, 0.094011, 0.549078, -2.578648, 0.333098, 0, 0, 0, -1, -4, 0
0, 0.098543, 0.576045, -2.505365, 0.330072, 0, 0, 0, -1, -4, 0
0, 0.100014, 0.538788, -2.545723, 0.311121, 0, 0, 0, -1, -4, 0
0, 0.105790, 0.563923, -2.507460, 0.351743, 0, 0, 0, -1, -4, 0
0, 0.111741, 0.568157, -2.470230, 0.355169, 0, 0, 0, -1, -4, 0
0, 0.116336, 0.591864, -2.399300, 0.352796, 0, 0, 0, -1, -4, 0
0, 0.117795, 0.559047, -2.438463, 0.337534, 0, 0, 0, -1, -4, 0
0, 0.123516, 0.577542, -2.396870, 0.371290, 0, 0, 0, -1, -4, 0
0, 0.128110, 0.598979, -2.329437, 0.366699, 0, 0, 0, -1, -4, 0
0, 0.129577, 0.566568, -2.362220, 0.350286, 0, 0, 0, -1, -4, 0
0, 0.135342, 0.590317, -2.325471, 0.383215, 0, 0, 0, -1, -4, 0
0, 0.139785, 0.606206, -2.264740, 0.380273, 0, 0, 0, -1, -4, 0
0, 0.141283, 0.578736, -2.290682, 0.365749, 0, 0, 0, -1, -4, 0
0, 0.146993, 0.600351, -2.255146, 0.392869, 0, 0, 0, -1, -4, 0
0, 0.149963, 0.592746, -2.242694, 0.398246, 0, 0, 0, -1, -4, 0
0, 0.151568, 0.615107, -2.195499, 0.390308, 0, 0, 0, -1, -4, 0
0, 0.152967, 0.588407, -2.216239, 0.376929, 0, 0, 0, -1, -4, 0
0, 0.155876, 0.597597, -2.207787, 0.404645, 0, 0, 0, -1, -4, 0
0, 0.158823, 0.614273, -2.185082, 0.405990, 0, 0, 0, -1, -4, 0
0, 0.161712, 0.601437, -2.169899, 0.407771, 0, 0, 0, -1, -4, 0
0, 0.163377, 0.626564, -2.126054, 0.400484, 0, 0, 0, -1, -4, 0
0, 0.164853, 0.603122, -2.147691, 0.388760, 0, 0, 0, -1, -4, 0
0, 0.167693, 0.606559, -2.136781, 0.411665, 0, 0, 0, -1, -4, 0
0, 0.170559, 0.623679, -2.114750, 0.411794, 0, 0, 0, -1, -4, 0
0, 0.173459, 0.613467, -2.101201, 0.415220, 0, 0, 0, -1, -4, 0
0, 0.176410, 0.629033, -2.080381, 0.416133, 0, 0, 0, -1, -4, 0
0, 0.179355, 0.619652, -2.067298, 0.420189, 0, 0, 0, -1, -4, 0
0, 0.180995, 0.645429, -2.021673, 0.413581, 0, 0, 0, -1, -4, 0
0, 0.182435, 0.621191, -2.044764, 0.400524, 0, 0, 0, -1, -4, 0
0, 0.185282, 0.624500, -2.034888, 0.421756, 0, 0, 0, -1, -4, 0
0, 0.188183, 0.642074, -2.011742, 0.422431, 0, 0, 0, -1, -4, 0
0, 0.191117, 0.632476, -1.998698, 0.426086, 0, 0, 0, -1, -4, 0
0, 0.192743, 0.660287, -1.948379, 0.415131, 0, 0, 0, -1, -4, 0
0, 0.194157, 0.632538, -1.968875, 0.403251, 0, 0, 0, -1, -4, 0
0, 0.197043, 0.637743, -1.963461, 0.426794, 0, 0, 0, -1, -4, 0
0, 0.200027, 0.652698, -1.943712, 0.427437, 0, 0, 0, -1, -4, 0
0, 0.202952, 0.642594, -1.931024, 0.429642, 0, 0, 0, -1, -4, 0
0, 0.204557, 0.668795, -1.886140, 0.420827, 0, 0, 0, -1, -4, 0
0, 0.206084, 0.647418, -1.901385, 0.411923, 0, 0, 0, -1, -4, 0
0, 0.208975, 0.650514, -1.895167, 0.432518, 0, 0, 0, -1, -4, 0
0, 0.211812, 0.666925, -1.874453, 0.432137, 0, 0, 0, -1, -4, 0
0, 0.214723, 0.654655, -1.860607, 0.432143, 0, 0, 0, -1, -4, 0
0, 0.216389, 0.679294, -1.819338, 0.425024, 0, 0, 0, -1, -4, 0
0, 0.217762, 0.659576, -1.836588, 0.414637, 0, 0, 0, -1, -4, 0
0, 0.220552, 0.660986, -1.828427, 0.432012, 0, 0, 0, -1, -4, 0
0, 0.223490, 0.676489, -1.808132, 0.432246, 0, 0, 0, -1, -4, 0
0, 0.226474, 0.667918, -1.796735, 0.434947, 0, 0, 0, -1, -4, 0
0, 0.228154, 0.688376, -1.756756, 0.430291, 0, 0, 0, -1, -4, 0
0, 0.229667, 0.670877, -1.770757, 0.418546, 0, 0, 0, -1, -4, 0
0, 0.232480, 0.673915, -1.763208, 0.434259, 0, 0, 0, -1, -4, 0
0, 0.235342, 0.690700, -1.742547, 0.432844, 0, 0, 0, -1, -4, 0
0, 0.238249, 0.681120, -1.730718, 0.434164, 0, 0, 0, -1, -4, 0
0, 0.239817, 0.701794, -1.691369, 0.431316, 0, 0, 0, -1, -4, 0
0, 0.241281, 0.686666, -1.703081, 0.421792, 0, 0, 0, -1, -4, 0
0, 0.244070, 0.688586, -1.696758, 0.435060, 0, 0, 0, -1, -4, 0
0, 0.247079, 0.705086, -1.677541, 0.432289, 0, 0, 0, -1, -4, 0
0, 0.250102, 0.695600, -1.665741, 0.433458, 0, 0, 0, -1, -4, 0
0, 0.251680, 0.716098, -1.625721, 0.429291, 0, 0, 0, -1, -4, 0
0, 0.253157, 0.697781, -1.639869, 0.418935, 0, 0, 0, -1, -4, 0
0, 0.255990, 0.698664, -1.633519, 0.432124, 0, 0, 0, -1, -4, 0
0, 0.258886, 0.714586, -1.612697, 0.431978, 0, 0, 0, -1, -4, 0
0, 0.261772, 0.703194, -1.599108, 0.431849, 0, 0, 0, -1, -4, 0
0, 0.263292, 0.716017, -1.570467, 0.430713, 0, 0, 0, -1, -4, 0
0, 0.264733, 0.708035, -1.576120, 0.420668, 0, 0, 0, -1, -4, 0
0, 0.267650, 0.710767, -1.569065, 0.429598, 0, 0, 0, -1, -4, 0
0, 0.269282, 0.726880, -1.534533, 0.428143, 0, 0, 0, -1, -4, 0
0, 0.270685, 0.714398, -1.545502, 0.415663, 0, 0, 0, -1, -4, 0
0, 0.273501, 0.715710, -1.536858, 0.424755, 0, 0, 0, -1, -4, 0
0, 0.276428, 0.730901, -1.517630, 0.423325, 0, 0, 0, -1, -4, 0
0, 0.279379, 0.722190, -1.506771, 0.423736, 0, 0, 0, -1, -4, 0
0, 0.280980, 0.743330, -1.469021, 0.420915, 0, 0, 0, -1, -4, 0
0, 0.282446, 0.728151, -1.483725, 0.410066, 0, 0, 0, -1, -4, 0
0, 0.285347, 0.728104, -1.475742, 0.421222, 0, 0, 0, -1, -4, 0
0, 0.288254, 0.745007, -1.455294, 0.418210, 0, 0, 0, -1, -4, 0
0, 0.291203, 0.735415, -1.443894, 0.417055, 0, 0, 0, -1, -4, 0
0, 0.292799, 0.752578, -1.414351, 0.417989, 0, 0, 0, -1, -4, 0
0, 0.294196, 0.745091, -1.425614, 0.407289, 0, 0, 0, -1, -4, 0
0, 0.297085, 0.742065, -1.413172, 0.412278, 0, 0, 0, -1, -4, 0
0, 0.298738, 0.761835, -1.381740, 0.413627, 0, 0, 0, -1, -4, 0
0, 0.300137, 0.752595, -1.395559, 0.404210, 0, 0, 0, -1, -4, 0
0, 0.302952, 0.748239, -1.383154, 0.410642, 0, 0, 0, -1, -4, 0
0, 0.304591, 0.770323, -1.347223, 0.409396, 0, 0, 0, -1, -4, 0
0, 0.306034, 0.757185, -1.364065, 0.397651, 0, 0, 0, -1, -4, 0
0, 0.308848, 0.753824, -1.352528, 0.404492, 0, 0, 0, -1, -4, 0
0, 0.310415, 0.777875, -1.317151, 0.403542, 0, 0, 0, -1, -4, 0
0, 0.311866, 0.764897, -1.334831, 0.394322, 0, 0, 0, -1, -4, 0
0, 0.314767, 0.760131, -1.323510, 0.402561, 0, 0, 0, -1, -4, 0
0, 0.316365, 0.787741, -1.284469, 0.399086, 0, 0, 0, -1, -4, 0
0, 0.317748, 0.772605, -1.304067, 0.389472, 0, 0, 0, -1, -4, 0
0, 0.320656, 0.767074, -1.292454, 0.398097, 0, 0, 0, -1, -4, 0
0, 0.322300, 0.794732, -1.253328, 0.394626, 0, 0, 0, -1, -4, 0
0, 0.323680, 0.779598, -1.274728, 0.382523, 0, 0, 0, -1, -4, 0
0, 0.326576, 0.774849, -1.262177, 0.390462, 0, 0, 0, -1, -4, 0
0, 0.329487, 0.790861, -1.242848, 0.386395, 0, 0, 0, -1, -4, 0
0, 0.332428, 0.780905, -1.230612, 0.384078, 0, 0, 0, -1, -4, 0
0, 0.334071, 0.804108, -1.196025, 0.384515, 0, 0, 0, -1, -4, 0
0, 0.335434, 0.791355, -1.215657, 0.373002, 0, 0, 0, -1, -4, 0
0, 0.338286, 0.785876, -1.201928, 0.380072, 0, 0, 0, -1, -4, 0
0, 0.339904, 0.811451, -1.164782, 0.379807, 0, 0, 0, -1, -4, 0
0, 0.341315, 0.797916, -1.185524, 0.368078, 0, 0, 0, -1, -4, 0
0, 0.344267, 0.789400, -1.173736, 0.356931, 0, 0, 0, -1, -4, 0
0, 0.347247, 0.802279, -1.158669, 0.360248, 0, 0, 0, -1, -4, 0
0, 0.350082, 0.798319, -1.146825, 0.368997, 0, 0, 0, -1, -4, 0
0, 0.351649, 0.826316, -1.104921, 0.366744, 0, 0, 0, -1, -4, 0
0, 0.353088, 0.809595, -1.128361, 0.352462, 0, 0, 0, -1, -4, 0
0, 0.356173, 0.802009, -1.116995, 0.341354, 0, 0, 0, -1, -4, 0
0, 0.359145, 0.818425, -1.097647, 0.346306, 0, 0, 0, -1, -4, 0
0, 0.361880, 0.814280, -1.085225, 0.353314, 0, 0, 0, -1, -4, 0
0, 0.363496, 0.840077, -1.048075, 0.352707, 0, 0, 0, -1, -4, 0
0, 0.364901, 0.823684, -1.072494, 0.339552, 0, 0, 0, -1, -4, 0
0, 0.367816, 0.814891, -1.059988, 0.328589, 0, 0, 0, -1, -4, 0
0, 0.370780, 0.830288, -1.044380, 0.330094, 0, 0, 0, -1, -4, 0
0, 0.373626, 0.826144, -1.029944, 0.336459, 0, 0, 0, -1, -4, 0
0, 0.375254, 0.853318, -0.990312, 0.336926, 0, 0, 0, -1, -4, 0
0, 0.376675, 0.837761, -1.015157, 0.322303, 0, 0, 0, -1, -4, 0
0, 0.379626, 0.829929, -1.003279, 0.311670, 0, 0, 0, -1, -4, 0
0, 0.382567, 0.844859, -0.987151, 0.315012, 0, 0, 0, -1, -4, 0
0, 0.385392, 0.839336, -0.971933, 0.319077, 0, 0, 0, -1, -4, 0
0, 0.387049, 0.863493, -0.938279, 0.320100, 0, 0, 0, -1, -4, 0
0, 0.388460, 0.851474, -0.959977, 0.307207, 0, 0, 0, -1, -4, 0
0, 0.391333, 0.842938, -0.946072, 0.294449, 0, 0, 0, -1, -4, 0
0, 0.394275, 0.857649, -0.930652, 0.297496, 0, 0, 0, -1, -4, 0
0, 0.397139, 0.851912, -0.915630, 0.302740, 0, 0, 0, -1, -4, 0
0, 0.398730, 0.878101, -0.879143, 0.302731, 0, 0, 0, -1, -4, 0
0, 0.400176, 0.863832, -0.905583, 0.285149, 0, 0, 0, -1, -4, 0
0, 0.403131, 0.857094, -0.893518, 0.273573, 0, 0, 0, -1, -4, 0
0, 0.406041, 0.870372, -0.879523, 0.276912, 0, 0, 0, -1, -4, 0
0, 0.408927, 0.863443, -0.861330, 0.280645, 0, 0, 0, -1, -4, 0
0, 0.410584, 0.889281, -0.823589, 0.281718, 0, 0, 0, -1, -4, 0
0, 0.411988, 0.875533, -0.848506, 0.264506, 0, 0, 0, -1, -4, 0
0, 0.414955, 0.870820, -0.837494, 0.252368, 0, 0, 0, -1, -4, 0
0, 0.417945, 0.885030, -0.823405, 0.255081, 0, 0, 0, -1, -4, 0
0, 0.420729, 0.877988, -0.805096, 0.259716, 0, 0, 0, -1, -4, 0
0, 0.422291, 0.905721, -0.767447, 0.260990, 0, 0, 0, -1, -4, 0
0, 0.423771, 0.888267, -0.799430, 0.240963, 0, 0, 0, -1, -4, 0
0, 0.426824, 0.881751, -0.786681, 0.228782, 0, 0, 0, -1, -4, 0
0, 0.429742, 0.894999, -0.774233, 0.230748, 0, 0, 0, -1, -4, 0
0, 0.432447, 0.889384, -0.757107, 0.235911, 0, 0, 0, -1, -4, 0
0, 0.433974, 0.915393, -0.720244, 0.237843, 0, 0, 0, -1, -4, 0
0, 0.435494, 0.900637, -0.748584, 0.218182, 0, 0, 0, -1, -4, 0
0, 0.438513, 0.894649, -0.734614, 0.203705, 0, 0, 0, -1, -4, 0
0, 0.441397, 0.908864, -0.722015, 0.205150, 0, 0, 0, -1, -4, 0
0, 0.444237, 0.904117, -0.705023, 0.212403, 0, 0, 0, -1, -4, 0
0, 0.445849, 0.931674, -0.662053, 0.214086, 0, 0, 0, -1, -4, 0
0, 0.447281, 0.913241, -0.692565, 0.191431, 0, 0, 0, -1, -4, 0
0, 0.450169, 0.906320, -0.678118, 0.177883, 0, 0, 0, -1, -4, 0
0, 0.453104, 0.917395, -0.668342, 0.179386, 0, 0, 0, -1, -4, 0
0, 0.456026, 0.914916, -0.653506, 0.190312, 0, 0, 0, -1, -4, 0
0, 0.457622, 0.950622, -0.602366, 0.190194, 0, 0, 0, -1, -4, 0
0, 0.459013, 0.926637, -0.639466, 0.167072, 0, 0, 0, -1, -4, 0
0, 0.461979, 0.920984, -0.626076, 0.153962, 0, 0, 0, -1, -4, 0
0, 0.464923, 0.932504, -0.617832, 0.152826, 0, 0, 0, -1, -4, 0
0, 0.467807, 0.926796, -0.600318, 0.162972, 0, 0, 0, -1, -4, 0
0, 0.469462, 0.959711, -0.553789, 0.163878, 0, 0, 0, -1, -4, 0
0, 0.470835, 0.937452, -0.591453, 0.138186, 0, 0, 0, -1, -4, 0
0, 0.473733, 0.931585, -0.576523, 0.123334, 0, 0, 0, -1, -4, 0
0, 0.476725, 0.943765, -0.567088, 0.123722, 0, 0, 0, -1, -4, 0
0, 0.479589, 0.940107, -0.551001, 0.137567, 0, 0, 0, -1, -4, 0
0, 0.481169, 0.978571, -0.497255, 0.138064, 0, 0, 0, -1, -4, 0
0, 0.482615, 0.951491, -0.541982, 0.107781, 0, 0, 0, -1, -4, 0
0, 0.485570, 0.943360, -0.524284, 0.092124, 0, 0, 0, -1, -4, 0
0, 0.488506, 0.954359, -0.515223, 0.093739, 0, 0, 0, -1, -4, 0
0, 0.491357, 0.954585, -0.505551, 0.112251, 0, 0, 0, -1, -4, 0
0, 0.493018, 0.995530, -0.443713, 0.109743, 0, 0, 0, -1, -4, 0
0, 0.494423, 0.964166, -0.486298, 0.080725, 0, 0, 0, -1, -4, 0
0, 0.497235, 0.959854, -0.472810, 0.094010, 0, 0, 0, -1, -4, 0
0, 0.498844, 0.994934, -0.424873, 0.092626, 0, 0, 0, -1, -4, 0
0, 0.500232, 0.971433, -0.463889, 0.064864, 0, 0, 0, -1, -4, 0
0, 0.503186, 0.965300, -0.447579, 0.049321, 0, 0, 0, -1, -4, 0
0, 0.506191, 0.975041, -0.441139, 0.048722, 0, 0, 0, -1, -4, 0
0, 0.509062, 0.971552, -0.426685, 0.062048, 0, 0, 0, -1, -4, 0
0, 0.510624, 1.007145, -0.378111, 0.061907, 0, 0, 0, -1, -4, 0
0, 0.512006, 0.983401, -0.417602, 0.034069, 0, 0, 0, -1, -4, 0
0, 0.514975, 0.976668, -0.398204, 0.015326, 0, 0, 0, -1, -4, 0
0, 0.517958, 0.986093, -0.391668, 0.015505, 0, 0, 0, -1, -4, 0
0, 0.520797, 0.983453, -0.382240, 0.032867, 0, 0, 0, -1, -4, 0
0, 0.522363, 1.023633, -0.325327, 0.027473, 0, 0, 0, -1, -4, 0
0, 0.523761, 0.992331, -0.364267, 0.003550, 0, 0, 0, -1, -4, 0
0, 0.526738, 0.992612, -0.361685, 0.036735, 0, 0, 0, -1, -4, 0
0, 0.529717, 1.001366, -0.344935, 0.038873, 0, 0, 0, -1, -4, 0
0, 0.532577, 1.002563, -0.344161, 0.050559, 0, 0, 0, -1, -4, 0
0, 0.535523, 1.013062, -0.325226, 0.051693, 0, 0, 0, -1, -4, 0
0, 0.538428, 1.014489, -0.325022, 0.063274, 0, 0, 0, -1, -4, 0
0, 0.540061, 1.055426, -0.261909, 0.067981, 0, 0, 0, -1, -4, 0
0, 0.541533, 1.021817, -0.305750, 0.040262, 0, 0, 0, -1, -4, 0
0, 0.547258, 1.032046, -0.289964, 0.081855, 0, 0, 0, -1, -4, 0
0, 0.559108, 1.047719, -0.258932, 0.107799, 0, 0, 0, -1, -4, 0
0, 0.562156, 1.044481, -0.256301, 0.079920, 0, 0, 0, -1, -4, 0
0, 0.565058, 1.055023, -0.242808, 0.090852, 0, 0, 0, -1, -4, 0
0, 0.570905, 1.065106, -0.228073, 0.131904, 0, 0, 0, -1, -4, 0
0, 0.584249, 1.119564, -0.137293, 0.160248, 0, 0, 0, -1, -4, 0
0, 0.590083, 1.139977, -0.108557, 0.179895, 0, 0, 0, -1, -4, 0
0, 0.604765, 1.158181, -0.068765, 0.200169, 0, 0, 0, -1, -4, 0
0, 0.610645, 1.179460, -0.038545, 0.220841, 0, 0, 0, -1, -4, 0
0, 0.619467, 1.169490, -0.041650, 0.223739, 0, 0, 0, -1, -4, 0
0, 0.625388, 1.187464, -0.016870, 0.240799, 0, 0, 0, -1, -4, 0
0, 0.631279, 1.195806, -0.000374, 0.235402, 0, 0, 0, -1, -4, 0
0, 0.637110, 1.218809, 0.032267, 0.257903, 0, 0, 0, -1, -4, 0
0, 0.651946, 1.238961, 0.069008, 0.270575, 0, 0, 0, -1, -4, 0
0, 0.657851, 1.252975, 0.090402, 0.285113, 0, 0, 0, -1, -4, 0
0, 0.666628, 1.254980, 0.103777, 0.282028, 0, 0, 0, -1, -4, 0
0, 0.672508, 1.268271, 0.123986, 0.295902, 0, 0, 0, -1, -4, 0
0, 0.678397, 1.274557, 0.138811, 0.291697, 0, 0, 0, -1, -4, 0
0, 0.684270, 1.290917, 0.160437, 0.307335, 0, 0, 0, -1, -4, 0
0, 0.693133, 1.301074, 0.182019, 0.301148, 0, 0, 0, -1, -4, 0
1, 1.623210, 0.521287, -3.098922, 0.148836, 0, 0, 0, -1, -4, 0
1, 1.624588, 0.467179, -3.184731, 0.119922, 0, 0, 0, -1, -4, 0
1, 1.634972, 0.523767, -3.033247, 0.182082, 0, 0, 0, -1, -4, 0
1, 1.636342, 0.476408, -3.110880, 0.153998, 0, 0, 0, -1, -4, 0
1, 1.646820, 0.528503, -2.962395, 0.206902, 0, 0, 0, -1, -4, 0
1, 1.648154, 0.479752, -3.037084, 0.181909, 0, 0, 0, -1, -4, 0
1, 1.662825, 0.477628, -2.959019, 0.210484, 0, 0, 0, -1, -4, 0
1, 1.665779, 0.490949, -2.929291, 0.222627, 0, 0, 0, -1, -4, 0
1, 1.676201, 0.537965, -2.798361, 0.270318, 0, 0, 0, -1, -4, 0
1, 1.677569, 0.494226, -2.856715, 0.248356, 0, 0, 0, -1, -4, 0
1, 1.687961, 0.546363, -2.727048, 0.294481, 0, 0, 0, -1, -4, 0
1, 1.689333, 0.498601, -2.786635, 0.268536, 0, 0, 0, -1, -4, 0
1, 1.699623, 0.549461, -2.662227, 0.315242, 0, 0, 0, -1, -4, 0
1, 1.701072, 0.508902, -2.713583, 0.295389, 0, 0, 0, -1, -4, 0
1, 1.706906, 0.531035, -2.667919, 0.339002, 0, 0, 0, -1, -4, 0
1, 1.711518, 0.557830, -2.596837, 0.336098, 0, 0, 0, -1, -4, 0
1, 1.712887, 0.517744, -2.643199, 0.318386, 0, 0, 0, -1, -4, 0
1, 1.718648, 0.542544, -2.600785, 0.359423, 0, 0, 0, -1, -4, 0
1, 1.723201, 0.565158, -2.528803, 0.352932, 0, 0, 0, -1, -4, 0
1, 1.724643, 0.526487, -2.572572, 0.336611, 0, 0, 0, -1, -4, 0
1, 1.730470, 0.547160, -2.531812, 0.373493, 0, 0, 0, -1, -4, 0
1, 1.735102, 0.570481, -2.464330, 0.371696, 0, 0, 0, -1, -4, 0
1, 1.736570, 0.535500, -2.502553, 0.357088, 0, 0, 0, -1, -4, 0
1, 1.742329, 0.556749, -2.463138, 0.393110, 0, 0, 0, -1, -4, 0
1, 1.746728, 0.576255, -2.399339, 0.391585, 0, 0, 0, -1, -4, 0
1, 1.748201, 0.546369, -2.431952, 0.375950, 0, 0, 0, -1, -4, 0
1, 1.754122, 0.566126, -2.396188, 0.408954, 0, 0, 0, -1, -4, 0
1, 1.758649, 0.581093, -2.334136, 0.403730, 0, 0, 0, -1, -4, 0
1, 1.760092, 0.552479, -2.363173, 0.388835, 0, 0, 0, -1, -4, 0
1, 1.765783, 0.576284, -2.327913, 0.418942, 0, 0, 0, -1, -4, 0
1, 1.770360, 0.595528, -2.265470, 0.415522, 0, 0, 0, -1, -4, 0
1, 1.771797, 0.564969, -2.294808, 0.402216, 0, 0, 0, -1, -4, 0
1, 1.777510, 0.584584, -2.261693, 0.432306, 0, 0, 0, -1, -4, 0
1, 1.780425, 0.573844, -2.247576, 0.436056, 0, 0, 0, -1, -4, 0
1, 1.782036, 0.603220, -2.199370, 0.427146, 0, 0, 0, -1, -4, 0
1, 1.783517, 0.573912, -2.228078, 0.414954, 0, 0, 0, -1, -4, 0
1, 1.786405, 0.578863, -2.217954, 0.441831, 0, 0, 0, -1, -4, 0
1, 1.789335, 0.594671, -2.196957, 0.442918, 0, 0, 0, -1, -4, 0
1, 1.792253, 0.582824, -2.182844, 0.445237, 0, 0, 0, -1, -4, 0
1, 1.793917, 0.608641, -2.137382, 0.437730, 0, 0, 0, -1, -4, 0
1, 1.795350, 0.583605, -2.160021, 0.425698, 0, 0, 0, -1, -4, 0
1, 1.798128, 0.588932, -2.149967, 0.450850, 0, 0, 0, -1, -4, 0
1, 1.801036, 0.604872, -2.129784, 0.450934, 0, 0, 0, -1, -4, 0
1, 1.804028, 0.594253, -2.117682, 0.452280, 0, 0, 0, -1, -4, 0
1, 1.805620, 0.619252, -2.072485, 0.445629, 0, 0, 0, -1, -4, 0
1, 1.807014, 0.595146, -2.092227, 0.435550, 0, 0, 0, -1, -4, 0
1, 1.809902, 0.600029, -2.084945, 0.458984, 0, 0, 0, -1, -4, 0
1, 1.812833, 0.615274, -2.065562, 0.459257, 0, 0, 0, -1, -4, 0
1, 1.815792, 0.604528, -2.052459, 0.461732, 0, 0, 0, -1, -4, 0
1, 1.817442, 0.632306, -2.007217, 0.454086, 0, 0, 0, -1, -4, 0
1, 1.818822, 0.609109, -2.026637, 0.445525, 0, 0, 0, -1, -4, 0
1, 1.821628, 0.608901, -2.017887, 0.465218, 0, 0, 0, -1, -4, 0
1, 1.824573, 0.621720, -2.001024, 0.466017, 0, 0, 0, -1, -4, 0
1, 1.827525, 0.612648, -1.989500, 0.468751, 0, 0, 0, -1, -4, 0
1, 1.829105, 0.640138, -1.944249, 0.459767, 0, 0, 0, -1, -4, 0
1, 1.830549, 0.616176, -1.963548, 0.450560, 0, 0, 0, -1, -4, 0
1, 1.833425, 0.616916, -1.956135, 0.469969, 0, 0, 0, -1, -4, 0
1, 1.836341, 0.632543, -1.936427, 0.469981, 0, 0, 0, -1, -4, 0
1, 1.839335, 0.623056, -1.924340, 0.472806, 0, 0, 0, -1, -4, 0
1, 1.840968, 0.646161, -1.884690, 0.467080, 0, 0, 0, -1, -4, 0
1, 1.842375, 0.628057, -1.900266, 0.457059, 0, 0, 0, -1, -4, 0
1, 1.845215, 0.631368, -1.893379, 0.474216, 0, 0, 0, -1, -4, 0
1, 1.848133, 0.646595, -1.873729, 0.474613, 0, 0, 0, -1, -4, 0
1, 1.851088, 0.636517, -1.861274, 0.476918, 0, 0, 0, -1, -4, 0
1, 1.852737, 0.661259, -1.818922, 0.470605, 0, 0, 0, -1, -4, 0
1, 1.854155, 0.640935, -1.836376, 0.460170, 0, 0, 0, -1, -4, 0
1, 1.856957, 0.641477, -1.828527, 0.475773, 0, 0, 0, -1, -4, 0
1, 1.859932, 0.653694, -1.812214, 0.476587, 0, 0, 0, -1, -4, 0
1, 1.862912, 0.644440, -1.801356, 0.477588, 0, 0, 0, -1, -4, 0
1, 1.864511, 0.670576, -1.760056, 0.470866, 0, 0, 0, -1, -4, 0
1, 1.865939, 0.651110, -1.777394, 0.462155, 0, 0, 0, -1, -4, 0
1, 1.868773, 0.650377, -1.769549, 0.477700, 0, 0, 0, -1, -4, 0
1, 1.871717, 0.665528, -1.750128, 0.477676, 0, 0, 0, -1, -4, 0
1, 1.874707, 0.656216, -1.738672, 0.479390, 0, 0, 0, -1, -4, 0
1, 1.876359, 0.680810, -1.698065, 0.473152, 0, 0, 0, -1, -4, 0
1, 1.877741, 0.663336, -1.713113, 0.463408, 0, 0, 0, -1, -4, 0
1, 1.880537, 0.664795, -1.707235, 0.476648, 0, 0, 0, -1, -4, 0
1, 1.883470, 0.680653, -1.687333, 0.476001, 0, 0, 0, -1, -4, 0
1, 1.886403, 0.669624, -1.674750, 0.475842, 0, 0, 0, -1, -4, 0
1, 1.887990, 0.689836, -1.639133, 0.470544, 0, 0, 0, -1, -4, 0
1, 1.889417, 0.673338, -1.652801, 0.461323, 0, 0, 0, -1, -4, 0
1, 1.892287, 0.674533, -1.646969, 0.474241, 0, 0, 0, -1, -4, 0
1, 1.893890, 0.690474, -1.611790, 0.471062, 0, 0, 0, -1, -4, 0
1, 1.895304, 0.676156, -1.620901, 0.460712, 0, 0, 0, -1, -4, 0
1, 1.898188, 0.680127, -1.616319, 0.473228, 0, 0, 0, -1, -4, 0
1, 1.901153, 0.695088, -1.598331, 0.471234, 0, 0, 0, -1, -4, 0
1, 1.904106, 0.684942, -1.586939, 0.470265, 0, 0, 0, -1, -4, 0
1, 1.905739, 0.704367, -1.552234, 0.467578, 0, 0, 0, -1, -4, 0
1, 1.907155, 0.689282, -1.566081, 0.458405, 0, 0, 0, -1, -4, 0
1, 1.910020, 0.688975, -1.558956, 0.469704, 0, 0, 0, -1, -4, 0
1, 1.912923, 0.705560, -1.539627, 0.466446, 0, 0, 0, -1, -4, 0
1, 1.915811, 0.694608, -1.527305, 0.465002, 0, 0, 0, -1, -4, 0
1, 1.917410, 0.716583, -1.490257, 0.461630, 0, 0, 0, -1, -4, 0
1, 1.918858, 0.701552, -1.505039, 0.451732, 0, 0, 0, -1, -4, 0
1, 1.921747, 0.700394, -1.497445, 0.460812, 0, 0, 0, -1, -4, 0
1, 1.924700, 0.717400, -1.478139, 0.456462, 0, 0, 0, -1, -4, 0
1, 1.927660, 0.709398, -1.468187, 0.457021, 0, 0, 0, -1, -4, 0
1, 1.929256, 0.730081, -1.431683, 0.454569, 0, 0, 0, -1, -4, 0
1, 1.930712, 0.713183, -1.447765, 0.445172, 0, 0, 0, -1, -4, 0
1, 1.933565, 0.712173, -1.441079, 0.456017, 0, 0, 0, -1, -4, 0
1, 1.935154, 0.730649, -1.405340, 0.452875, 0, 0, 0, -1, -4, 0
1, 1.936565, 0.716367, -1.417574, 0.441713, 0, 0, 0, -1, -4, 0
1, 1.939399, 0.716767, -1.410362, 0.450631, 0, 0, 0, -1, -4, 0
1, 1.942366, 0.730577, -1.393904, 0.447639, 0, 0, 0, -1, -4, 0
1, 1.945382, 0.715890, -1.384151, 0.430811, 0, 0, 0, -1, -4, 0
1, 1.948351, 0.730198, -1.366206, 0.434703, 0, 0, 0, -1, -4, 0
1, 1.951253, 0.728672, -1.356059, 0.441946, 0, 0, 0, -1, -4, 0
1, 1.954170, 0.744601, -1.337168, 0.438036, 0, 0, 0, -1, -4, 0
1, 1.957126, 0.734716, -1.325501, 0.436196, 0, 0, 0, -1, -4, 0
1, 1.958808, 0.752937, -1.295720, 0.438893, 0, 0, 0, -1, -4, 0
1, 1.960233, 0.746223, -1.307834, 0.428599, 0, 0, 0, -1, -4, 0
1, 1.963048, 0.740998, -1.294448, 0.430044, 0, 0, 0, -1, -4, 0
1, 1.964677, 0.758838, -1.266562, 0.430884, 0, 0, 0, -1, -4, 0
1, 1.966057, 0.748952, -1.282652, 0.419541, 0, 0, 0, -1, -4, 0
1, 1.969006, 0.740621, -1.271201, 0.407562, 0, 0, 0, -1, -4, 0
1, 1.971939, 0.754544, -1.254014, 0.411710, 0, 0, 0, -1, -4, 0
1, 1.974713, 0.751379, -1.243347, 0.419267, 0, 0, 0, -1, -4, 0
1, 1.976372, 0.775996, -1.206044, 0.417822, 0, 0, 0, -1, -4, 0
1, 1.977808, 0.761422, -1.225778, 0.406152, 0, 0, 0, -1, -4, 0
1, 1.980814, 0.754077, -1.215701, 0.396212, 0, 0, 0, -1, -4, 0
1, 1.983778, 0.767659, -1.199980, 0.399141, 0, 0, 0, -1, -4, 0
1, 1.986518, 0.762982, -1.188127, 0.404410, 0, 0, 0, -1, -4, 0
1, 1.988167, 0.783546, -1.156571, 0.404391, 0, 0, 0, -1, -4, 0
1, 1.989594, 0.772773, -1.172831, 0.393496, 0, 0, 0, -1, -4, 0
1, 1.992590, 0.765684, -1.162246, 0.382631, 0, 0, 0, -1, -4, 0
1, 1.995557, 0.780010, -1.145837, 0.385882, 0, 0, 0, -1, -4, 0
1, 1.998286, 0.773864, -1.132109, 0.389366, 0, 0, 0, -1, -4, 0
1, 1.999861, 0.798077, -1.098334, 0.388000, 0, 0, 0, -1, -4, 0
1, 2.001280, 0.784098, -1.120154, 0.375830, 0, 0, 0, -1, -4, 0
1, 2.004248, 0.775346, -1.108308, 0.365449, 0, 0, 0, -1, -4, 0
1, 2.007185, 0.789961, -1.092029, 0.368572, 0, 0, 0, -1, -4, 0
1, 2.010042, 0.784986, -1.078429, 0.373529, 0, 0, 0, -1, -4, 0
1, 2.011717, 0.810151, -1.042029, 0.372989, 0, 0, 0, -1, -4, 0
1, 2.013134, 0.795073, -1.065864, 0.358685, 0, 0, 0, -1, -4, 0
1, 2.016007, 0.786941, -1.053720, 0.347330, 0, 0, 0, -1, -4, 0
1, 2.018943, 0.800899, -1.037816, 0.351260, 0, 0, 0, -1, -4, 0
1, 2.021797, 0.796151, -1.025225, 0.356579, 0, 0, 0, -1, -4, 0
1, 2.023380, 0.820554, -0.991306, 0.356153, 0, 0, 0, -1, -4, 0
1, 2.024817, 0.807271, -1.014054, 0.342443, 0, 0, 0, -1, -4, 0
1, 2.027782, 0.799575, -1.001758, 0.330672, 0, 0, 0, -1, -4, 0
1, 2.030736, 0.812911, -0.988005, 0.332714, 0, 0, 0, -1, -4, 0
1, 2.033614, 0.807560, -0.973541, 0.337798, 0, 0, 0, -1, -4, 0
1, 2.035230, 0.831918, -0.937782, 0.338250, 0, 0, 0, -1, -4, 0
1, 2.036649, 0.818892, -0.959797, 0.323838, 0, 0, 0, -1, -4, 0
1, 2.039601, 0.810430, -0.946242, 0.311374, 0, 0, 0, -1, -4, 0
1, 2.042544, 0.824594, -0.932277, 0.313097, 0, 0, 0, -1, -4, 0
1, 2.045376, 0.820239, -0.917856, 0.316880, 0, 0, 0, -1, -4, 0
1, 2.046957, 0.843786, -0.885366, 0.318499, 0, 0, 0, -1, -4, 0
1, 2.048375, 0.829799, -0.911313, 0.302520, 0, 0, 0, -1, -4, 0
1, 2.051367, 0.822253, -0.898189, 0.289971, 0, 0, 0, -1, -4, 0
1, 2.054308, 0.834893, -0.885788, 0.291763, 0, 0, 0, -1, -4, 0
1, 2.057107, 0.828939, -0.870065, 0.296237, 0, 0, 0, -1, -4, 0
1, 2.058764, 0.854234, -0.833176, 0.296396, 0, 0, 0, -1, -4, 0
1, 2.060257, 0.839203, -0.858452, 0.279608, 0, 0, 0, -1, -4, 0
1, 2.063215, 0.831633, -0.845380, 0.267625, 0, 0, 0, -1, -4, 0
1, 2.066104, 0.844801, -0.832555, 0.269825, 0, 0, 0, -1, -4, 0
1, 2.068901, 0.840696, -0.818658, 0.273309, 0, 0, 0, -1, -4, 0
1, 2.070568, 0.866230, -0.782867, 0.272496, 0, 0, 0, -1, -4, 0
1, 2.072016, 0.852165, -0.807824, 0.255520, 0, 0, 0, -1, -4, 0
1, 2.074966, 0.846244, -0.795922, 0.243644, 0, 0, 0, -1, -4, 0
1, 2.077874, 0.858677, -0.784870, 0.244511, 0, 0, 0, -1, -4, 0
1, 2.080675, 0.852615, -0.767551, 0.247814, 0, 0, 0, -1, -4, 0
1, 2.082318, 0.876241, -0.733413, 0.249680, 0, 0, 0, -1, -4, 0
1, 2.083737, 0.861171, -0.759075, 0.233394, 0, 0, 0, -1, -4, 0
1, 2.086694, 0.854793, -0.744597, 0.218278, 0, 0, 0, -1, -4, 0
1, 2.089624, 0.867810, -0.735161, 0.216243, 0, 0, 0, -1, -4, 0
1, 2.092482, 0.863564, -0.719996, 0.224632, 0, 0, 0, -1, -4, 0
1, 2.094156, 0.892200, -0.677647, 0.225659, 0, 0, 0, -1, -4, 0
1, 2.095522, 0.871982, -0.711385, 0.202200, 0, 0, 0, -1, -4, 0
1, 2.098400, 0.864578, -0.696264, 0.187783, 0, 0, 0, -1, -4, 0
1, 2.101384, 0.878167, -0.685252, 0.188072, 0, 0, 0, -1, -4, 0
1, 2.104278, 0.875333, -0.669729, 0.194698, 0, 0, 0, -1, -4, 0
1, 2.105863, 0.901028, -0.630520, 0.197523, 0, 0, 0, -1, -4, 0
1, 2.107233, 0.883441, -0.661715, 0.174178, 0, 0, 0, -1, -4, 0
1, 2.110193, 0.875606, -0.644515, 0.157451, 0, 0, 0, -1, -4, 0
1, 2.113148, 0.886921, -0.635256, 0.158201, 0, 0, 0, -1, -4, 0
1, 2.115981, 0.886342, -0.623538, 0.171510, 0, 0, 0, -1, -4, 0
1, 2.117681, 0.919360, -0.573849, 0.172164, 0, 0, 0, -1, -4, 0
1, 2.119141, 0.892472, -0.614610, 0.144276, 0, 0, 0, -1, -4, 0
1, 2.122030, 0.886810, -0.600155, 0.129374, 0, 0, 0, -1, -4, 0
1, 2.124946, 0.898666, -0.590979, 0.129645, 0, 0, 0, -1, -4, 0
1, 2.127831, 0.895767, -0.577409, 0.142035, 0, 0, 0, -1, -4, 0
1, 2.129456, 0.930186, -0.525984, 0.140773, 0, 0, 0, -1, -4, 0
1, 2.130827, 0.904479, -0.564417, 0.113599, 0, 0, 0, -1, -4, 0
1, 2.133779, 0.898113, -0.550551, 0.100861, 0, 0, 0, -1, -4, 0
1, 2.136699, 0.909143, -0.543750, 0.098835, 0, 0, 0, -1, -4, 0
1, 2.139570, 0.905303, -0.525706, 0.106116, 0, 0, 0, -1, -4, 0
1, 2.141202, 0.935646, -0.480423, 0.107545, 0, 0, 0, -1, -4, 0
1, 2.142612, 0.912351, -0.517430, 0.080631, 0, 0, 0, -1, -4, 0
1, 2.145562, 0.907960, -0.503068, 0.064920, 0, 0, 0, -1, -4, 0
1, 2.148480, 0.918911, -0.495689, 0.064168, 0, 0, 0, -1, -4, 0
1, 2.151272, 0.917201, -0.484415, 0.077203, 0, 0, 0, -1, -4, 0
1, 2.152815, 0.951079, -0.433310, 0.074601, 0, 0, 0, -1, -4, 0
1, 2.154264, 0.922425, -0.472398, 0.046834, 0, 0, 0, -1, -4, 0
1, 2.157254, 0.916698, -0.456231, 0.030525, 0, 0, 0, -1, -4, 0
1, 2.160187, 0.928741, -0.448385, 0.029634, 0, 0, 0, -1, -4, 0
1, 2.163013, 0.926436, -0.437198, 0.043527, 0, 0, 0, -1, -4, 0
1, 2.164622, 0.957183, -0.389226, 0.042282, 0, 0, 0, -1, -4, 0
1, 2.166047, 0.933546, -0.422757, 0.016193, 0, 0, 0, -1, -4, 0
1, 2.169024, 0.927566, -0.407572, 0.001907, 0, 0, 0, -1, -4, 0
1, 2.171992, 0.938023, -0.397863, 0.006363, 0, 0, 0, -1, -4, 0
1, 2.174878, 0.942898, -0.396886, 0.036701, 0, 0, 0, -1, -4, 0
1, 2.177836, 0.949987, -0.381225, 0.040838, 0, 0, 0, -1, -4, 0
1, 2.180715, 0.952211, -0.381607, 0.054213, 0, 0, 0, -1, -4, 0
1, 2.183662, 0.958847, -0.366972, 0.058070, 0, 0, 0, -1, -4, 0
1, 2.186658, 0.958896, -0.364432, 0.068406, 0, 0, 0, -1, -4, 0
1, 2.189622, 0.964627, -0.350924, 0.072850, 0, 0, 0, -1, -4, 0
1, 2.192557, 0.966117, -0.351010, 0.083222, 0, 0, 0, -1, -4, 0
1, 2.194215, 1.002583, -0.292924, 0.088969, 0, 0, 0, -1, -4, 0
1, 2.195670, 0.971716, -0.333262, 0.063041, 0, 0, 0, -1, -4, 0
1, 2.198501, 0.976994, -0.336163, 0.099749, 0, 0, 0, -1, -4, 0
1, 2.201429, 0.983192, -0.320476, 0.106335, 0, 0, 0, -1, -4, 0
1, 2.210190, 0.991634, -0.300712, 0.125854, 0, 0, 0, -1, -4, 0
1, 2.211812, 1.028839, -0.243598, 0.131059, 0, 0, 0, -1, -4, 0
1, 2.213226, 0.998040, -0.283776, 0.105959, 0, 0, 0, -1, -4, 0
1, 2.216049, 1.002114, -0.286717, 0.141198, 0, 0, 0, -1, -4, 0
1, 2.218984, 1.008321, -0.273207, 0.145268, 0, 0, 0, -1, -4, 0
1, 2.227923, 1.017612, -0.256239, 0.170257, 0, 0, 0, -1, -4, 0
1, 2.229569, 1.059002, -0.192027, 0.175458, 0, 0, 0, -1, -4, 0
1, 2.231027, 1.020869, -0.240378, 0.143651, 0, 0, 0, -1, -4, 0
1, 2.239598, 1.034495, -0.224304, 0.191344, 0, 0, 0, -1, -4, 0
1, 2.242572, 1.041199, -0.210173, 0.195472, 0, 0, 0, -1, -4, 0
1, 2.253022, 1.092291, -0.131645, 0.219766, 0, 0, 0, -1, -4, 0
1, 2.258966, 1.114600, -0.101572, 0.239866, 0, 0, 0, -1, -4, 0
1, 2.276585, 1.128900, -0.067904, 0.259930, 0, 0, 0, -1, -4, 0
1, 2.282431, 1.152189, -0.034937, 0.281660, 0, 0, 0, -1, -4, 0
1, 2.300144, 1.167891, -0.004770, 0.298076, 0, 0, 0, -1, -4, 0
1, 2.306038, 1.182997, 0.017926, 0.312821, 0, 0, 0, -1, -4, 0
1, 2.323811, 1.200201, 0.051071, 0.329279, 0, 0, 0, -1, -4, 0
1, 2.329665, 1.216196, 0.072667, 0.343818, 0, 0, 0, -1, -4, 0
1, 2.338402, 1.222313, 0.088501, 0.339593, 0, 0, 0, -1, -4, 0
2, 3.243372, 0.468477, -3.192384, 0.116332, 0, 0, 0, -1, -4, 0
2, 3.253672, 0.528277, -3.042778, 0.175009, 0, 0, 0, -1, -4, 0
2, 3.255048, 0.478723, -3.123612, 0.148723, 0, 0, 0, -1, -4, 0
2, 3.265464, 0.530777, -2.982558, 0.199969, 0, 0, 0, -1, -4, 0
2, 3.266918, 0.483060, -3.056385, 0.173531, 0, 0, 0, -1, -4, 0
2, 3.277258, 0.535610, -2.916999, 0.223438, 0, 0, 0, -1, -4, 0
2, 3.278650, 0.487587, -2.983294, 0.199699, 0, 0, 0, -1, -4, 0
2, 3.294979, 0.545512, -2.826307, 0.255139, 0, 0, 0, -1, -4, 0
2, 3.296401, 0.501873, -2.885046, 0.235344, 0, 0, 0, -1, -4, 0
2, 3.306636, 0.548440, -2.764755, 0.276013, 0, 0, 0, -1, -4, 0
2, 3.308078, 0.501475, -2.822184, 0.251992, 0, 0, 0, -1, -4, 0
2, 3.318477, 0.557648, -2.698522, 0.296604, 0, 0, 0, -1, -4, 0
2, 3.319941, 0.510820, -2.754136, 0.269458, 0, 0, 0, -1, -4, 0
2, 3.330244, 0.564656, -2.633769, 0.312379, 0, 0, 0, -1, -4, 0
2, 3.331624, 0.521904, -2.688272, 0.291130, 0, 0, 0, -1, -4, 0
2, 3.337408, 0.547942, -2.645127, 0.334813, 0, 0, 0, -1, -4, 0
2, 3.343304, 0.550623, -2.616775, 0.341847, 0, 0, 0, -1, -4, 0
2, 3.347943, 0.579516, -2.542144, 0.339770, 0, 0, 0, -1, -4, 0
2, 3.349356, 0.538584, -2.593317, 0.320591, 0, 0, 0, -1, -4, 0
2, 3.355102, 0.558801, -2.554651, 0.356632, 0, 0, 0, -1, -4, 0
2, 3.359684, 0.585598, -2.484004, 0.350775, 0, 0, 0, -1, -4, 0
2, 3.361105, 0.549521, -2.526653, 0.334828, 0, 0, 0, -1, -4, 0
2, 3.366894, 0.568282, -2.491790, 0.370345, 0, 0, 0, -1, -4, 0
2, 3.371352, 0.594117, -2.422822, 0.365232, 0, 0, 0, -1, -4, 0
2, 3.372801, 0.558792, -2.463868, 0.349272, 0, 0, 0, -1, -4, 0
2, 3.378687, 0.580391, -2.426291, 0.384871, 0, 0, 0, -1, -4, 0
2, 3.383249, 0.600836, -2.363797, 0.378925, 0, 0, 0, -1, -4, 0
2, 3.384649, 0.569268, -2.398620, 0.362680, 0, 0, 0, -1, -4, 0
2, 3.390437, 0.590591, -2.365683, 0.391187, 0, 0, 0, -1, -4, 0
2, 3.395027, 0.606049, -2.303565, 0.387189, 0, 0, 0, -1, -4, 0
2, 3.396414, 0.575440, -2.335379, 0.371732, 0, 0, 0, -1, -4, 0
2, 3.402208, 0.595931, -2.303786, 0.401299, 0, 0, 0, -1, -4, 0
2, 3.406839, 0.618403, -2.242832, 0.396647, 0, 0, 0, -1, -4, 0
2, 3.408320, 0.587924, -2.272221, 0.380661, 0, 0, 0, -1, -4, 0
2, 3.411129, 0.595671, -2.262001, 0.407409, 0, 0, 0, -1, -4, 0
2, 3.414065, 0.609342, -2.242718, 0.409172, 0, 0, 0, -1, -4, 0
2, 3.416964, 0.599729, -2.230465, 0.411703, 0, 0, 0, -1, -4, 0
2, 3.418515, 0.625293, -2.185086, 0.402862, 0, 0, 0, -1, -4, 0
2, 3.419978, 0.598951, -2.208306, 0.390852, 0, 0, 0, -1, -4, 0
2, 3.422848, 0.605939, -2.200446, 0.416249, 0, 0, 0, -1, -4, 0
2, 3.425739, 0.621253, -2.181660, 0.415722, 0, 0, 0, -1, -4, 0
2, 3.428719, 0.609839, -2.168275, 0.417219, 0, 0, 0, -1, -4, 0
2, 3.430369, 0.634410, -2.124667, 0.410043, 0, 0, 0, -1, -4, 0
2, 3.431731, 0.609671, -2.148712, 0.396775, 0, 0, 0, -1, -4, 0
2, 3.434601, 0.615298, -2.139897, 0.419051, 0, 0, 0, -1, -4, 0
2, 3.437534, 0.630553, -2.121466, 0.418154, 0, 0, 0, -1, -4, 0
2, 3.440478, 0.621390, -2.109638, 0.420802, 0, 0, 0, -1, -4, 0
2, 3.442240, 0.647120, -2.065806, 0.415024, 0, 0, 0, -1, -4, 0
2, 3.443733, 0.624006, -2.088868, 0.403152, 0, 0, 0, -1, -4, 0
2, 3.446493, 0.625933, -2.078394, 0.423419, 0, 0, 0, -1, -4, 0
2, 3.449412, 0.640632, -2.060651, 0.422456, 0, 0, 0, -1, -4, 0
2, 3.452338, 0.632504, -2.050342, 0.424535, 0, 0, 0, -1, -4, 0
2, 3.453867, 0.656652, -2.006694, 0.418266, 0, 0, 0, -1, -4, 0
2, 3.455321, 0.633869, -2.027113, 0.406360, 0, 0, 0, -1, -4, 0
2, 3.458217, 0.636928, -2.018686, 0.425855, 0, 0, 0, -1, -4, 0
2, 3.461136, 0.653039, -2.000832, 0.423097, 0, 0, 0, -1, -4, 0
2, 3.464071, 0.643711, -1.989926, 0.424022, 0, 0, 0, -1, -4, 0
2, 3.465756, 0.668455, -1.942965, 0.415278, 0, 0, 0, -1, -4, 0
2, 3.467215, 0.641267, -1.965062, 0.402254, 0, 0, 0, -1, -4, 0
2, 3.470029, 0.648729, -1.960854, 0.425684, 0, 0, 0, -1, -4, 0
2, 3.472955, 0.662621, -1.944219, 0.424481, 0, 0, 0, -1, -4, 0
2, 3.475846, 0.651990, -1.932655, 0.424022, 0, 0, 0, -1, -4, 0
2, 3.477468, 0.678602, -1.886440, 0.414587, 0, 0, 0, -1, -4, 0
2, 3.478926, 0.654994, -1.904336, 0.404130, 0, 0, 0, -1, -4, 0
2, 3.481795, 0.659864, -1.900682, 0.423555, 0, 0, 0, -1, -4, 0
2, 3.484728, 0.675294, -1.883753, 0.420458, 0, 0, 0, -1, -4, 0
2, 3.487626, 0.665536, -1.871704, 0.422022, 0, 0, 0, -1, -4, 0
2, 3.489234, 0.684201, -1.833445, 0.418549, 0, 0, 0, -1, -4, 0
2, 3.490682, 0.665308, -1.849890, 0.406528, 0, 0, 0, -1, -4, 0
2, 3.493537, 0.668812, -1.843622, 0.421263, 0, 0, 0, -1, -4, 0
2, 3.496500, 0.684186, -1.826509, 0.418199, 0, 0, 0, -1, -4, 0
2, 3.499407, 0.675787, -1.816169, 0.419357, 0, 0, 0, -1, -4, 0
2, 3.500951, 0.698515, -1.775713, 0.414361, 0, 0, 0, -1, -4, 0
2, 3.502369, 0.678642, -1.795790, 0.400993, 0, 0, 0, -1, -4, 0
2, 3.505211, 0.680988, -1.788310, 0.414752, 0, 0, 0, -1, -4, 0
2, 3.508146, 0.696209, -1.770575, 0.412362, 0, 0, 0, -1, -4, 0
2, 3.511109, 0.686351, -1.758891, 0.412707, 0, 0, 0, -1, -4, 0
2, 3.512759, 0.703176, -1.723978, 0.411705, 0, 0, 0, -1, -4, 0
2, 3.514177, 0.688674, -1.738852, 0.398656, 0, 0, 0, -1, -4, 0
2, 3.516982, 0.692035, -1.731708, 0.409505, 0, 0, 0, -1, -4, 0
2, 3.519916, 0.707314, -1.713049, 0.407894, 0, 0, 0, -1, -4, 0
2, 3.522831, 0.698958, -1.702704, 0.408663, 0, 0, 0, -1, -4, 0
2, 3.524408, 0.721447, -1.665633, 0.404030, 0, 0, 0, -1, -4, 0
2, 3.525868, 0.703749, -1.684438, 0.392787, 0, 0, 0, -1, -4, 0
2, 3.528734, 0.704326, -1.676479, 0.406180, 0, 0, 0, -1, -4, 0
2, 3.531681, 0.721779, -1.657427, 0.401467, 0, 0, 0, -1, -4, 0
2, 3.534635, 0.711633, -1.646299, 0.399535, 0, 0, 0, -1, -4, 0
2, 3.536260, 0.728349, -1.611959, 0.398366, 0, 0, 0, -1, -4, 0
2, 3.537712, 0.715209, -1.625944, 0.384712, 0, 0, 0, -1, -4, 0
2, 3.540610, 0.718527, -1.618218, 0.394878, 0, 0, 0, -1, -4, 0
2, 3.543512, 0.729505, -1.603741, 0.394592, 0, 0, 0, -1, -4, 0
2, 3.546424, 0.719024, -1.592794, 0.391135, 0, 0, 0, -1, -4, 0
2, 3.548156, 0.736351, -1.559778, 0.388264, 0, 0, 0, -1, -4, 0
2, 3.549545, 0.723967, -1.571797, 0.376806, 0, 0, 0, -1, -4, 0
2, 3.552328, 0.726562, -1.565675, 0.385776, 0, 0, 0, -1, -4, 0
2, 3.555257, 0.742266, -1.547935, 0.381693, 0, 0, 0, -1, -4, 0
2, 3.558186, 0.732550, -1.537024, 0.379426, 0, 0, 0, -1, -4, 0
2, 3.559833, 0.745055, -1.512725, 0.381323, 0, 0, 0, -1, -4, 0
2, 3.561220, 0.739844, -1.522144, 0.370000, 0, 0, 0, -1, -4, 0
2, 3.564060, 0.739101, -1.510887, 0.373868, 0, 0, 0, -1, -4, 0
2, 3.565749, 0.754463, -1.479689, 0.373991, 0, 0, 0, -1, -4, 0
2, 3.567182, 0.742478, -1.493890, 0.361028, 0, 0, 0, -1, -4, 0
2, 3.570000, 0.743050, -1.484999, 0.367796, 0, 0, 0, -1, -4, 0
2, 3.571679, 0.764885, -1.447507, 0.364035, 0, 0, 0, -1, -4, 0
2, 3.573081, 0.748809, -1.464811, 0.351942, 0, 0, 0, -1, -4, 0
2, 3.575866, 0.749907, -1.458043, 0.362491, 0, 0, 0, -1, -4, 0
2, 3.578826, 0.765247, -1.441404, 0.357044, 0, 0, 0, -1, -4, 0
2, 3.581734, 0.755242, -1.430094, 0.353895, 0, 0, 0, -1, -4, 0
2, 3.583325, 0.778994, -1.393231, 0.351438, 0, 0, 0, -1, -4, 0
2, 3.584763, 0.763182, -1.413628, 0.339645, 0, 0, 0, -1, -4, 0
2, 3.587696, 0.755604, -1.403826, 0.328751, 0, 0, 0, -1, -4, 0
2, 3.590641, 0.769569, -1.387022, 0.331835, 0, 0, 0, -1, -4, 0
2, 3.593559, 0.767153, -1.377524, 0.339293, 0, 0, 0, -1, -4, 0
2, 3.596486, 0.781694, -1.361187, 0.334359, 0, 0, 0, -1, -4, 0
2, 3.599362, 0.773238, -1.350734, 0.332865, 0, 0, 0, -1, -4, 0
2, 3.601054, 0.795864, -1.315208, 0.330903, 0, 0, 0, -1, -4, 0
2, 3.602551, 0.779967, -1.336653, 0.317974, 0, 0, 0, -1, -4, 0
2, 3.605414, 0.772697, -1.326608, 0.306905, 0, 0, 0, -1, -4, 0
2, 3.608377, 0.786231, -1.311727, 0.308557, 0, 0, 0, -1, -4, 0
2, 3.611262, 0.783858, -1.300640, 0.315574, 0, 0, 0, -1, -4, 0
2, 3.612861, 0.808353, -1.264290, 0.313542, 0, 0, 0, -1, -4, 0
2, 3.614273, 0.793093, -1.286497, 0.300590, 0, 0, 0, -1, -4, 0
2, 3.617050, 0.787969, -1.273113, 0.307590, 0, 0, 0, -1, -4, 0
2, 3.618665, 0.813059, -1.236609, 0.306041, 0, 0, 0, -1, -4, 0
2, 3.620094, 0.798204, -1.260700, 0.291155, 0, 0, 0, -1, -4, 0
2, 3.623091, 0.791205, -1.249920, 0.278925, 0, 0, 0, -1, -4, 0
2, 3.626040, 0.804539, -1.234686, 0.281880, 0, 0, 0, -1, -4, 0
2, 3.628828, 0.801635, -1.223166, 0.289022, 0, 0, 0, -1, -4, 0
2, 3.630465, 0.825439, -1.187750, 0.287757, 0, 0, 0, -1, -4, 0
2, 3.631856, 0.809763, -1.212354, 0.272624, 0, 0, 0, -1, -4, 0
2, 3.634814, 0.799458, -1.198840, 0.260073, 0, 0, 0, -1, -4, 0
2, 3.637782, 0.813189, -1.183771, 0.262724, 0, 0, 0, -1, -4, 0
2, 3.640570, 0.811405, -1.172189, 0.268250, 0, 0, 0, -1, -4, 0
2, 3.642165, 0.830090, -1.140206, 0.269069, 0, 0, 0, -1, -4, 0
2, 3.643660, 0.817842, -1.160285, 0.253178, 0, 0, 0, -1, -4, 0
2, 3.646597, 0.812980, -1.149707, 0.239285, 0, 0, 0, -1, -4, 0
2, 3.649488, 0.825920, -1.136327, 0.240976, 0, 0, 0, -1, -4, 0
2, 3.652425, 0.822342, -1.123372, 0.246314, 0, 0, 0, -1, -4, 0
2, 3.654031, 0.844698, -1.087817, 0.245138, 0, 0, 0, -1, -4, 0
2, 3.655411, 0.829507, -1.110346, 0.229801, 0, 0, 0, -1, -4, 0
2, 3.658352, 0.821883, -1.097554, 0.215983, 0, 0, 0, -1, -4, 0
2, 3.661255, 0.836089, -1.082960, 0.218142, 0, 0, 0, -1, -4, 0
2, 3.664164, 0.833368, -1.071255, 0.223559, 0, 0, 0, -1, -4, 0
2, 3.665796, 0.858514, -1.035547, 0.221194, 0, 0, 0, -1, -4, 0
2, 3.667299, 0.843025, -1.061249, 0.204816, 0, 0, 0, -1, -4, 0
2, 3.670262, 0.835589, -1.049026, 0.192290, 0, 0, 0, -1, -4, 0
2, 3.673108, 0.848095, -1.037037, 0.193384, 0, 0, 0, -1, -4, 0
2, 3.676020, 0.844512, -1.023162, 0.197834, 0, 0, 0, -1, -4, 0
2, 3.677627, 0.867790, -0.989167, 0.197543, 0, 0, 0, -1, -4, 0
2, 3.678972, 0.854486, -1.013474, 0.180858, 0, 0, 0, -1, -4, 0
2, 3.681881, 0.846044, -0.999840, 0.167548, 0, 0, 0, -1, -4, 0
2, 3.684826, 0.859349, -0.987871, 0.168082, 0, 0, 0, -1, -4, 0
2, 3.687757, 0.858172, -0.974453, 0.172968, 0, 0, 0, -1, -4, 0
2, 3.689351, 0.880737, -0.938026, 0.173599, 0, 0, 0, -1, -4, 0
2, 3.690699, 0.864878, -0.964897, 0.153576, 0, 0, 0, -1, -4, 0
2, 3.693641, 0.860005, -0.952806, 0.138677, 0, 0, 0, -1, -4, 0
2, 3.696596, 0.870623, -0.943190, 0.139426, 0, 0, 0, -1, -4, 0
2, 3.699504, 0.865837, -0.927936, 0.146023, 0, 0, 0, -1, -4, 0
2, 3.701141, 0.892707, -0.888793, 0.144853, 0, 0, 0, -1, -4, 0
2, 3.702533, 0.873569, -0.920599, 0.123969, 0, 0, 0, -1, -4, 0
2, 3.705474, 0.865846, -0.906251, 0.109263, 0, 0, 0, -1, -4, 0
2, 3.708391, 0.878738, -0.894676, 0.110474, 0, 0, 0, -1, -4, 0
2, 3.711214, 0.875857, -0.880906, 0.117048, 0, 0, 0, -1, -4, 0
2, 3.712834, 0.903579, -0.843001, 0.115939, 0, 0, 0, -1, -4, 0
2, 3.714246, 0.886903, -0.872304, 0.097963, 0, 0, 0, -1, -4, 0
2, 3.717154, 0.879809, -0.857773, 0.082600, 0, 0, 0, -1, -4, 0
2, 3.720107, 0.892554, -0.848315, 0.081250, 0, 0, 0, -1, -4, 0
2, 3.723047, 0.888693, -0.833484, 0.087414, 0, 0, 0, -1, -4, 0
2, 3.724626, 0.913004, -0.796880, 0.087234, 0, 0, 0, -1, -4, 0
2, 3.725988, 0.896669, -0.826077, 0.065554, 0, 0, 0, -1, -4, 0
2, 3.728947, 0.889613, -0.811742, 0.050806, 0, 0, 0, -1, -4, 0
2, 3.731910, 0.899082, -0.803330, 0.052185, 0, 0, 0, -1, -4, 0
2, 3.734801, 0.897129, -0.790816, 0.060375, 0, 0, 0, -1, -4, 0
2, 3.736454, 0.926858, -0.747825, 0.057058, 0, 0, 0, -1, -4, 0
2, 3.737930, 0.906329, -0.780335, 0.034807, 0, 0, 0, -1, -4, 0
2, 3.740861, 0.900520, -0.766206, 0.019210, 0, 0, 0, -1, -4, 0
2, 3.743786, 0.911051, -0.759010, 0.017823, 0, 0, 0, -1, -4, 0
2, 3.746647, 0.907807, -0.744562, 0.028652, 0, 0, 0, -1, -4, 0
2, 3.748257, 0.934998, -0.703437, 0.029201, 0, 0, 0, -1, -4, 0
2, 3.749619, 0.916556, -0.730656, 0.012958, 0, 0, 0, -1, -4, 0
2, 3.758348, 0.928180, -0.713694, 0.051420, 0, 0, 0, -1, -4, 0
2, 3.761277, 0.935273, -0.699099, 0.054721, 0, 0, 0, -1, -4, 0
2, 3.764230, 0.937405, -0.699114, 0.065164, 0, 0, 0, -1, -4, 0
2, 3.765868, 0.960898, -0.658497, 0.071736, 0, 0, 0, -1, -4, 0
2, 3.767258, 0.940428, -0.687952, 0.053405, 0, 0, 0, -1, -4, 0
2, 3.770050, 0.945190, -0.685413, 0.082225, 0, 0, 0, -1, -4, 0
2, 3.773014, 0.950096, -0.671341, 0.089390, 0, 0, 0, -1, -4, 0
2, 3.775958, 0.950540, -0.668973, 0.099145, 0, 0, 0, -1, -4, 0
2, 3.778862, 0.958160, -0.654484, 0.101629, 0, 0, 0, -1, -4, 0
2, 3.781829, 0.961459, -0.655743, 0.115461, 0, 0, 0, -1, -4, 0
2, 3.783482, 0.994706, -0.602585, 0.119566, 0, 0, 0, -1, -4, 0
2, 3.784873, 0.966346, -0.641593, 0.096459, 0, 0, 0, -1, -4, 0
2, 3.793644, 0.976077, -0.621989, 0.137584, 0, 0, 0, -1, -4, 0
2, 3.796763, 0.982095, -0.608947, 0.141599, 0, 0, 0, -1, -4, 0
2, 3.805513, 0.990189, -0.593568, 0.159696, 0, 0, 0, -1, -4, 0
2, 3.807138, 1.016390, -0.549967, 0.167243, 0, 0, 0, -1, -4, 0
2, 3.808471, 0.995026, -0.582224, 0.146198, 0, 0, 0, -1, -4, 0
2, 3.817231, 1.005006, -0.565021, 0.182942, 0, 0, 0, -1, -4, 0
2, 3.820235, 1.013696, -0.549191, 0.185544, 0, 0, 0, -1, -4, 0
2, 3.829026, 1.022182, -0.532760, 0.203989, 0, 0, 0, -1, -4, 0
2, 3.831945, 1.029688, -0.520196, 0.204913, 0, 0, 0, -1, -4, 0
2, 3.840797, 1.037865, -0.505119, 0.223002, 0, 0, 0, -1, -4, 0
2, 3.842392, 1.070659, -0.455508, 0.229541, 0, 0, 0, -1, -4, 0
2, 3.843856, 1.043554, -0.495493, 0.205587, 0, 0, 0, -1, -4, 0
2, 3.852612, 1.053429, -0.475397, 0.242264, 0, 0, 0, -1, -4, 0
2, 3.855579, 1.061916, -0.461611, 0.242920, 0, 0, 0, -1, -4, 0
2, 3.864387, 1.068553, -0.444540, 0.259791, 0, 0, 0, -1, -4, 0
2, 3.867352, 1.076022, -0.433161, 0.259425, 0, 0, 0, -1, -4, 0
2, 3.876129, 1.085217, -0.418704, 0.272617, 0, 0, 0, -1, -4, 0
2, 3.879048, 1.092393, -0.406924, 0.273479, 0, 0, 0, -1, -4, 0
2, 3.882035, 1.091473, -0.410948, 0.252645, 0, 0, 0, -1, -4, 0
2, 3.885020, 1.101532, -0.396996, 0.262290, 0, 0, 0, -1, -4, 0
2, 3.887916, 1.101193, -0.391833, 0.287622, 0, 0, 0, -1, -4, 0
2, 3.890879, 1.108963, -0.380365, 0.286918, 0, 0, 0, -1, -4, 0
2, 3.899720, 1.117368, -0.364121, 0.299990, 0, 0, 0, -1, -4, 0
2, 3.902618, 1.124664, -0.351922, 0.301354, 0, 0, 0, -1, -4, 0
2, 3.911484, 1.131911, -0.334117, 0.312337, 0, 0, 0, -1, -4, 0
2, 3.913057, 1.176060, -0.276990, 0.318300, 0, 0, 0, -1, -4, 0
2, 3.914509, 1.143302, -0.329389, 0.288486, 0, 0, 0, -1, -4, 0
2, 3.936653, 1.209960, -0.220587, 0.338432, 0, 0, 0, -1, -4, 0
2, 3.945498, 1.226856, -0.194441, 0.353625, 0, 0, 0, -1, -4, 0
2, 3.954297, 1.238334, -0.175800, 0.347166, 0, 0, 0, -1, -4, 0
2, 3.963078, 1.250249, -0.153620, 0.359396, 0, 0, 0, -1, -4, 0
2, 3.971904, 1.262287, -0.133951, 0.352683, 0, 0, 0, -1, -4, 0
2, 3.992633, 1.291383, -0.086037, 0.359984, 0, 0, 0, -1, -4, 0
2, 3.998534, 1.303424, -0.070753, 0.354477, 0, 0, 0, -1, -4, 0
3, 4.850394, 0.461846, -3.218876, 0.109284, 0, 0, 0, -1, -4, 0
3, 4.866611, 0.525358, -3.039485, 0.178513, 0, 0, 0, -1, -4, 0
3, 4.868000, 0.474067, -3.123828, 0.150042, 0, 0, 0, -1, -4, 0
3, 4.878416, 0.528522, -2.985668, 0.200528, 0, 0, 0, -1, -4, 0
3, 4.879775, 0.478181, -3.062516, 0.174342, 0, 0, 0, -1, -4, 0
3, 4.890160, 0.530735, -2.929836, 0.224662, 0, 0, 0, -1, -4, 0
3, 4.891611, 0.482467, -2.997279, 0.198105, 0, 0, 0, -1, -4, 0
3, 4.907787, 0.542244, -2.844390, 0.254255, 0, 0, 0, -1, -4, 0
3, 4.909222, 0.496887, -2.908187, 0.231124, 0, 0, 0, -1, -4, 0
3, 4.919633, 0.541054, -2.793229, 0.273742, 0, 0, 0, -1, -4, 0
3, 4.920997, 0.496485, -2.852734, 0.249588, 0, 0, 0, -1, -4, 0
3, 4.929733, 0.485908, -2.821435, 0.256082, 0, 0, 0, -1, -4, 0
3, 4.931265, 0.544641, -2.736708, 0.290076, 0, 0, 0, -1, -4, 0
3, 4.943159, 0.554948, -2.676028, 0.308462, 0, 0, 0, -1, -4, 0
3, 4.944586, 0.507902, -2.731433, 0.282780, 0, 0, 0, -1, -4, 0
3, 4.960808, 0.563220, -2.593788, 0.330834, 0, 0, 0, -1, -4, 0
3, 4.962260, 0.521899, -2.642176, 0.313571, 0, 0, 0, -1, -4, 0
3, 4.968101, 0.545839, -2.605381, 0.350859, 0, 0, 0, -1, -4, 0
3, 4.972761, 0.570477, -2.536239, 0.343158, 0, 0, 0, -1, -4, 0
3, 4.974154, 0.530119, -2.585991, 0.323471, 0, 0, 0, -1, -4, 0
3, 4.979828, 0.549810, -2.550888, 0.360761, 0, 0, 0, -1, -4, 0
3, 4.984335, 0.575126, -2.484427, 0.353602, 0, 0, 0, -1, -4, 0
3, 4.985757, 0.537152, -2.528925, 0.334891, 0, 0, 0, -1, -4, 0
3, 4.991597, 0.559858, -2.492101, 0.368024, 0, 0, 0, -1, -4, 0
3, 4.996180, 0.580345, -2.428969, 0.366159, 0, 0, 0, -1, -4, 0
3, 4.997549, 0.545536, -2.469745, 0.348817, 0, 0, 0, -1, -4, 0
3, 5.003371, 0.564366, -2.434831, 0.380622, 0, 0, 0, -1, -4, 0
3, 5.007985, 0.584718, -2.376226, 0.377284, 0, 0, 0, -1, -4, 0
3, 5.009303, 0.555876, -2.406975, 0.361394, 0, 0, 0, -1, -4, 0
3, 5.015158, 0.573680, -2.377367, 0.386546, 0, 0, 0, -1, -4, 0
3, 5.019643, 0.592726, -2.318408, 0.382798, 0, 0, 0, -1, -4, 0
3, 5.021039, 0.561412, -2.353356, 0.364960, 0, 0, 0, -1, -4, 0
3, 5.026874, 0.582719, -2.325561, 0.392784, 0, 0, 0, -1, -4, 0
3, 5.029881, 0.556274, -2.320515, 0.361778, 0, 0, 0, -1, -4, 0
3, 5.031531, 0.600286, -2.266669, 0.385492, 0, 0, 0, -1, -4, 0
3, 5.032840, 0.585521, -2.298068, 0.396787, 0, 0, 0, -1, -4, 0
3, 5.035718, 0.576453, -2.286826, 0.398786, 0, 0, 0, -1, -4, 0
3, 5.038634, 0.591796, -2.269680, 0.396487, 0, 0, 0, -1, -4, 0
3, 5.041597, 0.583931, -2.258816, 0.399620, 0, 0, 0, -1, -4, 0
3, 5.043254, 0.608491, -2.211390, 0.391075, 0, 0, 0, -1, -4, 0
3, 5.044637, 0.578408, -2.239907, 0.375618, 0, 0, 0, -1, -4, 0
3, 5.047524, 0.586171, -2.230474, 0.401884, 0, 0, 0, -1, -4, 0
3, 5.050445, 0.599811, -2.213659, 0.401201, 0, 0, 0, -1, -4, 0
3, 5.053391, 0.589637, -2.202375, 0.401774, 0, 0, 0, -1, -4, 0
3, 5.055017, 0.615029, -2.157371, 0.394539, 0, 0, 0, -1, -4, 0
3, 5.056392, 0.587830, -2.184668, 0.381094, 0, 0, 0, -1, -4, 0
3, 5.059276, 0.593748, -2.175745, 0.404937, 0, 0, 0, -1, -4, 0
3, 5.062203, 0.608043, -2.158641, 0.403725, 0, 0, 0, -1, -4, 0
3, 5.065152, 0.598795, -2.147974, 0.404688, 0, 0, 0, -1, -4, 0
3, 5.066801, 0.625455, -2.103478, 0.396676, 0, 0, 0, -1, -4, 0
3, 5.068144, 0.599446, -2.130289, 0.383167, 0, 0, 0, -1, -4, 0
3, 5.070963, 0.603162, -2.121225, 0.403558, 0, 0, 0, -1, -4, 0
3, 5.073924, 0.616215, -2.106049, 0.401944, 0, 0, 0, -1, -4, 0
3, 5.076878, 0.606643, -2.095417, 0.402281, 0, 0, 0, -1, -4, 0
3, 5.078491, 0.633572, -2.050389, 0.393854, 0, 0, 0, -1, -4, 0
3, 5.079919, 0.607714, -2.076435, 0.380267, 0, 0, 0, -1, -4, 0
3, 5.082758, 0.612832, -2.068332, 0.401789, 0, 0, 0, -1, -4, 0
3, 5.085678, 0.626004, -2.051645, 0.401416, 0, 0, 0, -1, -4, 0
3, 5.088640, 0.615688, -2.040209, 0.401579, 0, 0, 0, -1, -4, 0
3, 5.090260, 0.640507, -1.993546, 0.391360, 0, 0, 0, -1, -4, 0
3, 5.091661, 0.611569, -2.018853, 0.376402, 0, 0, 0, -1, -4, 0
3, 5.094530, 0.619152, -2.014020, 0.398541, 0, 0, 0, -1, -4, 0
3, 5.097548, 0.634989, -1.996571, 0.395321, 0, 0, 0, -1, -4, 0
3, 5.100495, 0.626763, -1.986225, 0.397086, 0, 0, 0, -1, -4, 0
3, 5.102105, 0.650126, -1.941930, 0.389896, 0, 0, 0, -1, -4, 0
3, 5.103549, 0.623505, -1.966274, 0.376366, 0, 0, 0, -1, -4, 0
3, 5.106351, 0.629030, -1.960992, 0.396413, 0, 0, 0, -1, -4, 0
3, 5.109321, 0.643059, -1.943986, 0.395048, 0, 0, 0, -1, -4, 0
3, 5.112257, 0.634011, -1.934325, 0.394243, 0, 0, 0, -1, -4, 0
3, 5.113811, 0.652130, -1.898080, 0.387529, 0, 0, 0, -1, -4, 0
3, 5.115294, 0.633328, -1.914224, 0.374398, 0, 0, 0, -1, -4, 0
3, 5.118171, 0.639852, -1.908579, 0.390756, 0, 0, 0, -1, -4, 0
3, 5.121185, 0.653286, -1.893107, 0.388411, 0, 0, 0, -1, -4, 0
3, 5.124172, 0.642677, -1.881800, 0.387226, 0, 0, 0, -1, -4, 0
3, 5.125703, 0.661263, -1.842828, 0.382457, 0, 0, 0, -1, -4, 0
3, 5.127058, 0.641200, -1.860558, 0.368882, 0, 0, 0, -1, -4, 0
3, 5.129951, 0.647946, -1.855981, 0.384918, 0, 0, 0, -1, -4, 0
3, 5.132906, 0.662195, -1.840565, 0.381171, 0, 0, 0, -1, -4, 0
3, 5.135776, 0.652666, -1.830765, 0.379264, 0, 0, 0, -1, -4, 0
3, 5.137299, 0.667751, -1.795880, 0.376047, 0, 0, 0, -1, -4, 0
3, 5.138806, 0.651723, -1.808381, 0.364128, 0, 0, 0, -1, -4, 0
3, 5.141822, 0.657018, -1.803687, 0.376928, 0, 0, 0, -1, -4, 0
3, 5.143358, 0.679174, -1.764450, 0.369092, 0, 0, 0, -1, -4, 0
3, 5.144741, 0.656753, -1.785947, 0.355848, 0, 0, 0, -1, -4, 0
3, 5.147624, 0.661051, -1.781228, 0.371108, 0, 0, 0, -1, -4, 0
3, 5.150540, 0.675938, -1.764445, 0.367599, 0, 0, 0, -1, -4, 0
3, 5.153465, 0.664560, -1.752250, 0.365550, 0, 0, 0, -1, -4, 0
3, 5.155076, 0.689514, -1.713031, 0.359286, 0, 0, 0, -1, -4, 0
3, 5.156477, 0.669336, -1.735877, 0.346807, 0, 0, 0, -1, -4, 0
3, 5.165189, 0.672487, -1.702200, 0.354315, 0, 0, 0, -1, -4, 0
3, 5.166821, 0.690545, -1.666812, 0.349473, 0, 0, 0, -1, -4, 0
3, 5.168183, 0.674874, -1.681834, 0.336081, 0, 0, 0, -1, -4, 0
3, 5.171106, 0.681037, -1.677188, 0.348819, 0, 0, 0, -1, -4, 0
3, 5.174056, 0.694265, -1.662301, 0.345171, 0, 0, 0, -1, -4, 0
3, 5.177007, 0.684789, -1.652398, 0.342351, 0, 0, 0, -1, -4, 0
3, 5.178636, 0.703664, -1.619379, 0.340205, 0, 0, 0, -1, -4, 0
3, 5.179992, 0.689353, -1.637436, 0.327332, 0, 0, 0, -1, -4, 0
3, 5.182933, 0.689247, -1.627867, 0.335742, 0, 0, 0, -1, -4, 0
3, 5.184591, 0.711222, -1.591533, 0.332037, 0, 0, 0, -1, -4, 0
3, 5.185928, 0.694186, -1.613122, 0.317968, 0, 0, 0, -1, -4, 0
3, 5.188800, 0.693584, -1.602767, 0.327699, 0, 0, 0, -1, -4, 0
3, 5.190437, 0.716415, -1.563049, 0.323630, 0, 0, 0, -1, -4, 0
3, 5.191763, 0.695331, -1.586645, 0.309922, 0, 0, 0, -1, -4, 0
3, 5.194734, 0.687884, -1.577987, 0.299185, 0, 0, 0, -1, -4, 0
3, 5.197740, 0.702577, -1.560385, 0.301771, 0, 0, 0, -1, -4, 0
3, 5.200517, 0.703660, -1.553013, 0.312705, 0, 0, 0, -1, -4, 0
3, 5.203407, 0.717499, -1.537233, 0.308449, 0, 0, 0, -1, -4, 0
3, 5.206447, 0.701871, -1.527307, 0.285890, 0, 0, 0, -1, -4, 0
3, 5.209421, 0.713044, -1.514410, 0.287483, 0, 0, 0, -1, -4, 0
3, 5.212283, 0.712327, -1.505245, 0.296919, 0, 0, 0, -1, -4, 0
3, 5.213853, 0.736637, -1.466639, 0.292058, 0, 0, 0, -1, -4, 0
3, 5.215288, 0.718237, -1.489799, 0.277831, 0, 0, 0, -1, -4, 0
3, 5.218270, 0.712044, -1.481376, 0.266875, 0, 0, 0, -1, -4, 0
3, 5.221247, 0.722879, -1.468174, 0.269588, 0, 0, 0, -1, -4, 0
3, 5.224083, 0.719413, -1.457708, 0.278455, 0, 0, 0, -1, -4, 0
3, 5.226966, 0.734182, -1.440887, 0.273268, 0, 0, 0, -1, -4, 0
3, 5.229978, 0.720548, -1.431796, 0.251957, 0, 0, 0, -1, -4, 0
3, 5.232935, 0.732779, -1.418969, 0.252608, 0, 0, 0, -1, -4, 0
3, 5.235814, 0.734824, -1.411987, 0.261540, 0, 0, 0, -1, -4, 0
3, 5.237457, 0.754274, -1.375314, 0.257554, 0, 0, 0, -1, -4, 0
3, 5.238858, 0.737656, -1.393867, 0.242579, 0, 0, 0, -1, -4, 0
3, 5.241699, 0.737956, -1.385358, 0.249350, 0, 0, 0, -1, -4, 0
3, 5.243334, 0.760474, -1.350258, 0.245278, 0, 0, 0, -1, -4, 0
3, 5.244722, 0.744157, -1.372231, 0.231498, 0, 0, 0, -1, -4, 0
3, 5.247570, 0.740599, -1.360607, 0.237845, 0, 0, 0, -1, -4, 0
3, 5.249202, 0.761311, -1.326803, 0.235215, 0, 0, 0, -1, -4, 0
3, 5.250616, 0.745027, -1.349272, 0.220615, 0, 0, 0, -1, -4, 0
3, 5.253571, 0.738060, -1.338650, 0.207224, 0, 0, 0, -1, -4, 0
3, 5.256504, 0.751556, -1.323811, 0.209554, 0, 0, 0, -1, -4, 0
3, 5.259369, 0.749965, -1.315054, 0.215853, 0, 0, 0, -1, -4, 0
3, 5.261020, 0.770650, -1.282996, 0.211960, 0, 0, 0, -1, -4, 0
3, 5.262452, 0.757440, -1.303353, 0.196830, 0, 0, 0, -1, -4, 0
3, 5.265337, 0.749907, -1.292495, 0.184228, 0, 0, 0, -1, -4, 0
3, 5.268272, 0.760657, -1.281151, 0.185788, 0, 0, 0, -1, -4, 0
3, 5.271189, 0.760227, -1.271611, 0.191499, 0, 0, 0, -1, -4, 0
3, 5.272783, 0.779072, -1.238950, 0.189166, 0, 0, 0, -1, -4, 0
3, 5.274178, 0.765659, -1.257718, 0.174436, 0, 0, 0, -1, -4, 0
3, 5.277119, 0.759201, -1.247249, 0.161597, 0, 0, 0, -1, -4, 0
3, 5.280052, 0.770486, -1.236056, 0.162547, 0, 0, 0, -1, -4, 0
3, 5.282904, 0.766946, -1.223391, 0.166016, 0, 0, 0, -1, -4, 0
3, 5.284523, 0.790842, -1.188920, 0.162159, 0, 0, 0, -1, -4, 0
3, 5.285948, 0.775654, -1.211205, 0.149370, 0, 0, 0, -1, -4, 0
3, 5.288924, 0.767380, -1.199848, 0.137640, 0, 0, 0, -1, -4, 0
3, 5.291869, 0.778633, -1.190854, 0.135911, 0, 0, 0, -1, -4, 0
3, 5.294739, 0.775935, -1.178481, 0.138842, 0, 0, 0, -1, -4, 0
3, 5.296370, 0.795566, -1.148634, 0.137531, 0, 0, 0, -1, -4, 0
3, 5.297734, 0.782098, -1.170490, 0.123365, 0, 0, 0, -1, -4, 0
3, 5.300643, 0.774209, -1.157829, 0.108865, 0, 0, 0, -1, -4, 0
3, 5.303579, 0.787930, -1.145558, 0.108929, 0, 0, 0, -1, -4, 0
3, 5.306475, 0.786667, -1.134744, 0.113476, 0, 0, 0, -1, -4, 0
3, 5.308089, 0.807756, -1.102055, 0.110855, 0, 0, 0, -1, -4, 0
3, 5.309499, 0.794153, -1.123363, 0.095910, 0, 0, 0, -1, -4, 0
3, 5.312469, 0.787520, -1.111052, 0.080902, 0, 0, 0, -1, -4, 0
3, 5.315390, 0.799195, -1.101458, 0.080078, 0, 0, 0, -1, -4, 0
3, 5.318284, 0.794966, -1.087426, 0.084227, 0, 0, 0, -1, -4, 0
3, 5.319878, 0.816076, -1.054802, 0.082696, 0, 0, 0, -1, -4, 0
3, 5.321274, 0.802728, -1.077602, 0.066293, 0, 0, 0, -1, -4, 0
3, 5.324276, 0.796692, -1.065857, 0.051982, 0, 0, 0, -1, -4, 0
3, 5.327183, 0.806037, -1.057883, 0.052012, 0, 0, 0, -1, -4, 0
3, 5.329981, 0.802297, -1.045549, 0.056143, 0, 0, 0, -1, -4, 0
3, 5.331612, 0.825717, -1.011543, 0.051789, 0, 0, 0, -1, -4, 0
3, 5.333025, 0.811234, -1.033916, 0.037123, 0, 0, 0, -1, -4, 0
3, 5.335971, 0.804544, -1.021177, 0.022188, 0, 0, 0, -1, -4, 0
3, 5.338961, 0.815136, -1.013281, 0.020859, 0, 0, 0, -1, -4, 0
3, 5.341838, 0.812745, -1.002219, 0.027475, 0, 0, 0, -1, -4, 0
3, 5.343446, 0.834860, -0.969616, 0.025003, 0, 0, 0, -1, -4, 0
3, 5.344827, 0.821225, -0.988539, 0.015023, 0, 0, 0, -1, -4, 0
3, 5.347682, 0.824455, -0.985419, 0.035570, 0, 0, 0, -1, -4, 0
3, 5.350591, 0.829785, -0.972156, 0.040779, 0, 0, 0, -1, -4, 0
3, 5.353526, 0.830245, -0.968548, 0.050618, 0, 0, 0, -1, -4, 0
3, 5.356508, 0.839321, -0.952400, 0.052162, 0, 0, 0, -1, -4, 0
3, 5.359470, 0.841856, -0.951653, 0.063149, 0, 0, 0, -1, -4, 0
3, 5.361095, 0.859583, -0.920470, 0.066992, 0, 0, 0, -1, -4, 0
3, 5.362514, 0.844353, -0.941083, 0.055750, 0, 0, 0, -1, -4, 0
3, 5.365331, 0.848781, -0.938805, 0.079509, 0, 0, 0, -1, -4, 0
3, 5.368261, 0.853796, -0.927287, 0.083381, 0, 0, 0, -1, -4, 0
3, 5.371264, 0.853716, -0.923671, 0.092071, 0, 0, 0, -1, -4, 0
3, 5.374182, 0.859394, -0.910769, 0.096366, 0, 0, 0, -1, -4, 0
3, 5.377139, 0.860970, -0.909485, 0.105853, 0, 0, 0, -1, -4, 0
3, 5.378736, 0.884076, -0.871409, 0.109112, 0, 0, 0, -1, -4, 0
3, 5.380074, 0.867041, -0.895115, 0.096274, 0, 0, 0, -1, -4, 0
3, 5.382984, 0.869578, -0.891371, 0.117555, 0, 0, 0, -1, -4, 0
3, 5.385961, 0.875988, -0.878953, 0.120119, 0, 0, 0, -1, -4, 0
3, 5.388895, 0.878626, -0.879279, 0.130222, 0, 0, 0, -1, -4, 0
3, 5.391829, 0.886562, -0.865839, 0.131131, 0, 0, 0, -1, -4, 0
3, 5.394812, 0.880601, -0.867032, 0.120150, 0, 0, 0, -1, -4, 0
3, 5.397763, 0.889785, -0.850363, 0.133266, 0, 0, 0, -1, -4, 0
3, 5.400624, 0.894925, -0.849210, 0.157702, 0, 0, 0, -1, -4, 0
3, 5.403585, 0.902547, -0.835450, 0.159734, 0, 0, 0, -1, -4, 0
3, 5.412395, 0.908622, -0.818423, 0.176673, 0, 0, 0, -1, -4, 0
3, 5.415350, 0.913570, -0.807360, 0.180663, 0, 0, 0, -1, -4, 0
3, 5.418395, 0.909197, -0.808696, 0.167569, 0, 0, 0, -1, -4, 0
3, 5.421358, 0.917962, -0.795808, 0.175748, 0, 0, 0, -1, -4, 0
3, 5.424189, 0.920673, -0.791195, 0.195822, 0, 0, 0, -1, -4, 0
3, 5.427133, 0.928232, -0.777664, 0.197978, 0, 0, 0, -1, -4, 0
3, 5.435927, 0.936062, -0.762292, 0.214172, 0, 0, 0, -1, -4, 0
3, 5.438893, 0.941006, -0.751959, 0.217545, 0, 0, 0, -1, -4, 0
3, 5.441840, 0.941372, -0.749888, 0.226445, 0, 0, 0, -1, -4, 0
3, 5.444748, 0.950791, -0.735814, 0.225696, 0, 0, 0, -1, -4, 0
3, 5.453619, 0.956698, -0.717953, 0.240944, 0, 0, 0, -1, -4, 0
3, 5.455235, 0.984734, -0.676539, 0.247304, 0, 0, 0, -1, -4, 0
3, 5.456659, 0.963287, -0.710208, 0.229613, 0, 0, 0, -1, -4, 0
3, 5.465401, 0.972695, -0.691191, 0.256197, 0, 0, 0, -1, -4, 0
3, 5.468343, 0.978948, -0.680946, 0.257011, 0, 0, 0, -1, -4, 0
3, 5.477149, 0.985403, -0.663380, 0.273623, 0, 0, 0, -1, -4, 0
3, 5.480090, 0.992439, -0.651791, 0.274576, 0, 0, 0, -1, -4, 0
3, 5.488906, 0.999770, -0.635311, 0.285053, 0, 0, 0, -1, -4, 0
3, 5.491840, 1.007957, -0.623025, 0.284735, 0, 0, 0, -1, -4, 0
3, 5.500680, 1.015770, -0.610875, 0.295430, 0, 0, 0, -1, -4, 0
3, 5.502236, 1.047521, -0.566266, 0.300942, 0, 0, 0, -1, -4, 0
3, 5.503700, 1.022693, -0.605634, 0.279341, 0, 0, 0, -1, -4, 0
3, 5.512481, 1.029103, -0.582151, 0.304521, 0, 0, 0, -1, -4, 0
3, 5.515423, 1.037699, -0.569292, 0.304252, 0, 0, 0, -1, -4, 0
3, 5.524240, 1.044039, -0.555683, 0.314065, 0, 0, 0, -1, -4, 0
3, 5.528842, 1.079784, -0.504795, 0.319024, 0, 0, 0, -1, -4, 0
3, 5.533252, 1.058894, -0.538746, 0.299237, 0, 0, 0, -1, -4, 0
3, 5.541867, 1.067419, -0.515979, 0.320659, 0, 0, 0, -1, -4, 0
3, 5.544825, 1.076175, -0.503595, 0.319477, 0, 0, 0, -1, -4, 0
3, 5.550806, 1.074294, -0.505442, 0.297844, 0, 0, 0, -1, -4, 0
3, 5.556724, 1.090809, -0.482974, 0.311573, 0, 0, 0, -1, -4, 0
3, 5.559584, 1.087867, -0.474555, 0.331447, 0, 0, 0, -1, -4, 0
3, 5.565464, 1.104518, -0.452994, 0.326596, 0, 0, 0, -1, -4, 0
3, 5.571429, 1.104356, -0.455751, 0.307775, 0, 0, 0, -1, -4, 0
3, 5.575896, 1.147082, -0.391220, 0.343094, 0, 0, 0, -1, -4, 0
3, 5.580186, 1.118817, -0.428147, 0.334148, 0, 0, 0, -1, -4, 0
3, 5.589119, 1.126757, -0.417306, 0.310360, 0, 0, 0, -1, -4, 0
3, 5.594980, 1.144170, -0.399157, 0.316945, 0, 0, 0, -1, -4, 0
3, 5.600744, 1.142235, -0.387855, 0.335970, 0, 0, 0, -1, -4, 0
3, 5.602344, 1.184879, -0.328720, 0.340257, 0, 0, 0, -1, -4, 0
3, 5.606749, 1.156004, -0.373230, 0.313397, 0, 0, 0, -1, -4, 0
3, 5.615642, 1.153593, -0.361613, 0.301864, 0, 0, 0, -1, -4, 0
4, 6.473644, 0.525565, -3.114594, 0.144727, 0, 0, 0, -1, -4, 0
4, 6.475044, 0.466089, -3.211493, 0.109393, 0, 0, 0, -1, -4, 0
4, 6.491259, 0.528548, -3.040070, 0.175663, 0, 0, 0, -1, -4, 0
4, 6.492680, 0.476828, -3.124393, 0.146872, 0, 0, 0, -1, -4, 0
4, 6.508913, 0.531661, -2.965382, 0.205967, 0, 0, 0, -1, -4, 0
4, 6.510297, 0.483814, -3.041024, 0.180199, 0, 0, 0, -1, -4, 0
4, 6.520733, 0.537926, -2.910697, 0.226828, 0, 0, 0, -1, -4, 0
4, 6.522217, 0.488024, -2.981447, 0.201278, 0, 0, 0, -1, -4, 0
4, 6.538489, 0.547817, -2.836584, 0.249123, 0, 0, 0, -1, -4, 0
4, 6.539825, 0.502780, -2.900927, 0.225364, 0, 0, 0, -1, -4, 0
4, 6.550268, 0.548855, -2.786692, 0.265778, 0, 0, 0, -1, -4, 0
4, 6.551671, 0.501109, -2.851101, 0.241887, 0, 0, 0, -1, -4, 0
4, 6.562033, 0.551972, -2.734798, 0.280018, 0, 0, 0, -1, -4, 0
4, 6.563358, 0.507671, -2.791933, 0.256341, 0, 0, 0, -1, -4, 0
4, 6.579545, 0.562912, -2.656272, 0.298038, 0, 0, 0, -1, -4, 0
4, 6.580999, 0.517584, -2.714609, 0.272575, 0, 0, 0, -1, -4, 0
4, 6.592698, 0.546217, -2.646275, 0.322029, 0, 0, 0, -1, -4, 0
4, 6.597202, 0.570053, -2.583939, 0.315686, 0, 0, 0, -1, -4, 0
4, 6.598655, 0.531460, -2.629699, 0.296291, 0, 0, 0, -1, -4, 0
4, 6.604434, 0.553196, -2.597190, 0.333029, 0, 0, 0, -1, -4, 0
4, 6.609018, 0.578162, -2.527521, 0.324223, 0, 0, 0, -1, -4, 0
4, 6.610456, 0.538087, -2.577352, 0.302371, 0, 0, 0, -1, -4, 0
4, 6.616281, 0.565402, -2.543623, 0.342205, 0, 0, 0, -1, -4, 0
4, 6.622118, 0.565964, -2.518704, 0.345017, 0, 0, 0, -1, -4, 0
4, 6.626715, 0.586337, -2.456589, 0.337695, 0, 0, 0, -1, -4, 0
4, 6.628059, 0.551313, -2.497063, 0.317675, 0, 0, 0, -1, -4, 0
4, 6.633962, 0.577059, -2.466790, 0.347447, 0, 0, 0, -1, -4, 0
4, 6.639849, 0.578711, -2.441085, 0.350345, 0, 0, 0, -1, -4, 0
4, 6.644289, 0.601031, -2.376884, 0.344135, 0, 0, 0, -1, -4, 0
4, 6.645714, 0.565155, -2.417199, 0.325702, 0, 0, 0, -1, -4, 0
4, 6.651594, 0.586726, -2.388611, 0.354175, 0, 0, 0, -1, -4, 0
4, 6.656112, 0.607026, -2.324700, 0.345900, 0, 0, 0, -1, -4, 0
4, 6.657512, 0.570563, -2.362536, 0.328068, 0, 0, 0, -1, -4, 0
4, 6.663325, 0.595156, -2.336932, 0.358017, 0, 0, 0, -1, -4, 0
4, 6.669215, 0.597096, -2.312637, 0.358988, 0, 0, 0, -1, -4, 0
4, 6.673763, 0.620281, -2.250056, 0.349837, 0, 0, 0, -1, -4, 0
4, 6.675188, 0.586562, -2.288449, 0.331812, 0, 0, 0, -1, -4, 0
4, 6.681000, 0.608339, -2.262179, 0.357771, 0, 0, 0, -1, -4, 0
4, 6.685553, 0.626791, -2.203722, 0.350876, 0, 0, 0, -1, -4, 0
4, 6.686946, 0.595704, -2.238600, 0.332470, 0, 0, 0, -1, -4, 0
4, 6.689806, 0.603978, -2.228229, 0.357527, 0, 0, 0, -1, -4, 0
4, 6.692738, 0.617820, -2.212189, 0.355560, 0, 0, 0, -1, -4, 0
4, 6.695645, 0.611109, -2.203072, 0.357763, 0, 0, 0, -1, -4, 0
4, 6.697252, 0.633723, -2.157868, 0.351890, 0, 0, 0, -1, -4, 0
4, 6.698697, 0.605871, -2.187733, 0.334552, 0, 0, 0, -1, -4, 0
4, 6.701579, 0.612749, -2.177170, 0.357413, 0, 0, 0, -1, -4, 0
4, 6.704504, 0.623490, -2.163779, 0.356682, 0, 0, 0, -1, -4, 0
4, 6.707438, 0.617204, -2.156093, 0.357643, 0, 0, 0, -1, -4, 0
4, 6.709015, 0.644042, -2.108209, 0.348051, 0, 0, 0, -1, -4, 0
4, 6.710463, 0.615906, -2.137042, 0.330845, 0, 0, 0, -1, -4, 0
4, 6.713387, 0.624004, -2.128891, 0.353465, 0, 0, 0, -1, -4, 0
4, 6.716292, 0.637342, -2.113939, 0.350978, 0, 0, 0, -1, -4, 0
4, 6.719280, 0.627735, -2.103958, 0.349937, 0, 0, 0, -1, -4, 0
4, 6.720984, 0.647256, -2.059393, 0.341981, 0, 0, 0, -1, -4, 0
4, 6.722342, 0.621399, -2.081055, 0.325163, 0, 0, 0, -1, -4, 0
4, 6.725114, 0.631880, -2.076260, 0.346220, 0, 0, 0, -1, -4, 0
4, 6.728058, 0.642454, -2.064543, 0.344017, 0, 0, 0, -1, -4, 0
4, 6.731000, 0.634424, -2.055129, 0.344447, 0, 0, 0, -1, -4, 0
4, 6.732597, 0.656956, -2.011767, 0.337669, 0, 0, 0, -1, -4, 0
4, 6.733996, 0.631963, -2.038633, 0.319910, 0, 0, 0, -1, -4, 0
4, 6.736881, 0.640896, -2.030770, 0.341039, 0, 0, 0, -1, -4, 0
4, 6.739869, 0.653643, -2.014842, 0.339947, 0, 0, 0, -1, -4, 0
4, 6.742865, 0.645140, -2.006130, 0.338489, 0, 0, 0, -1, -4, 0
4, 6.744547, 0.669967, -1.959601, 0.327534, 0, 0, 0, -1, -4, 0
4, 6.745880, 0.640052, -1.987835, 0.310352, 0, 0, 0, -1, -4, 0
4, 6.748681, 0.647526, -1.982087, 0.332181, 0, 0, 0, -1, -4, 0
4, 6.751644, 0.662840, -1.965956, 0.327794, 0, 0, 0, -1, -4, 0
4, 6.754618, 0.654139, -1.956625, 0.326662, 0, 0, 0, -1, -4, 0
4, 6.756365, 0.671394, -1.915352, 0.320666, 0, 0, 0, -1, -4, 0
4, 6.757700, 0.648030, -1.936980, 0.302363, 0, 0, 0, -1, -4, 0
4, 6.760402, 0.657587, -1.931561, 0.319908, 0, 0, 0, -1, -4, 0
4, 6.762018, 0.675137, -1.889026, 0.312829, 0, 0, 0, -1, -4, 0
4, 6.763436, 0.650655, -1.909293, 0.295676, 0, 0, 0, -1, -4, 0
4, 6.766346, 0.664026, -1.908087, 0.316696, 0, 0, 0, -1, -4, 0
4, 6.769307, 0.676838, -1.895070, 0.312283, 0, 0, 0, -1, -4, 0
4, 6.772238, 0.668693, -1.886352, 0.310877, 0, 0, 0, -1, -4, 0
4, 6.773883, 0.683613, -1.847065, 0.306504, 0, 0, 0, -1, -4, 0
4, 6.775255, 0.661881, -1.867231, 0.288022, 0, 0, 0, -1, -4, 0
4, 6.778062, 0.670649, -1.861186, 0.304009, 0, 0, 0, -1, -4, 0
4, 6.781017, 0.684740, -1.845159, 0.300618, 0, 0, 0, -1, -4, 0
4, 6.784056, 0.662724, -1.835312, 0.273670, 0, 0, 0, -1, -4, 0
4, 6.786998, 0.675408, -1.819117, 0.276162, 0, 0, 0, -1, -4, 0
4, 6.789867, 0.682616, -1.812613, 0.292295, 0, 0, 0, -1, -4, 0
4, 6.792823, 0.695586, -1.798842, 0.287980, 0, 0, 0, -1, -4, 0
4, 6.795916, 0.678694, -1.794275, 0.264981, 0, 0, 0, -1, -4, 0
4, 6.798849, 0.690384, -1.779444, 0.267361, 0, 0, 0, -1, -4, 0
4, 6.801608, 0.693244, -1.769275, 0.278450, 0, 0, 0, -1, -4, 0
4, 6.804526, 0.706335, -1.754896, 0.274394, 0, 0, 0, -1, -4, 0
4, 6.807503, 0.696391, -1.745064, 0.270431, 0, 0, 0, -1, -4, 0
4, 6.809132, 0.717588, -1.707339, 0.266748, 0, 0, 0, -1, -4, 0
4, 6.810499, 0.699010, -1.730537, 0.251182, 0, 0, 0, -1, -4, 0
4, 6.813358, 0.700927, -1.721025, 0.263069, 0, 0, 0, -1, -4, 0
4, 6.815024, 0.725928, -1.679968, 0.257387, 0, 0, 0, -1, -4, 0
4, 6.816407, 0.705210, -1.706146, 0.241072, 0, 0, 0, -1, -4, 0
4, 6.825161, 0.711426, -1.674773, 0.243400, 0, 0, 0, -1, -4, 0
4, 6.826830, 0.734277, -1.637297, 0.238879, 0, 0, 0, -1, -4, 0
4, 6.828226, 0.716026, -1.661303, 0.223650, 0, 0, 0, -1, -4, 0
4, 6.836967, 0.719429, -1.628724, 0.225496, 0, 0, 0, -1, -4, 0
4, 6.838625, 0.740939, -1.592459, 0.221724, 0, 0, 0, -1, -4, 0
4, 6.840098, 0.723605, -1.613642, 0.208830, 0, 0, 0, -1, -4, 0
4, 6.843012, 0.716631, -1.605060, 0.197297, 0, 0, 0, -1, -4, 0
4, 6.845979, 0.728067, -1.593748, 0.196592, 0, 0, 0, -1, -4, 0
4, 6.848818, 0.729966, -1.585796, 0.206321, 0, 0, 0, -1, -4, 0
4, 6.850384, 0.749768, -1.550469, 0.201886, 0, 0, 0, -1, -4, 0
4, 6.851824, 0.732701, -1.571969, 0.186114, 0, 0, 0, -1, -4, 0
4, 6.854730, 0.724436, -1.562731, 0.175250, 0, 0, 0, -1, -4, 0
4, 6.857688, 0.736163, -1.549350, 0.177148, 0, 0, 0, -1, -4, 0
4, 6.860541, 0.739088, -1.540665, 0.186158, 0, 0, 0, -1, -4, 0
4, 6.862306, 0.758395, -1.505596, 0.183561, 0, 0, 0, -1, -4, 0
4, 6.863711, 0.741950, -1.528523, 0.166427, 0, 0, 0, -1, -4, 0
4, 6.866438, 0.737325, -1.520034, 0.152740, 0, 0, 0, -1, -4, 0
4, 6.869467, 0.748924, -1.507718, 0.153647, 0, 0, 0, -1, -4, 0
4, 6.872345, 0.746479, -1.495888, 0.160461, 0, 0, 0, -1, -4, 0
4, 6.873929, 0.768423, -1.460836, 0.156471, 0, 0, 0, -1, -4, 0
4, 6.875424, 0.752588, -1.483622, 0.141277, 0, 0, 0, -1, -4, 0
4, 6.884113, 0.758701, -1.451999, 0.138005, 0, 0, 0, -1, -4, 0
4, 6.885704, 0.779263, -1.415103, 0.134338, 0, 0, 0, -1, -4, 0
4, 6.887156, 0.761256, -1.439287, 0.116576, 0, 0, 0, -1, -4, 0
4, 6.895919, 0.768868, -1.408070, 0.114033, 0, 0, 0, -1, -4, 0
4, 6.897471, 0.789355, -1.373141, 0.111578, 0, 0, 0, -1, -4, 0
4, 6.898879, 0.772132, -1.398504, 0.094106, 0, 0, 0, -1, -4, 0
4, 6.901814, 0.764512, -1.387710, 0.080643, 0, 0, 0, -1, -4, 0
4, 6.904780, 0.775819, -1.376425, 0.081497, 0, 0, 0, -1, -4, 0
4, 6.907653, 0.774834, -1.364911, 0.087708, 0, 0, 0, -1, -4, 0
4, 6.909266, 0.797933, -1.330764, 0.084473, 0, 0, 0, -1, -4, 0
4, 6.910705, 0.780940, -1.358881, 0.066876, 0, 0, 0, -1, -4, 0
4, 6.913678, 0.773310, -1.347881, 0.053378, 0, 0, 0, -1, -4, 0
4, 6.916595, 0.785651, -1.335025, 0.055316, 0, 0, 0, -1, -4, 0
4, 6.919377, 0.781916, -1.321561, 0.059010, 0, 0, 0, -1, -4, 0
4, 6.921004, 0.804799, -1.289159, 0.055415, 0, 0, 0, -1, -4, 0
4, 6.922398, 0.790821, -1.313815, 0.039637, 0, 0, 0, -1, -4, 0
4, 6.925379, 0.782043, -1.301118, 0.024531, 0, 0, 0, -1, -4, 0
4, 6.928341, 0.793684, -1.291473, 0.023448, 0, 0, 0, -1, -4, 0
4, 6.931139, 0.792669, -1.278860, 0.028558, 0, 0, 0, -1, -4, 0
4, 6.932858, 0.811754, -1.248911, 0.028489, 0, 0, 0, -1, -4, 0
4, 6.934273, 0.800731, -1.271533, 0.011670, 0, 0, 0, -1, -4, 0
4, 6.937195, 0.794758, -1.260958, -0.002248, 0, 0, 0, -1, -4, 0
4, 6.940135, 0.803440, -1.248496, 0.004135, 0, 0, 0, -1, -4, 0
4, 6.942896, 0.808271, -1.242862, 0.027797, 0, 0, 0, -1, -4, 0
4, 6.945853, 0.814097, -1.227855, 0.033659, 0, 0, 0, -1, -4, 0
4, 6.948779, 0.816433, -1.226333, 0.043290, 0, 0, 0, -1, -4, 0
4, 6.957586, 0.827473, -1.203035, 0.057418, 0, 0, 0, -1, -4, 0
4, 6.960522, 0.829037, -1.200278, 0.067635, 0, 0, 0, -1, -4, 0
4, 6.962202, 0.846918, -1.166495, 0.072858, 0, 0, 0, -1, -4, 0
4, 6.963627, 0.831029, -1.189692, 0.059559, 0, 0, 0, -1, -4, 0
4, 6.966451, 0.835914, -1.185240, 0.080698, 0, 0, 0, -1, -4, 0
4, 6.969390, 0.840104, -1.174308, 0.085422, 0, 0, 0, -1, -4, 0
4, 6.972302, 0.841602, -1.172291, 0.094260, 0, 0, 0, -1, -4, 0
4, 6.975263, 0.849663, -1.158276, 0.095811, 0, 0, 0, -1, -4, 0
4, 6.978232, 0.850941, -1.156200, 0.104261, 0, 0, 0, -1, -4, 0
4, 6.979875, 0.866418, -1.125966, 0.109581, 0, 0, 0, -1, -4, 0
4, 6.981287, 0.852463, -1.144801, 0.099152, 0, 0, 0, -1, -4, 0
4, 6.984128, 0.856432, -1.141523, 0.118543, 0, 0, 0, -1, -4, 0
4, 6.987060, 0.862263, -1.130169, 0.121225, 0, 0, 0, -1, -4, 0
4, 6.989976, 0.863336, -1.127525, 0.130585, 0, 0, 0, -1, -4, 0
4, 6.992940, 0.868953, -1.115344, 0.134627, 0, 0, 0, -1, -4, 0
4, 6.995953, 0.862098, -1.115107, 0.126090, 0, 0, 0, -1, -4, 0
4, 6.998915, 0.868827, -1.103852, 0.133133, 0, 0, 0, -1, -4, 0
4, 7.001870, 0.874529, -1.099886, 0.151937, 0, 0, 0, -1, -4, 0
4, 7.004823, 0.881867, -1.086718, 0.154150, 0, 0, 0, -1, -4, 0
4, 7.007775, 0.884589, -1.086113, 0.165239, 0, 0, 0, -1, -4, 0
4, 7.010680, 0.891498, -1.073888, 0.167130, 0, 0, 0, -1, -4, 0
4, 7.019428, 0.896203, -1.056336, 0.182165, 0, 0, 0, -1, -4, 0
4, 7.022370, 0.903919, -1.043463, 0.183586, 0, 0, 0, -1, -4, 0
4, 7.025431, 0.898572, -1.045383, 0.174443, 0, 0, 0, -1, -4, 0
4, 7.028369, 0.906741, -1.031990, 0.182650, 0, 0, 0, -1, -4, 0
4, 7.031193, 0.911734, -1.027706, 0.201930, 0, 0, 0, -1, -4, 0
4, 7.034354, 0.918225, -1.015160, 0.205248, 0, 0, 0, -1, -4, 0
4, 7.043040, 0.922750, -0.998843, 0.219716, 0, 0, 0, -1, -4, 0
4, 7.048883, 0.936473, -0.977529, 0.220997, 0, 0, 0, -1, -4, 0
4, 7.054744, 0.937291, -0.974003, 0.233979, 0, 0, 0, -1, -4, 0
4, 7.057712, 0.943043, -0.963481, 0.236395, 0, 0, 0, -1, -4, 0
4, 7.066530, 0.949701, -0.945406, 0.247957, 0, 0, 0, -1, -4, 0
4, 7.068229, 0.970360, -0.912572, 0.251695, 0, 0, 0, -1, -4, 0
4, 7.069605, 0.956440, -0.936200, 0.236366, 0, 0, 0, -1, -4, 0
4, 7.078293, 0.962834, -0.916548, 0.260745, 0, 0, 0, -1, -4, 0
4, 7.081271, 0.969338, -0.906278, 0.261601, 0, 0, 0, -1, -4, 0
4, 7.090016, 0.975846, -0.889873, 0.272628, 0, 0, 0, -1, -4, 0
4, 7.095953, 0.989814, -0.868793, 0.273584, 0, 0, 0, -1, -4, 0
4, 7.101876, 0.988484, -0.863534, 0.283749, 0, 0, 0, -1, -4, 0
4, 7.104789, 0.995913, -0.853044, 0.283205, 0, 0, 0, -1, -4, 0
4, 7.113571, 1.003088, -0.838209, 0.290006, 0, 0, 0, -1, -4, 0
4, 7.115196, 1.029139, -0.798631, 0.295720, 0, 0, 0, -1, -4, 0
4, 7.116626, 1.009395, -0.831697, 0.276296, 0, 0, 0, -1, -4, 0
4, 7.125427, 1.018513, -0.809799, 0.296802, 0, 0, 0, -1, -4, 0
4, 7.131304, 1.029324, -0.791895, 0.299724, 0, 0, 0, -1, -4, 0
4, 7.143116, 1.035700, -0.773222, 0.304729, 0, 0, 0, -1, -4, 0
4, 7.144740, 1.064191, -0.734396, 0.310159, 0, 0, 0, -1, -4, 0
4, 7.146128, 1.044074, -0.770189, 0.290904, 0, 0, 0, -1, -4, 0
4, 7.160767, 1.055487, -0.732978, 0.310825, 0, 0, 0, -1, -4, 0
4, 7.165310, 1.091925, -0.684665, 0.312935, 0, 0, 0, -1, -4, 0
4, 7.169634, 1.071893, -0.718380, 0.295582, 0, 0, 0, -1, -4, 0
4, 7.184361, 1.081460, -0.684285, 0.311972, 0, 0, 0, -1, -4, 0
4, 7.185920, 1.111487, -0.642565, 0.318157, 0, 0, 0, -1, -4, 0
4, 7.187359, 1.089839, -0.679966, 0.297494, 0, 0, 0, -1, -4, 0
4, 7.199139, 1.096072, -0.659873, 0.289000, 0, 0, 0, -1, -4, 0
4, 7.205018, 1.111373, -0.643253, 0.293916, 0, 0, 0, -1, -4, 0
4, 7.207884, 1.108836, -0.632301, 0.310268, 0, 0, 0, -1, -4, 0
4, 7.212418, 1.146775, -0.580207, 0.311796, 0, 0, 0, -1, -4, 0
4, 7.216795, 1.122634, -0.619183, 0.288915, 0, 0, 0, -1, -4, 0
4, 7.225658, 1.129732, -0.602118, 0.281740, 0, 0, 0, -1, -4, 0
4, 7.230055, 1.162552, -0.544471, 0.311106, 0, 0, 0, -1, -4, 0
4, 7.234304, 1.140793, -0.571553, 0.297914, 0, 0, 0, -1, -4, 0
4, 7.237400, 1.144270, -0.579309, 0.274451, 0, 0, 0, -1, -4, 0
4, 7.243338, 1.159859, -0.563784, 0.278061, 0, 0, 0, -1, -4, 0
4, 7.249188, 1.156280, -0.551459, 0.266100, 0, 0, 0, -1, -4, 0
4, 7.254986, 1.171911, -0.536335, 0.269349, 0, 0, 0, -1, -4, 0
4, 7.260825, 1.170081, -0.527599, 0.260099, 0, 0, 0, -1, -4, 0
4, 7.266713, 1.183552, -0.516586, 0.260289, 0, 0, 0, -1, -4, 0
4, 7.272656, 1.182578, -0.505300, 0.246717, 0, 0, 0, -1, -4, 0
4, 7.277107, 1.219666, -0.447449, 0.277579, 0, 0, 0, -1, -4, 0
4, 7.281335, 1.196281, -0.481162, 0.264281, 0, 0, 0, -1, -4, 0
4, 7.284412, 1.195891, -0.482119, 0.234186, 0, 0, 0, -1, -4, 0
4, 7.290411, 1.210861, -0.468791, 0.236287, 0, 0, 0, -1, -4, 0
4, 7.296301, 1.210044, -0.457393, 0.222808, 0, 0, 0, -1, -4, 0
4, 7.302092, 1.224219, -0.446864, 0.222031, 0, 0, 0, -1, -4, 0
4, 7.308000, 1.223141, -0.433173, 0.206173, 0, 0, 0, -1, -4, 0
4, 7.312496, 1.265972, -0.368398, 0.239876, 0, 0, 0, -1, -4, 0
4, 7.318341, 1.283867, -0.343978, 0.229824, 0, 0, 0, -1, -4, 0
4, 7.335989, 1.290447, -0.320075, 0.209154, 0, 0, 0, -1, -4, 0
4, 7.338933, 1.301486, -0.304699, 0.202809, 0, 0, 0, -1, -4, 0
4, 7.359535, 1.312848, -0.275746, 0.173328, 0, 0, 0, -1, -4, 0
4, 7.362481, 1.326990, -0.257578, 0.165622, 0, 0, 0, -1, -4, 0
4, 7.383087, 1.341324, -0.227513, 0.131270, 0, 0, 0, -1, -4, 0
4, 7.386030, 1.351430, -0.213255, 0.125285, 0, 0, 0, -1, -4, 0
4, 7.397868, 1.327486, -0.237382, 0.105062, 0, 0, 0, -1, -4, 0
5, 8.093863, 0.464186, -3.206789, 0.110750, 0, 0, 0, -1, -4, 0
5, 8.110050, 0.524637, -3.045778, 0.173061, 0, 0, 0, -1, -4, 0
5, 8.111486, 0.475138, -3.127860, 0.144351, 0, 0, 0, -1, -4, 0
5, 8.127733, 0.524251, -2.981605, 0.199505, 0, 0, 0, -1, -4, 0
5, 8.129125, 0.476752, -3.054274, 0.171298, 0, 0, 0, -1, -4, 0
5, 8.151329, 0.536978, -2.880649, 0.229299, 0, 0, 0, -1, -4, 0
5, 8.152767, 0.488499, -2.948758, 0.204367, 0, 0, 0, -1, -4, 0
5, 8.168947, 0.541296, -2.815153, 0.246293, 0, 0, 0, -1, -4, 0
5, 8.170349, 0.495563, -2.877697, 0.223137, 0, 0, 0, -1, -4, 0
5, 8.180683, 0.539708, -2.769581, 0.258973, 0, 0, 0, -1, -4, 0
5, 8.182101, 0.493666, -2.829419, 0.235238, 0, 0, 0, -1, -4, 0
5, 8.198343, 0.548164, -2.701689, 0.272126, 0, 0, 0, -1, -4, 0
5, 8.199771, 0.505443, -2.757303, 0.248143, 0, 0, 0, -1, -4, 0
5, 8.216066, 0.557086, -2.626734, 0.284716, 0, 0, 0, -1, -4, 0
5, 8.217451, 0.513110, -2.685613, 0.258408, 0, 0, 0, -1, -4, 0
5, 8.227850, 0.559116, -2.584442, 0.290735, 0, 0, 0, -1, -4, 0
5, 8.229278, 0.520715, -2.627070, 0.270386, 0, 0, 0, -1, -4, 0
5, 8.240823, 0.547437, -2.579136, 0.303266, 0, 0, 0, -1, -4, 0
5, 8.245396, 0.565893, -2.519377, 0.299192, 0, 0, 0, -1, -4, 0
5, 8.246835, 0.530220, -2.563571, 0.279589, 0, 0, 0, -1, -4, 0
5, 8.252611, 0.551484, -2.535723, 0.306926, 0, 0, 0, -1, -4, 0
5, 8.258547, 0.558685, -2.511589, 0.309491, 0, 0, 0, -1, -4, 0
5, 8.263139, 0.581913, -2.444753, 0.303551, 0, 0, 0, -1, -4, 0
5, 8.264540, 0.542558, -2.493721, 0.279840, 0, 0, 0, -1, -4, 0
5, 8.270314, 0.565220, -2.463877, 0.311492, 0, 0, 0, -1, -4, 0
5, 8.274879, 0.584595, -2.400779, 0.297597, 0, 0, 0, -1, -4, 0
5, 8.276308, 0.545735, -2.445576, 0.274777, 0, 0, 0, -1, -4, 0
5, 8.282067, 0.569994, -2.416953, 0.309417, 0, 0, 0, -1, -4, 0
5, 8.287925, 0.573908, -2.394972, 0.308040, 0, 0, 0, -1, -4, 0
5, 8.292549, 0.589280, -2.339159, 0.297012, 0, 0, 0, -1, -4, 0
5, 8.293936, 0.558692, -2.372646, 0.278610, 0, 0, 0, -1, -4, 0
5, 8.296794, 0.572412, -2.363345, 0.306876, 0, 0, 0, -1, -4, 0
5, 8.299766, 0.583568, -2.350202, 0.305163, 0, 0, 0, -1, -4, 0
5, 8.304263, 0.595149, -2.294359, 0.298654, 0, 0, 0, -1, -4, 0
5, 8.305671, 0.564884, -2.328779, 0.277826, 0, 0, 0, -1, -4, 0
5, 8.311545, 0.587939, -2.303918, 0.300898, 0, 0, 0, -1, -4, 0
5, 8.314456, 0.580230, -2.294651, 0.301680, 0, 0, 0, -1, -4, 0
5, 8.316056, 0.601268, -2.249827, 0.294555, 0, 0, 0, -1, -4, 0
5, 8.317472, 0.572808, -2.281174, 0.274829, 0, 0, 0, -1, -4, 0
5, 8.320301, 0.582662, -2.270315, 0.297875, 0, 0, 0, -1, -4, 0
5, 8.323259, 0.594915, -2.257156, 0.294728, 0, 0, 0, -1, -4, 0
5, 8.326190, 0.587621, -2.248884, 0.294838, 0, 0, 0, -1, -4, 0
5, 8.327803, 0.606796, -2.205250, 0.289423, 0, 0, 0, -1, -4, 0
5, 8.329258, 0.578500, -2.235975, 0.270531, 0, 0, 0, -1, -4, 0
5, 8.332109, 0.589069, -2.227063, 0.293730, 0, 0, 0, -1, -4, 0
5, 8.335049, 0.602856, -2.212904, 0.289552, 0, 0, 0, -1, -4, 0
5, 8.338003, 0.593392, -2.204797, 0.286375, 0, 0, 0, -1, -4, 0
5, 8.339644, 0.608238, -2.167061, 0.281643, 0, 0, 0, -1, -4, 0
5, 8.341093, 0.586119, -2.190179, 0.263444, 0, 0, 0, -1, -4, 0
5, 8.343904, 0.599030, -2.182875, 0.284196, 0, 0, 0, -1, -4, 0
5, 8.346823, 0.611760, -2.169764, 0.280245, 0, 0, 0, -1, -4, 0
5, 8.349741, 0.603061, -2.160154, 0.279813, 0, 0, 0, -1, -4, 0
5, 8.351306, 0.625250, -2.116110, 0.273663, 0, 0, 0, -1, -4, 0
5, 8.352776, 0.599109, -2.145785, 0.255328, 0, 0, 0, -1, -4, 0
5, 8.355701, 0.608655, -2.137962, 0.275879, 0, 0, 0, -1, -4, 0
5, 8.358669, 0.621164, -2.125529, 0.271470, 0, 0, 0, -1, -4, 0
5, 8.361614, 0.611632, -2.116481, 0.268944, 0, 0, 0, -1, -4, 0
5, 8.363216, 0.633085, -2.073635, 0.261926, 0, 0, 0, -1, -4, 0
5, 8.364606, 0.605821, -2.103764, 0.243663, 0, 0, 0, -1, -4, 0
5, 8.367411, 0.614308, -2.095063, 0.265446, 0, 0, 0, -1, -4, 0
5, 8.370340, 0.626294, -2.081118, 0.262861, 0, 0, 0, -1, -4, 0
5, 8.373311, 0.615695, -2.070895, 0.260042, 0, 0, 0, -1, -4, 0
5, 8.374983, 0.637849, -2.026778, 0.252068, 0, 0, 0, -1, -4, 0
5, 8.376377, 0.610438, -2.057219, 0.232146, 0, 0, 0, -1, -4, 0
5, 8.379198, 0.619141, -2.049479, 0.251298, 0, 0, 0, -1, -4, 0
5, 8.380861, 0.639769, -2.005317, 0.242647, 0, 0, 0, -1, -4, 0
5, 8.382251, 0.611534, -2.034436, 0.222527, 0, 0, 0, -1, -4, 0
5, 8.385070, 0.624144, -2.028869, 0.245600, 0, 0, 0, -1, -4, 0
5, 8.388052, 0.636790, -2.015491, 0.241387, 0, 0, 0, -1, -4, 0
5, 8.390973, 0.628030, -2.007104, 0.238648, 0, 0, 0, -1, -4, 0
5, 8.392550, 0.646841, -1.966261, 0.233579, 0, 0, 0, -1, -4, 0
5, 8.394064, 0.623285, -1.993489, 0.213799, 0, 0, 0, -1, -4, 0
5, 8.396957, 0.632354, -1.985612, 0.231127, 0, 0, 0, -1, -4, 0
5, 8.399898, 0.645427, -1.970687, 0.227608, 0, 0, 0, -1, -4, 0
5, 8.402920, 0.620264, -1.962941, 0.201677, 0, 0, 0, -1, -4, 0
5, 8.405845, 0.630021, -1.950900, 0.203124, 0, 0, 0, -1, -4, 0
5, 8.408689, 0.639559, -1.943270, 0.217127, 0, 0, 0, -1, -4, 0
5, 8.411598, 0.653460, -1.929115, 0.211597, 0, 0, 0, -1, -4, 0
5, 8.414564, 0.644478, -1.920412, 0.208400, 0, 0, 0, -1, -4, 0
5, 8.416247, 0.664198, -1.882672, 0.204474, 0, 0, 0, -1, -4, 0
5, 8.417601, 0.643542, -1.909204, 0.186878, 0, 0, 0, -1, -4, 0
5, 8.420377, 0.647040, -1.899525, 0.199048, 0, 0, 0, -1, -4, 0
5, 8.422076, 0.669361, -1.859717, 0.191957, 0, 0, 0, -1, -4, 0
5, 8.423491, 0.648152, -1.884668, 0.175402, 0, 0, 0, -1, -4, 0
5, 8.426310, 0.653005, -1.876373, 0.190272, 0, 0, 0, -1, -4, 0
5, 8.429237, 0.663495, -1.865689, 0.185834, 0, 0, 0, -1, -4, 0
5, 8.432184, 0.654021, -1.856920, 0.181454, 0, 0, 0, -1, -4, 0
5, 8.433811, 0.672131, -1.821114, 0.178306, 0, 0, 0, -1, -4, 0
5, 8.435231, 0.653025, -1.845811, 0.161196, 0, 0, 0, -1, -4, 0
5, 8.444005, 0.662413, -1.815925, 0.165061, 0, 0, 0, -1, -4, 0
5, 8.445665, 0.684453, -1.777683, 0.158325, 0, 0, 0, -1, -4, 0
5, 8.447018, 0.663765, -1.804178, 0.140632, 0, 0, 0, -1, -4, 0
5, 8.455666, 0.670048, -1.775122, 0.144565, 0, 0, 0, -1, -4, 0
5, 8.457304, 0.690937, -1.737715, 0.139599, 0, 0, 0, -1, -4, 0
5, 8.458770, 0.671087, -1.764207, 0.121738, 0, 0, 0, -1, -4, 0
5, 8.461776, 0.663101, -1.754993, 0.107573, 0, 0, 0, -1, -4, 0
5, 8.464684, 0.673857, -1.741098, 0.110990, 0, 0, 0, -1, -4, 0
5, 8.467499, 0.675471, -1.732143, 0.124737, 0, 0, 0, -1, -4, 0
5, 8.469164, 0.697400, -1.693016, 0.118041, 0, 0, 0, -1, -4, 0
5, 8.470576, 0.677584, -1.718644, 0.099360, 0, 0, 0, -1, -4, 0
5, 8.479282, 0.685864, -1.689876, 0.098106, 0, 0, 0, -1, -4, 0
5, 8.480912, 0.705479, -1.654590, 0.094332, 0, 0, 0, -1, -4, 0
5, 8.482339, 0.687062, -1.679751, 0.077563, 0, 0, 0, -1, -4, 0
5, 8.485289, 0.679660, -1.670857, 0.064533, 0, 0, 0, -1, -4, 0
5, 8.488213, 0.691826, -1.658268, 0.065092, 0, 0, 0, -1, -4, 0
5, 8.491035, 0.695093, -1.649256, 0.075386, 0, 0, 0, -1, -4, 0
5, 8.492706, 0.715157, -1.612667, 0.070324, 0, 0, 0, -1, -4, 0
5, 8.494134, 0.694743, -1.638866, 0.052894, 0, 0, 0, -1, -4, 0
5, 8.497021, 0.688430, -1.630449, 0.040072, 0, 0, 0, -1, -4, 0
5, 8.499941, 0.698784, -1.619529, 0.041004, 0, 0, 0, -1, -4, 0
5, 8.502791, 0.700077, -1.610544, 0.052121, 0, 0, 0, -1, -4, 0
5, 8.504502, 0.721259, -1.574879, 0.046634, 0, 0, 0, -1, -4, 0
5, 8.505926, 0.703226, -1.601546, 0.027704, 0, 0, 0, -1, -4, 0
5, 8.508855, 0.696735, -1.591977, 0.012677, 0, 0, 0, -1, -4, 0
5, 8.511809, 0.707470, -1.580866, 0.013655, 0, 0, 0, -1, -4, 0
5, 8.514622, 0.706071, -1.569142, 0.021111, 0, 0, 0, -1, -4, 0
5, 8.516296, 0.726750, -1.536009, 0.016953, 0, 0, 0, -1, -4, 0
5, 8.517689, 0.710752, -1.559652, 0.002161, 0, 0, 0, -1, -4, 0
5, 8.526383, 0.721845, -1.536661, 0.030598, 0, 0, 0, -1, -4, 0
5, 8.529303, 0.726762, -1.525520, 0.033727, 0, 0, 0, -1, -4, 0
5, 8.532203, 0.727653, -1.522246, 0.040891, 0, 0, 0, -1, -4, 0
5, 8.535178, 0.732731, -1.511304, 0.043687, 0, 0, 0, -1, -4, 0
5, 8.538124, 0.733170, -1.507244, 0.051189, 0, 0, 0, -1, -4, 0
5, 8.541053, 0.737583, -1.496759, 0.054644, 0, 0, 0, -1, -4, 0
5, 8.543979, 0.738774, -1.493574, 0.062556, 0, 0, 0, -1, -4, 0
5, 8.545626, 0.753969, -1.463633, 0.065127, 0, 0, 0, -1, -4, 0
5, 8.547038, 0.738770, -1.483402, 0.054800, 0, 0, 0, -1, -4, 0
5, 8.549921, 0.746068, -1.480035, 0.078030, 0, 0, 0, -1, -4, 0
5, 8.552854, 0.750341, -1.469399, 0.081998, 0, 0, 0, -1, -4, 0
5, 8.561682, 0.755159, -1.450327, 0.097119, 0, 0, 0, -1, -4, 0
5, 8.564628, 0.759845, -1.439673, 0.100607, 0, 0, 0, -1, -4, 0
5, 8.567569, 0.762283, -1.438144, 0.109210, 0, 0, 0, -1, -4, 0
5, 8.569239, 0.779238, -1.404677, 0.109808, 0, 0, 0, -1, -4, 0
5, 8.570655, 0.761451, -1.424993, 0.098792, 0, 0, 0, -1, -4, 0
5, 8.573436, 0.768129, -1.423048, 0.120540, 0, 0, 0, -1, -4, 0
5, 8.576421, 0.775646, -1.411155, 0.120931, 0, 0, 0, -1, -4, 0
5, 8.585268, 0.779386, -1.393958, 0.136805, 0, 0, 0, -1, -4, 0
5, 8.588175, 0.785091, -1.383807, 0.138408, 0, 0, 0, -1, -4, 0
5, 8.591101, 0.784897, -1.379715, 0.145476, 0, 0, 0, -1, -4, 0
5, 8.594056, 0.791393, -1.366381, 0.149292, 0, 0, 0, -1, -4, 0
5, 8.597195, 0.783432, -1.363213, 0.137256, 0, 0, 0, -1, -4, 0
5, 8.601630, 0.817267, -1.316944, 0.162410, 0, 0, 0, -1, -4, 0
5, 8.605802, 0.803652, -1.341775, 0.165165, 0, 0, 0, -1, -4, 0
5, 8.614667, 0.807464, -1.324523, 0.178892, 0, 0, 0, -1, -4, 0
5, 8.617596, 0.812647, -1.314559, 0.181430, 0, 0, 0, -1, -4, 0
5, 8.626420, 0.819334, -1.294146, 0.193823, 0, 0, 0, -1, -4, 0
5, 8.630983, 0.836317, -1.261496, 0.194364, 0, 0, 0, -1, -4, 0
5, 8.635329, 0.822109, -1.274607, 0.187773, 0, 0, 0, -1, -4, 0
5, 8.638161, 0.827359, -1.273675, 0.210238, 0, 0, 0, -1, -4, 0
5, 8.641137, 0.837337, -1.260955, 0.207889, 0, 0, 0, -1, -4, 0
5, 8.649981, 0.842394, -1.242767, 0.215929, 0, 0, 0, -1, -4, 0
5, 8.652921, 0.848715, -1.232566, 0.216860, 0, 0, 0, -1, -4, 0
5, 8.661761, 0.851108, -1.212294, 0.224646, 0, 0, 0, -1, -4, 0
5, 8.664742, 0.858131, -1.201950, 0.224572, 0, 0, 0, -1, -4, 0
5, 8.670685, 0.859148, -1.191769, 0.217580, 0, 0, 0, -1, -4, 0
5, 8.673583, 0.862385, -1.187985, 0.233959, 0, 0, 0, -1, -4, 0
5, 8.676557, 0.871651, -1.176653, 0.231277, 0, 0, 0, -1, -4, 0
5, 8.685275, 0.874837, -1.159449, 0.241529, 0, 0, 0, -1, -4, 0
5, 8.691138, 0.890785, -1.137259, 0.240185, 0, 0, 0, -1, -4, 0
5, 8.697161, 0.882647, -1.133997, 0.229057, 0, 0, 0, -1, -4, 0
5, 8.701646, 0.909983, -1.091261, 0.252608, 0, 0, 0, -1, -4, 0
5, 8.705899, 0.900119, -1.109551, 0.248167, 0, 0, 0, -1, -4, 0
5, 8.720697, 0.908542, -1.080081, 0.251037, 0, 0, 0, -1, -4, 0
5, 8.722207, 0.929476, -1.049031, 0.252563, 0, 0, 0, -1, -4, 0
5, 8.726642, 0.923405, -1.062176, 0.242674, 0, 0, 0, -1, -4, 0
5, 8.735418, 0.920546, -1.048355, 0.253191, 0, 0, 0, -1, -4, 0
5, 8.741285, 0.934571, -1.030220, 0.250194, 0, 0, 0, -1, -4, 0
5, 8.744336, 0.928872, -1.030775, 0.236420, 0, 0, 0, -1, -4, 0
5, 8.750174, 0.942014, -1.013073, 0.243982, 0, 0, 0, -1, -4, 0
5, 8.755996, 0.941887, -1.003649, 0.252702, 0, 0, 0, -1, -4, 0
5, 8.757703, 0.966126, -0.968078, 0.253061, 0, 0, 0, -1, -4, 0
5, 8.759085, 0.948344, -0.995564, 0.237393, 0, 0, 0, -1, -4, 0
5, 8.773594, 0.960248, -0.962412, 0.246466, 0, 0, 0, -1, -4, 0
5, 8.775268, 0.982122, -0.930032, 0.248351, 0, 0, 0, -1, -4, 0
5, 8.776720, 0.967318, -0.956004, 0.231800, 0, 0, 0, -1, -4, 0
5, 8.791221, 0.977022, -0.921746, 0.236887, 0, 0, 0, -1, -4, 0
5, 8.792957, 0.997118, -0.891246, 0.241812, 0, 0, 0, -1, -4, 0
5, 8.797342, 0.987643, -0.913532, 0.225319, 0, 0, 0, -1, -4, 0
5, 8.803234, 0.985068, -0.904491, 0.213863, 0, 0, 0, -1, -4, 0
5, 8.807716, 1.012787, -0.855761, 0.237054, 0, 0, 0, -1, -4, 0
5, 8.811867, 0.998798, -0.874647, 0.225597, 0, 0, 0, -1, -4, 0
5, 8.814908, 0.996009, -0.877789, 0.206574, 0, 0, 0, -1, -4, 0
5, 8.820818, 1.010945, -0.862412, 0.209815, 0, 0, 0, -1, -4, 0
5, 8.826683, 1.007915, -0.851602, 0.196520, 0, 0, 0, -1, -4, 0
5, 8.831213, 1.034211, -0.804471, 0.218738, 0, 0, 0, -1, -4, 0
5, 8.835462, 1.020988, -0.821781, 0.206060, 0, 0, 0, -1, -4, 0
5, 8.838435, 1.022730, -0.828498, 0.186365, 0, 0, 0, -1, -4, 0
5, 8.844316, 1.036943, -0.816315, 0.186417, 0, 0, 0, -1, -4, 0
5, 8.850205, 1.032776, -0.804959, 0.174147, 0, 0, 0, -1, -4, 0
5, 8.859047, 1.043644, -0.784756, 0.166631, 0, 0, 0, -1, -4, 0
5, 8.861878, 1.040531, -0.772216, 0.181451, 0, 0, 0, -1, -4, 0
5, 8.866519, 1.081054, -0.718699, 0.178664, 0, 0, 0, -1, -4, 0
5, 8.870907, 1.056272, -0.760259, 0.153962, 0, 0, 0, -1, -4, 0
5, 8.876740, 1.053459, -0.747062, 0.137716, 0, 0, 0, -1, -4, 0
5, 8.882678, 1.067510, -0.735302, 0.137872, 0, 0, 0, -1, -4, 0
5, 8.885681, 1.064810, -0.726900, 0.128779, 0, 0, 0, -1, -4, 0
5, 8.890157, 1.094582, -0.680825, 0.151044, 0, 0, 0, -1, -4, 0
5, 8.894354, 1.080740, -0.704044, 0.136471, 0, 0, 0, -1, -4, 0
5, 8.897323, 1.076561, -0.703875, 0.108467, 0, 0, 0, -1, -4, 0
5, 8.906149, 1.089190, -0.689096, 0.099003, 0, 0, 0, -1, -4, 0
5, 8.912093, 1.086286, -0.674306, 0.081233, 0, 0, 0, -1, -4, 0
5, 8.917972, 1.099228, -0.665584, 0.079039, 0, 0, 0, -1, -4, 0
5, 8.920893, 1.096382, -0.656613, 0.069655, 0, 0, 0, -1, -4, 0
5, 8.929672, 1.109756, -0.641319, 0.058496, 0, 0, 0, -1, -4, 0
5, 8.932695, 1.106725, -0.631538, 0.048302, 0, 0, 0, -1, -4, 0
5, 8.938607, 1.118981, -0.625172, 0.044221, 0, 0, 0, -1, -4, 0
5, 8.944480, 1.115254, -0.609429, 0.026540, 0, 0, 0, -1, -4, 0
5, 8.953347, 1.128428, -0.592575, 0.014624, 0, 0, 0, -1, -4, 0
5, 8.959194, 1.128862, -0.586619, 0.005904, 0, 0, 0, -1, -4, 0
5, 8.965120, 1.140338, -0.573888, 0.011937, 0, 0, 0, -1, -4, 0
5, 9.020901, 1.209151, -0.504593, 0.098019, 0, 0, 0, -1, -4, 0
5, 9.026803, 1.222018, -0.486864, 0.109335, 0, 0, 0, -1, -4, 0
5, 9.053327, 1.240935, -0.480837, 0.123457, 0, 0, 0, -1, -4, 0
6, 9.712611, 0.466957, -3.214834, 0.108377, 0, 0, 0, -1, -4, 0
6, 9.728835, 0.527375, -3.063353, 0.166586, 0, 0, 0, -1, -4, 0
6, 9.730204, 0.476305, -3.148801, 0.138872, 0, 0, 0, -1, -4, 0
6, 9.746512, 0.530110, -2.998070, 0.190763, 0, 0, 0, -1, -4, 0
6, 9.747962, 0.478264, -3.079090, 0.160014, 0, 0, 0, -1, -4, 0
6, 9.764167, 0.533765, -2.931843, 0.214023, 0, 0, 0, -1, -4, 0
6, 9.765634, 0.484312, -3.002771, 0.186183, 0, 0, 0, -1, -4, 0
6, 9.781980, 0.540130, -2.869341, 0.231730, 0, 0, 0, -1, -4, 0
6, 9.783456, 0.491820, -2.938378, 0.205305, 0, 0, 0, -1, -4, 0
6, 9.799512, 0.544680, -2.804814, 0.244647, 0, 0, 0, -1, -4, 0
6, 9.800989, 0.497636, -2.870917, 0.219209, 0, 0, 0, -1, -4, 0
6, 9.811257, 0.543119, -2.764896, 0.256077, 0, 0, 0, -1, -4, 0
6, 9.812738, 0.495170, -2.827001, 0.231399, 0, 0, 0, -1, -4, 0
6, 9.828888, 0.552603, -2.699371, 0.265488, 0, 0, 0, -1, -4, 0
6, 9.830308, 0.507248, -2.758171, 0.240584, 0, 0, 0, -1, -4, 0
6, 9.846571, 0.562436, -2.631084, 0.275150, 0, 0, 0, -1, -4, 0
6, 9.847997, 0.517929, -2.692241, 0.248914, 0, 0, 0, -1, -4, 0
6, 9.864316, 0.566451, -2.572454, 0.281693, 0, 0, 0, -1, -4, 0
6, 9.865658, 0.527585, -2.619223, 0.259515, 0, 0, 0, -1, -4, 0
6, 9.871496, 0.549952, -2.591628, 0.289970, 0, 0, 0, -1, -4, 0
6, 9.877358, 0.549969, -2.571222, 0.289079, 0, 0, 0, -1, -4, 0
6, 9.881940, 0.571360, -2.511650, 0.284034, 0, 0, 0, -1, -4, 0
6, 9.883350, 0.536665, -2.556790, 0.262313, 0, 0, 0, -1, -4, 0
6, 9.889067, 0.558648, -2.529373, 0.289923, 0, 0, 0, -1, -4, 0
6, 9.893598, 0.577302, -2.471246, 0.281841, 0, 0, 0, -1, -4, 0
6, 9.895029, 0.542263, -2.514571, 0.261297, 0, 0, 0, -1, -4, 0
6, 9.900840, 0.566370, -2.484700, 0.292786, 0, 0, 0, -1, -4, 0
6, 9.905375, 0.585754, -2.422106, 0.280030, 0, 0, 0, -1, -4, 0
6, 9.906797, 0.545972, -2.469925, 0.255938, 0, 0, 0, -1, -4, 0
6, 9.912668, 0.571397, -2.441334, 0.288135, 0, 0, 0, -1, -4, 0
6, 9.918501, 0.576360, -2.420534, 0.286436, 0, 0, 0, -1, -4, 0
6, 9.923089, 0.590172, -2.366064, 0.277462, 0, 0, 0, -1, -4, 0
6, 9.924535, 0.557267, -2.405039, 0.254723, 0, 0, 0, -1, -4, 0
6, 9.930277, 0.583065, -2.380023, 0.279358, 0, 0, 0, -1, -4, 0
6, 9.934899, 0.598596, -2.324085, 0.269657, 0, 0, 0, -1, -4, 0
6, 9.936316, 0.565193, -2.363767, 0.247484, 0, 0, 0, -1, -4, 0
6, 9.942058, 0.586399, -2.337292, 0.272571, 0, 0, 0, -1, -4, 0
6, 9.946657, 0.601811, -2.281327, 0.263958, 0, 0, 0, -1, -4, 0
6, 9.948077, 0.571424, -2.316482, 0.243459, 0, 0, 0, -1, -4, 0
6, 9.950890, 0.582670, -2.305944, 0.268092, 0, 0, 0, -1, -4, 0
6, 9.953828, 0.593739, -2.294128, 0.265060, 0, 0, 0, -1, -4, 0
6, 9.956764, 0.586573, -2.286953, 0.263927, 0, 0, 0, -1, -4, 0
6, 9.958375, 0.606056, -2.242077, 0.255196, 0, 0, 0, -1, -4, 0
6, 9.959848, 0.576427, -2.274089, 0.232890, 0, 0, 0, -1, -4, 0
6, 9.962681, 0.591745, -2.265546, 0.258310, 0, 0, 0, -1, -4, 0
6, 9.965598, 0.603318, -2.252227, 0.255835, 0, 0, 0, -1, -4, 0
6, 9.968559, 0.594014, -2.243241, 0.253815, 0, 0, 0, -1, -4, 0
6, 9.970140, 0.614280, -2.199287, 0.246055, 0, 0, 0, -1, -4, 0
6, 9.971573, 0.584499, -2.232252, 0.225626, 0, 0, 0, -1, -4, 0
6, 9.974429, 0.597773, -2.224692, 0.250365, 0, 0, 0, -1, -4, 0
6, 9.977384, 0.611486, -2.210079, 0.246371, 0, 0, 0, -1, -4, 0
6, 9.980320, 0.601284, -2.200790, 0.243277, 0, 0, 0, -1, -4, 0
6, 9.981902, 0.618167, -2.161410, 0.237280, 0, 0, 0, -1, -4, 0
6, 9.983305, 0.592541, -2.191311, 0.216278, 0, 0, 0, -1, -4, 0
6, 9.986185, 0.604410, -2.182223, 0.237065, 0, 0, 0, -1, -4, 0
6, 9.989143, 0.616413, -2.169849, 0.233036, 0, 0, 0, -1, -4, 0
6, 9.992063, 0.606442, -2.161352, 0.229126, 0, 0, 0, -1, -4, 0
6, 9.993694, 0.630348, -2.118265, 0.221304, 0, 0, 0, -1, -4, 0
6, 9.995076, 0.603128, -2.150275, 0.203788, 0, 0, 0, -1, -4, 0
6, 9.997948, 0.609634, -2.140945, 0.224060, 0, 0, 0, -1, -4, 0
6, 10.000926, 0.622012, -2.128599, 0.219404, 0, 0, 0, -1, -4, 0
6, 10.003860, 0.613310, -2.120292, 0.216864, 0, 0, 0, -1, -4, 0
6, 10.005466, 0.633238, -2.080445, 0.210966, 0, 0, 0, -1, -4, 0
6, 10.006848, 0.609616, -2.109088, 0.192191, 0, 0, 0, -1, -4, 0
6, 10.009716, 0.617237, -2.099676, 0.209619, 0, 0, 0, -1, -4, 0
6, 10.012695, 0.628539, -2.087566, 0.205934, 0, 0, 0, -1, -4, 0
6, 10.015810, 0.602588, -2.081305, 0.176203, 0, 0, 0, -1, -4, 0
6, 10.018751, 0.614166, -2.067054, 0.177563, 0, 0, 0, -1, -4, 0
6, 10.021533, 0.624944, -2.058844, 0.193860, 0, 0, 0, -1, -4, 0
6, 10.024500, 0.636693, -2.046586, 0.189564, 0, 0, 0, -1, -4, 0
6, 10.027431, 0.627575, -2.038571, 0.185584, 0, 0, 0, -1, -4, 0
6, 10.029054, 0.643622, -2.004162, 0.183011, 0, 0, 0, -1, -4, 0
6, 10.030489, 0.625932, -2.027976, 0.165212, 0, 0, 0, -1, -4, 0
6, 10.033399, 0.630867, -2.017481, 0.176592, 0, 0, 0, -1, -4, 0
6, 10.035008, 0.648372, -1.981556, 0.171969, 0, 0, 0, -1, -4, 0
6, 10.036365, 0.628834, -2.005855, 0.154422, 0, 0, 0, -1, -4, 0
6, 10.045125, 0.638862, -1.977608, 0.159543, 0, 0, 0, -1, -4, 0
6, 10.046658, 0.655960, -1.941409, 0.153568, 0, 0, 0, -1, -4, 0
6, 10.048226, 0.633769, -1.968060, 0.134408, 0, 0, 0, -1, -4, 0
6, 10.051076, 0.640858, -1.959757, 0.149244, 0, 0, 0, -1, -4, 0
6, 10.052595, 0.663866, -1.919526, 0.141530, 0, 0, 0, -1, -4, 0
6, 10.054024, 0.641756, -1.945815, 0.125295, 0, 0, 0, -1, -4, 0
6, 10.056860, 0.645066, -1.936961, 0.139361, 0, 0, 0, -1, -4, 0
6, 10.058497, 0.669430, -1.897197, 0.130084, 0, 0, 0, -1, -4, 0
6, 10.059901, 0.645062, -1.925809, 0.114674, 0, 0, 0, -1, -4, 0
6, 10.068592, 0.651500, -1.898621, 0.118533, 0, 0, 0, -1, -4, 0
6, 10.070265, 0.673057, -1.860727, 0.110941, 0, 0, 0, -1, -4, 0
6, 10.071729, 0.651728, -1.886033, 0.095153, 0, 0, 0, -1, -4, 0
6, 10.080395, 0.657538, -1.857812, 0.094451, 0, 0, 0, -1, -4, 0
6, 10.082034, 0.677996, -1.824252, 0.087095, 0, 0, 0, -1, -4, 0
6, 10.083449, 0.659551, -1.848602, 0.071485, 0, 0, 0, -1, -4, 0
6, 10.086442, 0.650186, -1.839487, 0.058110, 0, 0, 0, -1, -4, 0
6, 10.089374, 0.660064, -1.828705, 0.058768, 0, 0, 0, -1, -4, 0
6, 10.092157, 0.665804, -1.821687, 0.072342, 0, 0, 0, -1, -4, 0
6, 10.095142, 0.680149, -1.808379, 0.064157, 0, 0, 0, -1, -4, 0
6, 10.098046, 0.670109, -1.799268, 0.058227, 0, 0, 0, -1, -4, 0
6, 10.099623, 0.688412, -1.764515, 0.053446, 0, 0, 0, -1, -4, 0
6, 10.101081, 0.670125, -1.789856, 0.034930, 0, 0, 0, -1, -4, 0
6, 10.104032, 0.661559, -1.780232, 0.019874, 0, 0, 0, -1, -4, 0
6, 10.106939, 0.671299, -1.770509, 0.019764, 0, 0, 0, -1, -4, 0
6, 10.109764, 0.676986, -1.761976, 0.033005, 0, 0, 0, -1, -4, 0
6, 10.112798, 0.689338, -1.748832, 0.027086, 0, 0, 0, -1, -4, 0
6, 10.115769, 0.679557, -1.739627, 0.021241, 0, 0, 0, -1, -4, 0
6, 10.117303, 0.701584, -1.703596, 0.015582, 0, 0, 0, -1, -4, 0
6, 10.118798, 0.680783, -1.733594, -0.002415, 0, 0, 0, -1, -4, 0
6, 10.127573, 0.691321, -1.710451, 0.029744, 0, 0, 0, -1, -4, 0
6, 10.130495, 0.696313, -1.698648, 0.033273, 0, 0, 0, -1, -4, 0
6, 10.133429, 0.698406, -1.695104, 0.042390, 0, 0, 0, -1, -4, 0
6, 10.136385, 0.702992, -1.685189, 0.044846, 0, 0, 0, -1, -4, 0
6, 10.139395, 0.704354, -1.681916, 0.052268, 0, 0, 0, -1, -4, 0
6, 10.140941, 0.718881, -1.650392, 0.053346, 0, 0, 0, -1, -4, 0
6, 10.142373, 0.701976, -1.672264, 0.039935, 0, 0, 0, -1, -4, 0
6, 10.145228, 0.711962, -1.667826, 0.063429, 0, 0, 0, -1, -4, 0
6, 10.148143, 0.714761, -1.658444, 0.068103, 0, 0, 0, -1, -4, 0
6, 10.151159, 0.715318, -1.653937, 0.075983, 0, 0, 0, -1, -4, 0
6, 10.154076, 0.719365, -1.644004, 0.079402, 0, 0, 0, -1, -4, 0
6, 10.162865, 0.723784, -1.627272, 0.096460, 0, 0, 0, -1, -4, 0
6, 10.164452, 0.739047, -1.593054, 0.097063, 0, 0, 0, -1, -4, 0
6, 10.165883, 0.719516, -1.615267, 0.083941, 0, 0, 0, -1, -4, 0
6, 10.174587, 0.736932, -1.601991, 0.116252, 0, 0, 0, -1, -4, 0
6, 10.177528, 0.741049, -1.592135, 0.119868, 0, 0, 0, -1, -4, 0
6, 10.180503, 0.740614, -1.587260, 0.126672, 0, 0, 0, -1, -4, 0
6, 10.183450, 0.744855, -1.577338, 0.130227, 0, 0, 0, -1, -4, 0
6, 10.186354, 0.743742, -1.572289, 0.135920, 0, 0, 0, -1, -4, 0
6, 10.187959, 0.760564, -1.540245, 0.135944, 0, 0, 0, -1, -4, 0
6, 10.189404, 0.743169, -1.560981, 0.125071, 0, 0, 0, -1, -4, 0
6, 10.198193, 0.756750, -1.543739, 0.154105, 0, 0, 0, -1, -4, 0
6, 10.201148, 0.760436, -1.535379, 0.157064, 0, 0, 0, -1, -4, 0
6, 10.209935, 0.767805, -1.519229, 0.169394, 0, 0, 0, -1, -4, 0
6, 10.212884, 0.775537, -1.506831, 0.170352, 0, 0, 0, -1, -4, 0
6, 10.221740, 0.776391, -1.490497, 0.180755, 0, 0, 0, -1, -4, 0
6, 10.223435, 0.794864, -1.458768, 0.181517, 0, 0, 0, -1, -4, 0
6, 10.224868, 0.778140, -1.482090, 0.169072, 0, 0, 0, -1, -4, 0
6, 10.233507, 0.785813, -1.463823, 0.195387, 0, 0, 0, -1, -4, 0
6, 10.236397, 0.792821, -1.453829, 0.195136, 0, 0, 0, -1, -4, 0
6, 10.245244, 0.799459, -1.436253, 0.208400, 0, 0, 0, -1, -4, 0
6, 10.248199, 0.806725, -1.425715, 0.208296, 0, 0, 0, -1, -4, 0
6, 10.257005, 0.809460, -1.409073, 0.219626, 0, 0, 0, -1, -4, 0
6, 10.259922, 0.815157, -1.399496, 0.221109, 0, 0, 0, -1, -4, 0
6, 10.267491, 0.840762, -1.349411, 0.226828, 0, 0, 0, -1, -4, 0
6, 10.271731, 0.824227, -1.372869, 0.227123, 0, 0, 0, -1, -4, 0
6, 10.280587, 0.830201, -1.356263, 0.233852, 0, 0, 0, -1, -4, 0
6, 10.283517, 0.837085, -1.344859, 0.235559, 0, 0, 0, -1, -4, 0
6, 10.289369, 0.833884, -1.338091, 0.240256, 0, 0, 0, -1, -4, 0
6, 10.295274, 0.847669, -1.321427, 0.236555, 0, 0, 0, -1, -4, 0
6, 10.298292, 0.841564, -1.321663, 0.222260, 0, 0, 0, -1, -4, 0
6, 10.302727, 0.873464, -1.271868, 0.246649, 0, 0, 0, -1, -4, 0
6, 10.307003, 0.857292, -1.297313, 0.244301, 0, 0, 0, -1, -4, 0
6, 10.321758, 0.867594, -1.266731, 0.246500, 0, 0, 0, -1, -4, 0
6, 10.323447, 0.886663, -1.232757, 0.249380, 0, 0, 0, -1, -4, 0
6, 10.327849, 0.875947, -1.249765, 0.236338, 0, 0, 0, -1, -4, 0
6, 10.336513, 0.875579, -1.237586, 0.248575, 0, 0, 0, -1, -4, 0
6, 10.341100, 0.902219, -1.194811, 0.249292, 0, 0, 0, -1, -4, 0
6, 10.342548, 0.883574, -1.220843, 0.234639, 0, 0, 0, -1, -4, 0
6, 10.354198, 0.893151, -1.198249, 0.247985, 0, 0, 0, -1, -4, 0
6, 10.358651, 0.920824, -1.154820, 0.247875, 0, 0, 0, -1, -4, 0
6, 10.360128, 0.901891, -1.182912, 0.230785, 0, 0, 0, -1, -4, 0
6, 10.374768, 0.913826, -1.151334, 0.241073, 0, 0, 0, -1, -4, 0
6, 10.376449, 0.936378, -1.116856, 0.243056, 0, 0, 0, -1, -4, 0
6, 10.380845, 0.924969, -1.137993, 0.228782, 0, 0, 0, -1, -4, 0
6, 10.393997, 0.954369, -1.076825, 0.234329, 0, 0, 0, -1, -4, 0
6, 10.395433, 0.934695, -1.109674, 0.217153, 0, 0, 0, -1, -4, 0
6, 10.407189, 0.937748, -1.089068, 0.204955, 0, 0, 0, -1, -4, 0
6, 10.413090, 0.951561, -1.074012, 0.207922, 0, 0, 0, -1, -4, 0
6, 10.415895, 0.951158, -1.063011, 0.217452, 0, 0, 0, -1, -4, 0
6, 10.420498, 0.979050, -1.020737, 0.215852, 0, 0, 0, -1, -4, 0
6, 10.424942, 0.960753, -1.048403, 0.198111, 0, 0, 0, -1, -4, 0
6, 10.430807, 0.957853, -1.039082, 0.185677, 0, 0, 0, -1, -4, 0
6, 10.436702, 0.972433, -1.023705, 0.188406, 0, 0, 0, -1, -4, 0
6, 10.439537, 0.970638, -1.013713, 0.198153, 0, 0, 0, -1, -4, 0
6, 10.444063, 1.001771, -0.969878, 0.193231, 0, 0, 0, -1, -4, 0
6, 10.448439, 0.981737, -1.000622, 0.173717, 0, 0, 0, -1, -4, 0
6, 10.454288, 0.978466, -0.989728, 0.159503, 0, 0, 0, -1, -4, 0
6, 10.460155, 0.993301, -0.976560, 0.159410, 0, 0, 0, -1, -4, 0
6, 10.465926, 0.990606, -0.963478, 0.168352, 0, 0, 0, -1, -4, 0
6, 10.470426, 1.023142, -0.919034, 0.165258, 0, 0, 0, -1, -4, 0
6, 10.472021, 1.004115, -0.952072, 0.144221, 0, 0, 0, -1, -4, 0
6, 10.477936, 1.001429, -0.940877, 0.129211, 0, 0, 0, -1, -4, 0
6, 10.483701, 1.013710, -0.929569, 0.130015, 0, 0, 0, -1, -4, 0
6, 10.492462, 1.019750, -0.908282, 0.134874, 0, 0, 0, -1, -4, 0
6, 10.494140, 1.046267, -0.866939, 0.137020, 0, 0, 0, -1, -4, 0
6, 10.498496, 1.029532, -0.901094, 0.110325, 0, 0, 0, -1, -4, 0
6, 10.504405, 1.025756, -0.887327, 0.092963, 0, 0, 0, -1, -4, 0
6, 10.508886, 1.048170, -0.847530, 0.113163, 0, 0, 0, -1, -4, 0
6, 10.511735, 1.060101, -0.832742, 0.105472, 0, 0, 0, -1, -4, 0
6, 10.513098, 1.036969, -0.871683, 0.084237, 0, 0, 0, -1, -4, 0
6, 10.522035, 1.041116, -0.852575, 0.062793, 0, 0, 0, -1, -4, 0
6, 10.527917, 1.054406, -0.843160, 0.060884, 0, 0, 0, -1, -4, 0
6, 10.533623, 1.054885, -0.829688, 0.070234, 0, 0, 0, -1, -4, 0
6, 10.535266, 1.082187, -0.784875, 0.070517, 0, 0, 0, -1, -4, 0
6, 10.542706, 1.063066, -0.812697, 0.029672, 0, 0, 0, -1, -4, 0
6, 10.545537, 1.062428, -0.803407, 0.044456, 0, 0, 0, -1, -4, 0
6, 10.550098, 1.102053, -0.747097, 0.036303, 0, 0, 0, -1, -4, 0
6, 10.554519, 1.071362, -0.790423, 0.008126, 0, 0, 0, -1, -4, 0
6, 10.566065, 1.087954, -0.768034, 0.046005, 0, 0, 0, -1, -4, 0
6, 10.574862, 1.095575, -0.760340, 0.062497, 0, 0, 0, -1, -4, 0
6, 10.577829, 1.100774, -0.750675, 0.064280, 0, 0, 0, -1, -4, 0
6, 10.580873, 1.102429, -0.759654, 0.047293, 0, 0, 0, -1, -4, 0
6, 10.583775, 1.107608, -0.749647, 0.055260, 0, 0, 0, -1, -4, 0
6, 10.586614, 1.108260, -0.744990, 0.082449, 0, 0, 0, -1, -4, 0
6, 10.589562, 1.113183, -0.735769, 0.084359, 0, 0, 0, -1, -4, 0
6, 10.601366, 1.127912, -0.723013, 0.107290, 0, 0, 0, -1, -4, 0
6, 10.622097, 1.149265, -0.705544, 0.110474, 0, 0, 0, -1, -4, 0
6, 10.627955, 1.161570, -0.688254, 0.120344, 0, 0, 0, -1, -4, 0
6, 10.645478, 1.174547, -0.665294, 0.159880, 0, 0, 0, -1, -4, 0
6, 10.651363, 1.184359, -0.649485, 0.161429, 0, 0, 0, -1, -4, 0
6, 10.657264, 1.186287, -0.649995, 0.172898, 0, 0, 0, -1, -4, 0
6, 10.663216, 1.196400, -0.634444, 0.173567, 0, 0, 0, -1, -4, 0
6, 10.672037, 1.200178, -0.638371, 0.185409, 0, 0, 0, -1, -4, 0
6, 10.676619, 1.243425, -0.583700, 0.190115, 0, 0, 0, -1, -4, 0
6, 10.678077, 1.215560, -0.632157, 0.166266, 0, 0, 0, -1, -4, 0
6, 10.695554, 1.233846, -0.598412, 0.200552, 0, 0, 0, -1, -4, 0
6, 10.717803, 1.294639, -0.526569, 0.215627, 0, 0, 0, -1, -4, 0
6, 10.719225, 1.262771, -0.581412, 0.186668, 0, 0, 0, -1, -4, 0
6, 10.736893, 1.277392, -0.566755, 0.186519, 0, 0, 0, -1, -4, 0
6, 10.744227, 1.324339, -0.491282, 0.223281, 0, 0, 0, -1, -4, 0
6, 10.756012, 1.341568, -0.473820, 0.215377, 0, 0, 0, -1, -4, 0
6, 10.788444, 1.369836, -0.445632, 0.221724, 0, 0, 0, -1, -4, 0
6, 10.797274, 1.386884, -0.426972, 0.213470, 0, 0, 0, -1, -4, 0
