0, 0.000000, 0.534637, -3.090606, 0.147608, 0, 0, 0, 2, -5, 0
0, 0.006146, 0.461191, -3.186252, 0.118272, 0, 0, 0, 2, -5, 0
0, 0.008548, 0.531923, -3.051891, 0.167616, 0, 0, 0, 2, -5, 0
0, 0.018127, 0.465016, -3.099274, 0.150459, 0, 0, 0, 2, -5, 0
0, 0.020771, 0.532455, -2.977969, 0.197620, 0, 0, 0, 2, -5, 0
0, 0.033246, 0.543470, -2.892236, 0.230198, 0, 0, 0, 2, -5, 0
0, 0.033562, 0.491664, -2.971195, 0.200819, 0, 0, 0, 2, -5, 0
0, 0.044807, 0.553618, -2.817480, 0.254239, 0, 0, 0, 2, -5, 0
0, 0.045080, 0.505098, -2.888257, 0.228971, 0, 0, 0, 2, -5, 0
0, 0.053015, 0.486814, -2.848597, 0.236280, 0, 0, 0, 2, -5, 0
0, 0.055703, 0.555259, -2.742399, 0.280135, 0, 0, 0, 2, -5, 0
0, 0.065122, 0.501674, -2.764113, 0.263416, 0, 0, 0, 2, -5, 0
0, 0.068509, 0.519225, -2.727761, 0.277346, 0, 0, 0, 2, -5, 0
0, 0.079170, 0.581876, -2.584160, 0.333014, 0, 0, 0, 2, -5, 0
0, 0.079551, 0.536986, -2.639647, 0.308831, 0, 0, 0, 2, -5, 0
0, 0.090861, 0.586339, -2.511741, 0.349357, 0, 0, 0, 2, -5, 0
0, 0.091237, 0.547351, -2.563111, 0.328701, 0, 0, 0, 2, -5, 0
0, 0.097246, 0.568828, -2.513245, 0.372944, 0, 0, 0, 2, -5, 0
0, 0.102695, 0.598539, -2.430696, 0.370220, 0, 0, 0, 2, -5, 0
0, 0.103518, 0.558071, -2.481761, 0.349986, 0, 0, 0, 2, -5, 0
0, 0.109283, 0.579805, -2.431986, 0.393383, 0, 0, 0, 2, -5, 0
0, 0.114190, 0.605143, -2.359924, 0.391869, 0, 0, 0, 2, -5, 0
0, 0.115520, 0.572541, -2.400109, 0.373803, 0, 0, 0, 2, -5, 0
0, 0.121439, 0.593596, -2.355716, 0.407753, 0, 0, 0, 2, -5, 0
0, 0.124145, 0.565704, -2.352777, 0.374948, 0, 0, 0, 2, -5, 0
0, 0.126379, 0.620762, -2.276400, 0.406528, 0, 0, 0, 2, -5, 0
0, 0.127608, 0.601619, -2.313836, 0.415956, 0, 0, 0, 2, -5, 0
0, 0.133049, 0.603834, -2.279788, 0.422789, 0, 0, 0, 2, -5, 0
0, 0.135571, 0.578840, -2.275276, 0.391098, 0, 0, 0, 2, -5, 0
0, 0.138121, 0.632254, -2.201872, 0.419130, 0, 0, 0, 2, -5, 0
0, 0.138829, 0.612520, -2.236608, 0.428614, 0, 0, 0, 2, -5, 0
0, 0.144838, 0.620879, -2.199394, 0.435113, 0, 0, 0, 2, -5, 0
0, 0.147345, 0.596436, -2.192731, 0.407533, 0, 0, 0, 2, -5, 0
0, 0.150068, 0.643471, -2.129690, 0.433480, 0, 0, 0, 2, -5, 0
0, 0.151179, 0.625685, -2.163520, 0.441242, 0, 0, 0, 2, -5, 0
0, 0.156961, 0.634348, -2.124305, 0.445355, 0, 0, 0, 2, -5, 0
0, 0.159441, 0.609104, -2.117046, 0.418756, 0, 0, 0, 2, -5, 0
0, 0.161675, 0.653133, -2.056052, 0.444743, 0, 0, 0, 2, -5, 0
0, 0.162625, 0.639285, -2.084269, 0.450595, 0, 0, 0, 2, -5, 0
0, 0.168169, 0.643998, -2.049206, 0.456745, 0, 0, 0, 2, -5, 0
0, 0.173602, 0.662449, -1.982554, 0.455432, 0, 0, 0, 2, -5, 0
0, 0.174023, 0.638495, -2.005796, 0.442017, 0, 0, 0, 2, -5, 0
0, 0.176830, 0.640384, -1.994513, 0.463085, 0, 0, 0, 2, -5, 0
0, 0.179704, 0.658079, -1.971747, 0.463630, 0, 0, 0, 2, -5, 0
0, 0.182398, 0.636291, -1.961671, 0.439241, 0, 0, 0, 2, -5, 0
0, 0.185575, 0.654360, -1.932291, 0.448440, 0, 0, 0, 2, -5, 0
0, 0.186466, 0.666397, -1.935705, 0.465690, 0, 0, 0, 2, -5, 0
0, 0.189086, 0.684625, -1.913469, 0.465607, 0, 0, 0, 2, -5, 0
0, 0.191818, 0.672472, -1.897849, 0.468621, 0, 0, 0, 2, -5, 0
0, 0.194281, 0.679475, -1.867772, 0.461308, 0, 0, 0, 2, -5, 0
0, 0.196755, 0.694459, -1.833728, 0.469519, 0, 0, 0, 2, -5, 0
0, 0.197508, 0.683085, -1.861708, 0.473538, 0, 0, 0, 2, -5, 0
0, 0.200452, 0.669980, -1.847307, 0.473342, 0, 0, 0, 2, -5, 0
0, 0.203320, 0.687094, -1.824453, 0.474678, 0, 0, 0, 2, -5, 0
0, 0.205992, 0.666303, -1.811771, 0.451402, 0, 0, 0, 2, -5, 0
0, 0.208661, 0.707056, -1.762099, 0.471345, 0, 0, 0, 2, -5, 0
0, 0.209623, 0.695919, -1.788355, 0.475378, 0, 0, 0, 2, -5, 0
0, 0.212362, 0.683926, -1.774108, 0.476687, 0, 0, 0, 2, -5, 0
0, 0.214764, 0.701070, -1.751859, 0.477127, 0, 0, 0, 2, -5, 0
0, 0.217750, 0.689237, -1.737285, 0.479186, 0, 0, 0, 2, -5, 0
0, 0.220556, 0.719710, -1.691774, 0.476006, 0, 0, 0, 2, -5, 0
0, 0.220965, 0.698867, -1.716145, 0.465110, 0, 0, 0, 2, -5, 0
0, 0.223575, 0.695934, -1.705335, 0.480091, 0, 0, 0, 2, -5, 0
0, 0.226307, 0.716949, -1.680858, 0.477186, 0, 0, 0, 2, -5, 0
0, 0.229378, 0.699440, -1.669706, 0.456225, 0, 0, 0, 2, -5, 0
0, 0.232097, 0.736308, -1.620310, 0.474966, 0, 0, 0, 2, -5, 0
0, 0.232986, 0.721673, -1.644930, 0.477897, 0, 0, 0, 2, -5, 0
0, 0.235602, 0.710837, -1.631815, 0.478836, 0, 0, 0, 2, -5, 0
0, 0.238159, 0.743077, -1.585218, 0.474136, 0, 0, 0, 2, -5, 0
0, 0.239716, 0.723664, -1.607933, 0.463062, 0, 0, 0, 2, -5, 0
0, 0.242018, 0.719209, -1.595608, 0.476555, 0, 0, 0, 2, -5, 0
0, 0.244052, 0.746556, -1.548630, 0.472382, 0, 0, 0, 2, -5, 0
0, 0.245176, 0.722543, -1.573001, 0.458695, 0, 0, 0, 2, -5, 0
0, 0.247656, 0.723525, -1.565145, 0.476107, 0, 0, 0, 2, -5, 0
0, 0.250727, 0.742535, -1.541947, 0.474012, 0, 0, 0, 2, -5, 0
0, 0.253733, 0.724034, -1.529113, 0.451036, 0, 0, 0, 2, -5, 0
0, 0.255775, 0.760043, -1.483199, 0.469560, 0, 0, 0, 2, -5, 0
0, 0.256142, 0.749278, -1.506294, 0.469742, 0, 0, 0, 2, -5, 0
0, 0.259237, 0.739478, -1.493871, 0.470996, 0, 0, 0, 2, -5, 0
0, 0.262731, 0.755430, -1.473861, 0.469603, 0, 0, 0, 2, -5, 0
0, 0.265432, 0.735176, -1.460675, 0.449437, 0, 0, 0, 2, -5, 0
0, 0.267965, 0.765818, -1.422193, 0.469039, 0, 0, 0, 2, -5, 0
0, 0.269148, 0.763229, -1.438844, 0.466221, 0, 0, 0, 2, -5, 0
0, 0.271697, 0.742292, -1.423835, 0.445632, 0, 0, 0, 2, -5, 0
0, 0.273790, 0.774510, -1.384289, 0.465405, 0, 0, 0, 2, -5, 0
0, 0.274210, 0.769548, -1.404031, 0.463286, 0, 0, 0, 2, -5, 0
0, 0.276663, 0.752241, -1.391630, 0.442644, 0, 0, 0, 2, -5, 0
0, 0.279051, 0.784375, -1.352027, 0.460937, 0, 0, 0, 2, -5, 0
0, 0.279613, 0.777439, -1.372283, 0.459281, 0, 0, 0, 2, -5, 0
0, 0.282450, 0.766719, -1.358740, 0.459465, 0, 0, 0, 2, -5, 0
0, 0.285566, 0.784341, -1.336754, 0.457104, 0, 0, 0, 2, -5, 0
0, 0.288658, 0.768812, -1.325659, 0.438190, 0, 0, 0, 2, -5, 0
0, 0.290998, 0.797988, -1.286273, 0.455889, 0, 0, 0, 2, -5, 0
0, 0.291728, 0.791215, -1.303513, 0.451735, 0, 0, 0, 2, -5, 0
0, 0.294630, 0.780722, -1.290591, 0.450415, 0, 0, 0, 2, -5, 0
0, 0.297267, 0.810485, -1.247783, 0.448889, 0, 0, 0, 2, -5, 0
0, 0.297773, 0.792696, -1.272669, 0.436010, 0, 0, 0, 2, -5, 0
0, 0.300710, 0.785349, -1.262710, 0.426221, 0, 0, 0, 2, -5, 0
0, 0.303601, 0.819791, -1.214590, 0.444804, 0, 0, 0, 2, -5, 0
0, 0.304008, 0.802915, -1.238590, 0.444806, 0, 0, 0, 2, -5, 0
0, 0.306617, 0.790260, -1.227281, 0.423372, 0, 0, 0, 2, -5, 0
0, 0.309010, 0.807154, -1.206502, 0.428121, 0, 0, 0, 2, -5, 0
0, 0.309226, 0.809204, -1.203964, 0.436685, 0, 0, 0, 2, -5, 0
0, 0.311826, 0.829654, -1.166116, 0.430387, 0, 0, 0, 2, -5, 0
0, 0.314682, 0.830761, -1.152619, 0.432707, 0, 0, 0, 2, -5, 0
0, 0.314971, 0.816848, -1.174913, 0.430014, 0, 0, 0, 2, -5, 0
0, 0.317696, 0.807141, -1.162540, 0.428470, 0, 0, 0, 2, -5, 0
0, 0.320855, 0.836576, -1.120199, 0.427730, 0, 0, 0, 2, -5, 0
0, 0.321512, 0.821307, -1.142587, 0.415366, 0, 0, 0, 2, -5, 0
0, 0.324146, 0.813408, -1.131181, 0.404792, 0, 0, 0, 2, -5, 0
0, 0.327474, 0.828030, -1.114482, 0.407820, 0, 0, 0, 2, -5, 0
0, 0.330060, 0.819019, -1.101274, 0.395691, 0, 0, 0, 2, -5, 0
0, 0.332215, 0.853518, -1.054889, 0.415661, 0, 0, 0, 2, -5, 0
0, 0.333510, 0.840651, -1.076243, 0.413532, 0, 0, 0, 2, -5, 0
0, 0.335958, 0.829261, -1.064951, 0.392250, 0, 0, 0, 2, -5, 0
0, 0.337996, 0.860482, -1.022957, 0.408746, 0, 0, 0, 2, -5, 0
0, 0.339480, 0.845668, -1.046058, 0.405247, 0, 0, 0, 2, -5, 0
0, 0.345087, 0.848619, -1.018560, 0.385920, 0, 0, 0, 2, -5, 0
0, 0.350219, 0.875994, -0.956817, 0.396273, 0, 0, 0, 2, -5, 0
0, 0.350950, 0.857790, -0.983919, 0.391693, 0, 0, 0, 2, -5, 0
0, 0.353395, 0.848363, -0.975626, 0.367290, 0, 0, 0, 2, -5, 0
0, 0.355807, 0.882963, -0.925552, 0.387501, 0, 0, 0, 2, -5, 0
0, 0.356627, 0.862416, -0.953246, 0.383043, 0, 0, 0, 2, -5, 0
0, 0.359312, 0.854331, -0.945669, 0.357935, 0, 0, 0, 2, -5, 0
0, 0.362398, 0.869672, -0.927662, 0.363313, 0, 0, 0, 2, -5, 0
0, 0.365204, 0.863344, -0.914516, 0.375073, 0, 0, 0, 2, -5, 0
0, 0.367216, 0.893078, -0.868436, 0.373948, 0, 0, 0, 2, -5, 0
0, 0.368077, 0.872607, -0.897142, 0.355155, 0, 0, 0, 2, -5, 0
0, 0.370898, 0.865030, -0.883361, 0.342133, 0, 0, 0, 2, -5, 0
0, 0.373473, 0.900180, -0.837034, 0.364215, 0, 0, 0, 2, -5, 0
0, 0.374239, 0.884096, -0.864747, 0.358866, 0, 0, 0, 2, -5, 0
0, 0.376925, 0.872626, -0.853678, 0.333217, 0, 0, 0, 2, -5, 0
0, 0.379974, 0.887109, -0.838425, 0.336557, 0, 0, 0, 2, -5, 0
0, 0.382685, 0.882079, -0.824173, 0.345566, 0, 0, 0, 2, -5, 0
0, 0.385323, 0.916942, -0.775191, 0.343548, 0, 0, 0, 2, -5, 0
0, 0.386333, 0.892395, -0.810156, 0.324795, 0, 0, 0, 2, -5, 0
0, 0.388731, 0.883833, -0.794982, 0.311677, 0, 0, 0, 2, -5, 0
0, 0.391346, 0.898731, -0.781992, 0.311574, 0, 0, 0, 2, -5, 0
0, 0.394278, 0.892591, -0.765075, 0.319707, 0, 0, 0, 2, -5, 0
0, 0.396832, 0.926230, -0.717365, 0.319550, 0, 0, 0, 2, -5, 0
0, 0.398016, 0.902254, -0.753172, 0.299242, 0, 0, 0, 2, -5, 0
0, 0.400602, 0.896273, -0.740144, 0.286497, 0, 0, 0, 2, -5, 0
0, 0.403106, 0.911063, -0.726413, 0.288155, 0, 0, 0, 2, -5, 0
0, 0.406178, 0.905186, -0.710847, 0.298315, 0, 0, 0, 2, -5, 0
0, 0.409000, 0.938200, -0.661911, 0.297846, 0, 0, 0, 2, -5, 0
0, 0.409819, 0.915041, -0.696140, 0.275892, 0, 0, 0, 2, -5, 0
0, 0.412090, 0.908514, -0.680825, 0.260723, 0, 0, 0, 2, -5, 0
0, 0.414661, 0.922636, -0.666782, 0.264291, 0, 0, 0, 2, -5, 0
0, 0.417598, 0.916941, -0.653410, 0.251305, 0, 0, 0, 2, -5, 0
0, 0.420356, 0.953364, -0.603065, 0.274004, 0, 0, 0, 2, -5, 0
0, 0.420844, 0.931512, -0.632281, 0.267334, 0, 0, 0, 2, -5, 0
0, 0.423581, 0.921115, -0.620101, 0.237370, 0, 0, 0, 2, -5, 0
0, 0.427244, 0.934658, -0.609327, 0.237204, 0, 0, 0, 2, -5, 0
0, 0.430257, 0.930699, -0.594115, 0.247250, 0, 0, 0, 2, -5, 0
0, 0.432338, 0.963104, -0.546145, 0.248276, 0, 0, 0, 2, -5, 0
0, 0.432746, 0.941586, -0.579680, 0.225510, 0, 0, 0, 2, -5, 0
0, 0.435462, 0.934709, -0.563461, 0.210431, 0, 0, 0, 2, -5, 0
0, 0.438592, 0.946604, -0.552956, 0.212343, 0, 0, 0, 2, -5, 0
0, 0.441718, 0.940863, -0.537235, 0.222787, 0, 0, 0, 2, -5, 0
0, 0.444233, 0.976021, -0.489538, 0.222203, 0, 0, 0, 2, -5, 0
0, 0.444629, 0.952910, -0.527004, 0.198083, 0, 0, 0, 2, -5, 0
0, 0.447289, 0.946751, -0.510130, 0.181558, 0, 0, 0, 2, -5, 0
0, 0.450820, 0.958890, -0.500465, 0.182224, 0, 0, 0, 2, -5, 0
0, 0.453870, 0.952689, -0.484885, 0.194913, 0, 0, 0, 2, -5, 0
0, 0.455931, 0.992489, -0.431196, 0.192501, 0, 0, 0, 2, -5, 0
0, 0.456984, 0.964276, -0.473274, 0.166494, 0, 0, 0, 2, -5, 0
0, 0.459994, 0.956369, -0.454384, 0.149811, 0, 0, 0, 2, -5, 0
0, 0.462970, 0.969976, -0.444160, 0.150116, 0, 0, 0, 2, -5, 0
0, 0.465826, 0.966221, -0.431758, 0.165615, 0, 0, 0, 2, -5, 0
0, 0.467893, 1.005950, -0.374674, 0.163120, 0, 0, 0, 2, -5, 0
0, 0.468819, 0.974389, -0.417108, 0.135993, 0, 0, 0, 2, -5, 0
0, 0.471322, 0.967644, -0.399156, 0.119606, 0, 0, 0, 2, -5, 0
0, 0.474056, 0.979428, -0.390961, 0.119191, 0, 0, 0, 2, -5, 0
0, 0.476879, 0.976322, -0.381158, 0.138050, 0, 0, 0, 2, -5, 0
0, 0.478927, 1.019564, -0.319165, 0.133647, 0, 0, 0, 2, -5, 0
0, 0.480286, 0.986459, -0.362842, 0.104729, 0, 0, 0, 2, -5, 0
0, 0.483398, 0.979667, -0.344458, 0.088220, 0, 0, 0, 2, -5, 0
0, 0.486631, 0.989996, -0.339032, 0.085327, 0, 0, 0, 2, -5, 0
0, 0.489145, 0.986733, -0.327675, 0.103891, 0, 0, 0, 2, -5, 0
0, 0.490763, 1.030947, -0.265517, 0.100159, 0, 0, 0, 2, -5, 0
0, 0.491827, 0.996281, -0.312038, 0.069107, 0, 0, 0, 2, -5, 0
0, 0.494784, 0.989513, -0.292362, 0.051213, 0, 0, 0, 2, -5, 0
0, 0.498116, 1.000724, -0.285684, 0.049807, 0, 0, 0, 2, -5, 0
0, 0.500757, 0.997221, -0.275513, 0.072896, 0, 0, 0, 2, -5, 0
0, 0.502641, 1.047178, -0.204283, 0.067145, 0, 0, 0, 2, -5, 0
0, 0.504063, 1.006080, -0.257022, 0.030390, 0, 0, 0, 2, -5, 0
0, 0.507033, 1.000889, -0.240142, 0.014617, 0, 0, 0, 2, -5, 0
0, 0.509892, 1.011696, -0.233743, 0.013653, 0, 0, 0, 2, -5, 0
0, 0.512385, 1.002148, -0.210998, -0.004372, 0, 0, 0, 2, -5, 0
0, 0.514872, 1.055329, -0.153356, 0.033525, 0, 0, 0, 2, -5, 0
0, 0.516034, 1.019651, -0.211751, 0.029516, 0, 0, 0, 2, -5, 0
0, 0.526210, 1.078413, -0.107630, 0.049872, 0, 0, 0, 2, -5, 0
0, 0.527643, 1.033256, -0.162702, 0.012428, 0, 0, 0, 2, -5, 0
0, 0.533196, 1.047728, -0.148350, 0.065589, 0, 0, 0, 2, -5, 0
0, 0.538319, 1.103132, -0.059909, 0.082507, 0, 0, 0, 2, -5, 0
0, 0.539465, 1.052193, -0.120482, 0.040194, 0, 0, 0, 2, -5, 0
0, 0.550745, 1.077073, -0.088160, 0.105194, 0, 0, 0, 2, -5, 0
0, 0.553475, 1.068258, -0.074261, 0.063782, 0, 0, 0, 2, -5, 0
0, 0.556227, 1.081141, -0.057937, 0.079012, 0, 0, 0, 2, -5, 0
0, 0.562506, 1.095573, -0.044887, 0.129949, 0, 0, 0, 2, -5, 0
0, 0.573595, 1.162667, 0.060361, 0.155560, 0, 0, 0, 2, -5, 0
0, 0.574188, 1.110382, 0.002467, 0.115505, 0, 0, 0, 2, -5, 0
0, 0.586157, 1.136495, 0.032463, 0.177491, 0, 0, 0, 2, -5, 0
0, 0.588924, 1.130256, 0.047806, 0.133988, 0, 0, 0, 2, -5, 0
0, 0.591871, 1.143714, 0.061719, 0.144760, 0, 0, 0, 2, -5, 0
0, 0.600694, 1.210300, 0.150437, 0.200795, 0, 0, 0, 2, -5, 0
0, 0.606440, 1.228451, 0.180602, 0.222415, 0, 0, 0, 2, -5, 0
0, 0.611567, 1.229335, 0.192266, 0.220077, 0, 0, 0, 2, -5, 0
0, 0.618098, 1.248920, 0.219615, 0.240754, 0, 0, 0, 2, -5, 0
0, 0.624577, 1.251687, 0.234271, 0.237539, 0, 0, 0, 2, -5, 0
0, 0.629743, 1.270804, 0.262353, 0.258686, 0, 0, 0, 2, -5, 0
0, 0.635065, 1.275555, 0.277118, 0.255047, 0, 0, 0, 2, -5, 0
0, 0.641186, 1.292110, 0.301571, 0.273617, 0, 0, 0, 2, -5, 0
0, 0.647554, 1.297430, 0.317234, 0.269785, 0, 0, 0, 2, -5, 0
0, 0.654004, 1.313151, 0.341171, 0.288017, 0, 0, 0, 2, -5, 0
0, 0.659461, 1.317778, 0.355082, 0.284720, 0, 0, 0, 2, -5, 0
0, 0.664609, 1.331082, 0.374800, 0.299985, 0, 0, 0, 2, -5, 0
0, 0.667641, 1.339322, 0.388841, 0.295785, 0, 0, 0, 2, -5, 0
0, 0.679746, 1.363628, 0.431015, 0.307723, 0, 0, 0, 2, -5, 0
0, 0.682727, 1.368452, 0.442805, 0.304833, 0, 0, 0, 2, -5, 0
0, 0.696944, 1.396444, 0.488183, 0.318960, 0, 0, 0, 2, -5, 0
0, 0.703439, 1.407279, 0.510561, 0.313184, 0, 0, 0, 2, -5, 0
0, 0.715265, 1.426708, 0.544837, 0.328650, 0, 0, 0, 2, -5, 0
0, 0.718645, 1.434151, 0.557688, 0.325077, 0, 0, 0, 2, -5, 0
0, 0.735646, 1.461425, 0.602832, 0.338782, 0, 0, 0, 2, -5, 0
0, 0.738170, 1.470424, 0.620676, 0.334269, 0, 0, 0, 2, -5, 0
0, 0.758995, 1.503496, 0.678930, 0.340209, 0, 0, 0, 2, -5, 0
0, 0.761901, 1.512889, 0.695905, 0.335816, 0, 0, 0, 2, -5, 0
0, 0.788530, 1.561094, 0.772325, 0.333356, 0, 0, 0, 2, -5, 0
1, 1.623800, 0.538881, -3.069716, 0.156395, 0, 0, 0, 2, -5, 0
1, 1.633012, 0.529419, -3.032958, 0.180898, 0, 0, 0, 2, -5, 0
1, 1.633705, 0.476458, -3.121250, 0.149446, 0, 0, 0, 2, -5, 0
1, 1.642100, 0.466068, -3.077878, 0.161931, 0, 0, 0, 2, -5, 0
1, 1.644783, 0.535614, -2.953628, 0.211923, 0, 0, 0, 2, -5, 0
1, 1.653774, 0.477021, -2.994154, 0.196777, 0, 0, 0, 2, -5, 0
1, 1.656385, 0.544990, -2.878248, 0.241575, 0, 0, 0, 2, -5, 0
1, 1.668285, 0.550621, -2.807885, 0.268977, 0, 0, 0, 2, -5, 0
1, 1.671325, 0.566744, -2.770719, 0.278057, 0, 0, 0, 2, -5, 0
1, 1.680161, 0.557294, -2.729704, 0.294151, 0, 0, 0, 2, -5, 0
1, 1.681159, 0.507413, -2.794771, 0.266016, 0, 0, 0, 2, -5, 0
1, 1.689827, 0.502276, -2.755588, 0.279425, 0, 0, 0, 2, -5, 0
1, 1.692880, 0.519202, -2.719954, 0.293448, 0, 0, 0, 2, -5, 0
1, 1.703828, 0.580804, -2.580563, 0.346676, 0, 0, 0, 2, -5, 0
1, 1.704534, 0.537528, -2.635755, 0.324725, 0, 0, 0, 2, -5, 0
1, 1.715168, 0.586887, -2.506893, 0.365713, 0, 0, 0, 2, -5, 0
1, 1.715935, 0.545298, -2.560337, 0.344309, 0, 0, 0, 2, -5, 0
1, 1.722463, 0.571089, -2.509891, 0.388456, 0, 0, 0, 2, -5, 0
1, 1.726993, 0.596471, -2.431449, 0.387264, 0, 0, 0, 2, -5, 0
1, 1.727975, 0.558164, -2.480682, 0.366686, 0, 0, 0, 2, -5, 0
1, 1.733632, 0.579616, -2.432205, 0.407806, 0, 0, 0, 2, -5, 0
1, 1.737096, 0.554203, -2.434024, 0.378484, 0, 0, 0, 2, -5, 0
1, 1.739846, 0.603846, -2.360194, 0.409861, 0, 0, 0, 2, -5, 0
1, 1.740670, 0.585242, -2.395569, 0.417054, 0, 0, 0, 2, -5, 0
1, 1.745058, 0.593592, -2.356198, 0.422162, 0, 0, 0, 2, -5, 0
1, 1.751516, 0.618717, -2.284236, 0.422696, 0, 0, 0, 2, -5, 0
1, 1.751822, 0.584921, -2.320953, 0.406822, 0, 0, 0, 2, -5, 0
1, 1.757919, 0.605581, -2.279101, 0.441586, 0, 0, 0, 2, -5, 0
1, 1.760462, 0.614541, -2.245745, 0.431278, 0, 0, 0, 2, -5, 0
1, 1.763244, 0.597460, -2.243743, 0.423810, 0, 0, 0, 2, -5, 0
1, 1.763548, 0.610593, -2.243082, 0.448157, 0, 0, 0, 2, -5, 0
1, 1.769153, 0.616502, -2.205660, 0.453000, 0, 0, 0, 2, -5, 0
1, 1.771868, 0.595118, -2.201081, 0.425847, 0, 0, 0, 2, -5, 0
1, 1.774619, 0.613391, -2.168302, 0.437294, 0, 0, 0, 2, -5, 0
1, 1.774897, 0.626513, -2.168001, 0.461709, 0, 0, 0, 2, -5, 0
1, 1.780628, 0.632611, -2.130036, 0.467422, 0, 0, 0, 2, -5, 0
1, 1.785949, 0.654885, -2.062373, 0.464629, 0, 0, 0, 2, -5, 0
1, 1.786523, 0.624158, -2.093025, 0.449955, 0, 0, 0, 2, -5, 0
1, 1.792082, 0.643836, -2.057620, 0.478459, 0, 0, 0, 2, -5, 0
1, 1.795002, 0.634331, -2.044432, 0.483200, 0, 0, 0, 2, -5, 0
1, 1.797586, 0.668121, -1.989370, 0.475427, 0, 0, 0, 2, -5, 0
1, 1.798434, 0.638604, -2.017265, 0.462694, 0, 0, 0, 2, -5, 0
1, 1.801585, 0.639362, -2.006899, 0.486368, 0, 0, 0, 2, -5, 0
1, 1.804563, 0.656500, -1.985169, 0.486910, 0, 0, 0, 2, -5, 0
1, 1.807381, 0.646781, -1.971951, 0.491331, 0, 0, 0, 2, -5, 0
1, 1.809746, 0.681543, -1.919941, 0.484098, 0, 0, 0, 2, -5, 0
1, 1.810065, 0.656500, -1.944382, 0.473974, 0, 0, 0, 2, -5, 0
1, 1.813137, 0.654995, -1.933410, 0.495422, 0, 0, 0, 2, -5, 0
1, 1.816201, 0.672745, -1.912498, 0.494172, 0, 0, 0, 2, -5, 0
1, 1.818916, 0.661651, -1.899107, 0.496436, 0, 0, 0, 2, -5, 0
1, 1.821592, 0.693766, -1.848174, 0.490426, 0, 0, 0, 2, -5, 0
1, 1.821973, 0.668857, -1.871986, 0.479509, 0, 0, 0, 2, -5, 0
1, 1.825045, 0.668719, -1.862268, 0.500758, 0, 0, 0, 2, -5, 0
1, 1.828271, 0.684708, -1.841739, 0.501400, 0, 0, 0, 2, -5, 0
1, 1.830835, 0.664210, -1.830547, 0.477689, 0, 0, 0, 2, -5, 0
1, 1.833426, 0.705384, -1.778037, 0.498179, 0, 0, 0, 2, -5, 0
1, 1.833723, 0.692188, -1.805315, 0.501901, 0, 0, 0, 2, -5, 0
1, 1.836494, 0.683248, -1.793788, 0.504803, 0, 0, 0, 2, -5, 0
1, 1.840186, 0.699372, -1.772901, 0.505544, 0, 0, 0, 2, -5, 0
1, 1.842872, 0.679026, -1.760394, 0.480794, 0, 0, 0, 2, -5, 0
1, 1.845081, 0.721686, -1.705939, 0.500895, 0, 0, 0, 2, -5, 0
1, 1.845567, 0.704227, -1.735823, 0.506484, 0, 0, 0, 2, -5, 0
1, 1.848176, 0.695318, -1.724563, 0.508783, 0, 0, 0, 2, -5, 0
1, 1.851248, 0.714500, -1.701764, 0.507089, 0, 0, 0, 2, -5, 0
1, 1.854201, 0.702331, -1.687505, 0.507882, 0, 0, 0, 2, -5, 0
1, 1.856751, 0.731609, -1.642582, 0.504736, 0, 0, 0, 2, -5, 0
1, 1.857096, 0.712101, -1.664777, 0.493101, 0, 0, 0, 2, -5, 0
1, 1.859953, 0.710646, -1.654602, 0.508002, 0, 0, 0, 2, -5, 0
1, 1.863137, 0.727304, -1.633206, 0.508232, 0, 0, 0, 2, -5, 0
1, 1.865989, 0.716529, -1.620062, 0.509568, 0, 0, 0, 2, -5, 0
1, 1.868348, 0.744606, -1.575086, 0.505500, 0, 0, 0, 2, -5, 0
1, 1.868793, 0.725436, -1.594170, 0.494613, 0, 0, 0, 2, -5, 0
1, 1.871633, 0.723151, -1.584455, 0.508094, 0, 0, 0, 2, -5, 0
1, 1.874715, 0.740675, -1.564322, 0.505111, 0, 0, 0, 2, -5, 0
1, 1.878079, 0.720833, -1.551728, 0.484472, 0, 0, 0, 2, -5, 0
1, 1.881226, 0.754809, -1.509669, 0.504231, 0, 0, 0, 2, -5, 0
1, 1.881830, 0.747943, -1.529950, 0.505674, 0, 0, 0, 2, -5, 0
1, 1.883991, 0.737500, -1.516852, 0.507100, 0, 0, 0, 2, -5, 0
1, 1.886956, 0.754555, -1.497156, 0.504015, 0, 0, 0, 2, -5, 0
1, 1.889879, 0.744414, -1.484900, 0.504229, 0, 0, 0, 2, -5, 0
1, 1.892156, 0.771193, -1.440432, 0.502115, 0, 0, 0, 2, -5, 0
1, 1.892756, 0.752710, -1.459895, 0.490209, 0, 0, 0, 2, -5, 0
1, 1.895528, 0.750906, -1.450430, 0.502490, 0, 0, 0, 2, -5, 0
1, 1.898552, 0.767745, -1.430534, 0.499670, 0, 0, 0, 2, -5, 0
1, 1.901518, 0.759082, -1.419485, 0.500769, 0, 0, 0, 2, -5, 0
1, 1.904745, 0.785143, -1.375417, 0.499292, 0, 0, 0, 2, -5, 0
1, 1.905489, 0.767872, -1.393756, 0.487038, 0, 0, 0, 2, -5, 0
1, 1.907676, 0.765994, -1.384126, 0.497687, 0, 0, 0, 2, -5, 0
1, 1.910379, 0.792933, -1.342225, 0.495834, 0, 0, 0, 2, -5, 0
1, 1.911146, 0.776254, -1.362270, 0.483939, 0, 0, 0, 2, -5, 0
1, 1.913697, 0.772813, -1.351233, 0.493941, 0, 0, 0, 2, -5, 0
1, 1.916502, 0.789302, -1.331021, 0.491654, 0, 0, 0, 2, -5, 0
1, 1.919306, 0.781255, -1.320325, 0.493077, 0, 0, 0, 2, -5, 0
1, 1.922231, 0.806793, -1.277383, 0.491759, 0, 0, 0, 2, -5, 0
1, 1.923038, 0.787962, -1.299750, 0.476900, 0, 0, 0, 2, -5, 0
1, 1.925394, 0.787472, -1.290436, 0.488083, 0, 0, 0, 2, -5, 0
1, 1.933285, 0.820209, -1.219841, 0.483829, 0, 0, 0, 2, -5, 0
1, 1.934097, 0.808133, -1.239481, 0.470896, 0, 0, 0, 2, -5, 0
1, 1.936918, 0.799941, -1.228823, 0.461453, 0, 0, 0, 2, -5, 0
1, 1.939383, 0.826046, -1.190052, 0.478994, 0, 0, 0, 2, -5, 0
1, 1.945192, 0.834224, -1.156699, 0.474209, 0, 0, 0, 2, -5, 0
1, 1.945767, 0.821654, -1.177685, 0.460786, 0, 0, 0, 2, -5, 0
1, 1.948362, 0.817279, -1.163624, 0.468406, 0, 0, 0, 2, -5, 0
1, 1.951453, 0.851462, -1.114830, 0.466309, 0, 0, 0, 2, -5, 0
1, 1.951984, 0.830157, -1.144248, 0.451190, 0, 0, 0, 2, -5, 0
1, 1.954642, 0.821921, -1.133341, 0.442268, 0, 0, 0, 2, -5, 0
1, 1.957751, 0.854645, -1.087691, 0.461412, 0, 0, 0, 2, -5, 0
1, 1.958624, 0.839526, -1.111926, 0.457857, 0, 0, 0, 2, -5, 0
1, 1.960938, 0.826959, -1.102264, 0.437694, 0, 0, 0, 2, -5, 0
1, 1.963437, 0.843134, -1.080510, 0.445600, 0, 0, 0, 2, -5, 0
1, 1.966062, 0.836955, -1.067579, 0.452280, 0, 0, 0, 2, -5, 0
1, 1.968897, 0.865845, -1.027640, 0.450136, 0, 0, 0, 2, -5, 0
1, 1.969707, 0.850923, -1.050031, 0.437463, 0, 0, 0, 2, -5, 0
1, 1.972057, 0.844406, -1.038831, 0.426291, 0, 0, 0, 2, -5, 0
1, 1.974943, 0.873497, -0.996670, 0.442140, 0, 0, 0, 2, -5, 0
1, 1.975779, 0.858129, -1.017639, 0.437764, 0, 0, 0, 2, -5, 0
1, 1.978815, 0.849682, -1.010030, 0.417387, 0, 0, 0, 2, -5, 0
1, 1.981804, 0.865665, -0.991379, 0.421885, 0, 0, 0, 2, -5, 0
1, 1.983889, 0.859118, -0.977419, 0.428506, 0, 0, 0, 2, -5, 0
1, 1.986150, 0.888735, -0.938166, 0.427465, 0, 0, 0, 2, -5, 0
1, 1.987198, 0.872541, -0.963756, 0.414674, 0, 0, 0, 2, -5, 0
1, 1.989974, 0.864141, -0.949813, 0.402173, 0, 0, 0, 2, -5, 0
1, 1.992744, 0.881460, -0.931345, 0.405069, 0, 0, 0, 2, -5, 0
1, 1.995573, 0.875124, -0.916346, 0.412365, 0, 0, 0, 2, -5, 0
1, 1.998072, 0.904334, -0.876268, 0.413079, 0, 0, 0, 2, -5, 0
1, 1.999291, 0.888908, -0.902482, 0.398013, 0, 0, 0, 2, -5, 0
1, 2.002045, 0.882456, -0.890418, 0.386551, 0, 0, 0, 2, -5, 0
1, 2.004802, 0.896279, -0.875680, 0.389324, 0, 0, 0, 2, -5, 0
1, 2.007422, 0.887984, -0.857262, 0.397148, 0, 0, 0, 2, -5, 0
1, 2.010261, 0.920793, -0.812332, 0.398388, 0, 0, 0, 2, -5, 0
1, 2.011436, 0.901684, -0.844829, 0.379699, 0, 0, 0, 2, -5, 0
1, 2.013832, 0.893665, -0.830818, 0.367685, 0, 0, 0, 2, -5, 0
1, 2.016753, 0.908217, -0.813898, 0.373232, 0, 0, 0, 2, -5, 0
1, 2.019344, 0.903270, -0.802391, 0.361288, 0, 0, 0, 2, -5, 0
1, 2.021621, 0.937628, -0.756439, 0.380551, 0, 0, 0, 2, -5, 0
1, 2.022389, 0.918873, -0.784417, 0.374815, 0, 0, 0, 2, -5, 0
1, 2.028534, 0.922077, -0.760332, 0.350353, 0, 0, 0, 2, -5, 0
1, 2.033285, 0.949243, -0.696657, 0.360831, 0, 0, 0, 2, -5, 0
1, 2.034035, 0.930347, -0.725609, 0.352257, 0, 0, 0, 2, -5, 0
1, 2.037273, 0.921121, -0.717948, 0.326367, 0, 0, 0, 2, -5, 0
1, 2.040469, 0.935150, -0.704335, 0.328719, 0, 0, 0, 2, -5, 0
1, 2.042900, 0.929868, -0.690276, 0.314021, 0, 0, 0, 2, -5, 0
1, 2.045085, 0.965617, -0.640389, 0.337404, 0, 0, 0, 2, -5, 0
1, 2.045704, 0.945862, -0.668892, 0.329851, 0, 0, 0, 2, -5, 0
1, 2.048604, 0.937410, -0.660572, 0.303720, 0, 0, 0, 2, -5, 0
1, 2.051565, 0.951025, -0.650243, 0.302130, 0, 0, 0, 2, -5, 0
1, 2.054319, 0.944858, -0.635350, 0.287799, 0, 0, 0, 2, -5, 0
1, 2.056810, 0.981511, -0.581420, 0.316370, 0, 0, 0, 2, -5, 0
1, 2.059762, 0.997008, -0.555241, 0.306128, 0, 0, 0, 2, -5, 0
1, 2.062910, 0.965867, -0.597450, 0.277874, 0, 0, 0, 2, -5, 0
1, 2.065886, 0.957437, -0.580156, 0.263516, 0, 0, 0, 2, -5, 0
1, 2.068537, 0.996155, -0.526528, 0.292336, 0, 0, 0, 2, -5, 0
1, 2.068889, 0.974724, -0.561573, 0.280336, 0, 0, 0, 2, -5, 0
1, 2.071780, 0.963566, -0.552253, 0.248508, 0, 0, 0, 2, -5, 0
1, 2.074767, 0.976532, -0.540688, 0.250632, 0, 0, 0, 2, -5, 0
1, 2.077729, 0.970176, -0.525575, 0.237091, 0, 0, 0, 2, -5, 0
1, 2.080716, 1.007484, -0.473301, 0.267692, 0, 0, 0, 2, -5, 0
1, 2.081413, 0.984629, -0.507428, 0.260726, 0, 0, 0, 2, -5, 0
1, 2.084193, 0.978167, -0.496698, 0.227625, 0, 0, 0, 2, -5, 0
1, 2.087044, 0.991318, -0.486166, 0.228107, 0, 0, 0, 2, -5, 0
1, 2.089563, 0.985587, -0.470481, 0.213474, 0, 0, 0, 2, -5, 0
1, 2.092034, 1.028490, -0.415841, 0.240951, 0, 0, 0, 2, -5, 0
1, 2.092610, 0.999850, -0.456605, 0.235515, 0, 0, 0, 2, -5, 0
1, 2.095389, 0.990722, -0.441346, 0.198150, 0, 0, 0, 2, -5, 0
1, 2.098683, 1.003059, -0.431678, 0.198740, 0, 0, 0, 2, -5, 0
1, 2.101497, 0.997933, -0.414861, 0.182196, 0, 0, 0, 2, -5, 0
1, 2.104825, 1.009451, -0.406640, 0.181588, 0, 0, 0, 2, -5, 0
1, 2.107907, 1.004468, -0.395376, 0.199298, 0, 0, 0, 2, -5, 0
1, 2.109933, 1.046768, -0.336863, 0.196074, 0, 0, 0, 2, -5, 0
1, 2.110334, 1.015413, -0.380576, 0.168127, 0, 0, 0, 2, -5, 0
1, 2.112925, 1.009837, -0.362010, 0.150192, 0, 0, 0, 2, -5, 0
1, 2.116047, 1.022606, -0.354036, 0.148164, 0, 0, 0, 2, -5, 0
1, 2.119231, 1.020101, -0.344779, 0.168446, 0, 0, 0, 2, -5, 0
1, 2.121696, 1.065934, -0.279706, 0.164875, 0, 0, 0, 2, -5, 0
1, 2.122125, 1.030111, -0.327202, 0.133740, 0, 0, 0, 2, -5, 0
1, 2.125399, 1.022635, -0.309643, 0.119887, 0, 0, 0, 2, -5, 0
1, 2.128393, 1.033795, -0.302320, 0.119237, 0, 0, 0, 2, -5, 0
1, 2.130757, 1.032922, -0.293976, 0.139772, 0, 0, 0, 2, -5, 0
1, 2.134141, 1.045065, -0.280526, 0.130819, 0, 0, 0, 2, -5, 0
1, 2.137707, 1.034687, -0.259199, 0.082234, 0, 0, 0, 2, -5, 0
1, 2.140331, 1.046381, -0.251441, 0.082071, 0, 0, 0, 2, -5, 0
1, 2.142762, 1.043615, -0.243415, 0.106537, 0, 0, 0, 2, -5, 0
1, 2.145377, 1.093022, -0.174579, 0.102418, 0, 0, 0, 2, -5, 0
1, 2.146614, 1.051971, -0.228296, 0.065837, 0, 0, 0, 2, -5, 0
1, 2.149223, 1.046548, -0.209036, 0.047996, 0, 0, 0, 2, -5, 0
1, 2.152017, 1.059636, -0.200208, 0.048563, 0, 0, 0, 2, -5, 0
1, 2.154798, 1.055536, -0.191595, 0.072948, 0, 0, 0, 2, -5, 0
1, 2.156960, 1.106766, -0.121156, 0.066889, 0, 0, 0, 2, -5, 0
1, 2.157937, 1.063268, -0.176457, 0.028602, 0, 0, 0, 2, -5, 0
1, 2.160854, 1.056396, -0.157004, 0.012563, 0, 0, 0, 2, -5, 0
1, 2.163731, 1.066456, -0.150670, 0.012668, 0, 0, 0, 2, -5, 0
1, 2.166302, 1.063228, -0.134110, -0.003883, 0, 0, 0, 2, -5, 0
1, 2.168597, 1.120168, -0.071107, 0.034848, 0, 0, 0, 2, -5, 0
1, 2.169190, 1.076831, -0.133798, 0.032761, 0, 0, 0, 2, -5, 0
1, 2.172113, 1.068397, -0.114941, -0.016264, 0, 0, 0, 2, -5, 0
1, 2.174929, 1.081437, -0.101497, -0.006350, 0, 0, 0, 2, -5, 0
1, 2.181513, 1.098750, -0.089947, 0.051130, 0, 0, 0, 2, -5, 0
1, 2.192621, 1.165471, 0.015339, 0.080794, 0, 0, 0, 2, -5, 0
1, 2.193315, 1.114267, -0.044005, 0.040001, 0, 0, 0, 2, -5, 0
1, 2.198877, 1.130512, -0.031745, 0.096409, 0, 0, 0, 2, -5, 0
1, 2.204593, 1.138883, -0.014990, 0.110876, 0, 0, 0, 2, -5, 0
1, 2.207819, 1.132704, -0.001835, 0.067627, 0, 0, 0, 2, -5, 0
1, 2.210697, 1.148998, 0.016818, 0.083748, 0, 0, 0, 2, -5, 0
1, 2.228078, 1.237384, 0.138477, 0.167079, 0, 0, 0, 2, -5, 0
1, 2.231103, 1.251676, 0.157350, 0.181729, 0, 0, 0, 2, -5, 0
1, 2.239292, 1.250977, 0.167721, 0.179884, 0, 0, 0, 2, -5, 0
1, 2.245401, 1.275030, 0.201285, 0.205663, 0, 0, 0, 2, -5, 0
1, 2.260231, 1.299841, 0.244064, 0.227647, 0, 0, 0, 2, -5, 0
1, 2.265580, 1.321892, 0.274310, 0.251164, 0, 0, 0, 2, -5, 0
1, 2.274531, 1.327714, 0.289770, 0.247069, 0, 0, 0, 2, -5, 0
1, 2.280799, 1.348395, 0.319035, 0.269850, 0, 0, 0, 2, -5, 0
1, 2.286467, 1.352557, 0.332743, 0.266566, 0, 0, 0, 2, -5, 0
1, 2.292624, 1.371723, 0.358546, 0.287127, 0, 0, 0, 2, -5, 0
1, 2.304744, 1.397647, 0.397946, 0.305438, 0, 0, 0, 2, -5, 0
1, 2.316107, 1.421486, 0.435726, 0.318670, 0, 0, 0, 2, -5, 0
1, 2.328088, 1.446133, 0.472259, 0.332448, 0, 0, 0, 2, -5, 0
1, 2.342374, 1.477344, 0.520561, 0.352731, 0, 0, 0, 2, -5, 0
1, 2.348444, 1.485521, 0.536053, 0.348655, 0, 0, 0, 2, -5, 0
1, 2.357236, 1.502173, 0.558941, 0.367800, 0, 0, 0, 2, -5, 0
2, 3.252564, 0.463769, -3.205260, 0.112156, 0, 0, 0, 2, -5, 0
2, 3.263762, 0.527208, -3.030826, 0.183818, 0, 0, 0, 2, -5, 0
2, 3.264217, 0.473509, -3.120523, 0.152018, 0, 0, 0, 2, -5, 0
2, 3.275894, 0.532234, -2.951880, 0.215131, 0, 0, 0, 2, -5, 0
2, 3.276177, 0.477218, -3.039660, 0.182836, 0, 0, 0, 2, -5, 0
2, 3.292886, 0.539188, -2.845118, 0.261517, 0, 0, 0, 2, -5, 0
2, 3.293553, 0.489522, -2.917981, 0.235652, 0, 0, 0, 2, -5, 0
2, 3.305240, 0.539833, -2.774301, 0.285872, 0, 0, 0, 2, -5, 0
2, 3.305906, 0.487251, -2.842904, 0.260536, 0, 0, 0, 2, -5, 0
2, 3.316791, 0.546650, -2.700363, 0.315171, 0, 0, 0, 2, -5, 0
2, 3.317317, 0.499292, -2.759379, 0.287971, 0, 0, 0, 2, -5, 0
2, 3.329180, 0.558132, -2.621305, 0.342340, 0, 0, 0, 2, -5, 0
2, 3.330140, 0.514781, -2.677321, 0.320000, 0, 0, 0, 2, -5, 0
2, 3.334965, 0.532986, -2.631133, 0.368601, 0, 0, 0, 2, -5, 0
2, 3.340417, 0.563143, -2.548293, 0.364243, 0, 0, 0, 2, -5, 0
2, 3.341223, 0.521718, -2.600960, 0.345300, 0, 0, 0, 2, -5, 0
2, 3.346475, 0.541618, -2.553653, 0.384993, 0, 0, 0, 2, -5, 0
2, 3.352307, 0.572128, -2.474631, 0.385291, 0, 0, 0, 2, -5, 0
2, 3.352775, 0.531859, -2.522480, 0.365717, 0, 0, 0, 2, -5, 0
2, 3.363914, 0.579610, -2.399865, 0.406984, 0, 0, 0, 2, -5, 0
2, 3.364463, 0.542685, -2.442708, 0.390275, 0, 0, 0, 2, -5, 0
2, 3.369919, 0.563044, -2.400810, 0.425653, 0, 0, 0, 2, -5, 0
2, 3.375749, 0.567154, -2.363396, 0.431669, 0, 0, 0, 2, -5, 0
2, 3.376208, 0.552579, -2.366851, 0.406534, 0, 0, 0, 2, -5, 0
2, 3.378748, 0.603682, -2.288021, 0.433013, 0, 0, 0, 2, -5, 0
2, 3.381717, 0.570750, -2.327765, 0.443987, 0, 0, 0, 2, -5, 0
2, 3.387341, 0.594023, -2.253747, 0.443491, 0, 0, 0, 2, -5, 0
2, 3.387796, 0.560788, -2.287937, 0.429429, 0, 0, 0, 2, -5, 0
2, 3.393885, 0.582250, -2.251850, 0.459616, 0, 0, 0, 2, -5, 0
2, 3.399066, 0.606132, -2.180745, 0.457307, 0, 0, 0, 2, -5, 0
2, 3.400258, 0.574394, -2.214583, 0.443446, 0, 0, 0, 2, -5, 0
2, 3.405625, 0.593110, -2.177481, 0.476380, 0, 0, 0, 2, -5, 0
2, 3.411021, 0.615209, -2.108899, 0.473766, 0, 0, 0, 2, -5, 0
2, 3.412026, 0.583614, -2.139641, 0.459941, 0, 0, 0, 2, -5, 0
2, 3.417600, 0.600895, -2.106774, 0.491729, 0, 0, 0, 2, -5, 0
2, 3.420529, 0.589804, -2.092257, 0.496322, 0, 0, 0, 2, -5, 0
2, 3.422472, 0.627034, -2.035735, 0.486531, 0, 0, 0, 2, -5, 0
2, 3.423889, 0.597176, -2.064125, 0.474865, 0, 0, 0, 2, -5, 0
2, 3.426954, 0.597816, -2.053457, 0.499504, 0, 0, 0, 2, -5, 0
2, 3.429856, 0.614211, -2.031988, 0.500717, 0, 0, 0, 2, -5, 0
2, 3.432370, 0.594109, -2.022588, 0.474347, 0, 0, 0, 2, -5, 0
2, 3.434353, 0.641580, -1.963157, 0.494645, 0, 0, 0, 2, -5, 0
2, 3.435414, 0.621639, -1.995217, 0.504679, 0, 0, 0, 2, -5, 0
2, 3.437942, 0.610570, -1.980866, 0.509079, 0, 0, 0, 2, -5, 0
2, 3.440685, 0.628164, -1.957689, 0.510490, 0, 0, 0, 2, -5, 0
2, 3.443667, 0.617278, -1.944350, 0.513529, 0, 0, 0, 2, -5, 0
2, 3.446443, 0.650721, -1.893567, 0.505807, 0, 0, 0, 2, -5, 0
2, 3.447340, 0.626216, -1.915901, 0.496518, 0, 0, 0, 2, -5, 0
2, 3.449860, 0.627064, -1.907508, 0.518519, 0, 0, 0, 2, -5, 0
2, 3.452758, 0.642714, -1.887867, 0.518700, 0, 0, 0, 2, -5, 0
2, 3.455652, 0.629817, -1.873073, 0.520496, 0, 0, 0, 2, -5, 0
2, 3.458163, 0.663760, -1.822533, 0.514330, 0, 0, 0, 2, -5, 0
2, 3.460816, 0.674953, -1.792430, 0.520119, 0, 0, 0, 2, -5, 0
2, 3.463968, 0.652132, -1.817811, 0.523863, 0, 0, 0, 2, -5, 0
2, 3.467197, 0.642120, -1.805517, 0.526494, 0, 0, 0, 2, -5, 0
2, 3.469990, 0.674492, -1.755972, 0.519973, 0, 0, 0, 2, -5, 0
2, 3.470567, 0.650294, -1.779641, 0.509484, 0, 0, 0, 2, -5, 0
2, 3.473316, 0.648727, -1.769897, 0.528408, 0, 0, 0, 2, -5, 0
2, 3.481537, 0.687760, -1.688057, 0.524477, 0, 0, 0, 2, -5, 0
2, 3.482027, 0.663719, -1.709777, 0.515329, 0, 0, 0, 2, -5, 0
2, 3.484520, 0.661267, -1.701309, 0.532680, 0, 0, 0, 2, -5, 0
2, 3.487373, 0.680505, -1.677985, 0.531402, 0, 0, 0, 2, -5, 0
2, 3.490433, 0.669981, -1.665179, 0.533395, 0, 0, 0, 2, -5, 0
2, 3.493083, 0.703681, -1.616087, 0.525631, 0, 0, 0, 2, -5, 0
2, 3.493737, 0.677820, -1.642419, 0.515489, 0, 0, 0, 2, -5, 0
2, 3.496414, 0.673166, -1.631729, 0.532902, 0, 0, 0, 2, -5, 0
2, 3.499290, 0.692802, -1.608641, 0.530240, 0, 0, 0, 2, -5, 0
2, 3.502296, 0.682967, -1.597094, 0.530999, 0, 0, 0, 2, -5, 0
2, 3.505144, 0.698801, -1.576531, 0.531231, 0, 0, 0, 2, -5, 0
2, 3.505637, 0.687702, -1.570089, 0.516601, 0, 0, 0, 2, -5, 0
2, 3.509601, 0.705855, -1.543407, 0.524671, 0, 0, 0, 2, -5, 0
2, 3.515063, 0.695433, -1.527109, 0.531555, 0, 0, 0, 2, -5, 0
2, 3.516917, 0.717823, -1.488229, 0.529785, 0, 0, 0, 2, -5, 0
2, 3.517344, 0.700878, -1.505038, 0.519252, 0, 0, 0, 2, -5, 0
2, 3.519810, 0.699595, -1.496286, 0.531672, 0, 0, 0, 2, -5, 0
2, 3.522829, 0.718000, -1.473594, 0.529926, 0, 0, 0, 2, -5, 0
2, 3.525833, 0.707794, -1.461304, 0.530488, 0, 0, 0, 2, -5, 0
2, 3.528740, 0.732818, -1.421932, 0.528842, 0, 0, 0, 2, -5, 0
2, 3.529342, 0.716664, -1.441082, 0.517522, 0, 0, 0, 2, -5, 0
2, 3.531714, 0.712530, -1.429422, 0.527076, 0, 0, 0, 2, -5, 0
2, 3.534781, 0.729891, -1.408225, 0.524761, 0, 0, 0, 2, -5, 0
2, 3.538424, 0.716845, -1.399772, 0.508681, 0, 0, 0, 2, -5, 0
2, 3.541420, 0.746508, -1.358410, 0.525356, 0, 0, 0, 2, -5, 0
2, 3.541922, 0.736776, -1.375975, 0.523424, 0, 0, 0, 2, -5, 0
2, 3.544242, 0.728330, -1.365419, 0.524202, 0, 0, 0, 2, -5, 0
2, 3.546539, 0.744873, -1.345289, 0.521635, 0, 0, 0, 2, -5, 0
2, 3.546946, 0.736562, -1.342801, 0.512863, 0, 0, 0, 2, -5, 0
2, 3.549530, 0.752471, -1.308888, 0.527076, 0, 0, 0, 2, -5, 0
2, 3.552347, 0.749225, -1.311504, 0.518185, 0, 0, 0, 2, -5, 0
2, 3.552652, 0.745747, -1.311896, 0.508925, 0, 0, 0, 2, -5, 0
2, 3.555114, 0.766141, -1.273083, 0.522322, 0, 0, 0, 2, -5, 0
2, 3.558265, 0.758064, -1.280452, 0.514276, 0, 0, 0, 2, -5, 0
2, 3.561408, 0.747511, -1.267635, 0.513365, 0, 0, 0, 2, -5, 0
2, 3.563808, 0.769179, -1.233860, 0.516168, 0, 0, 0, 2, -5, 0
2, 3.564109, 0.760734, -1.248483, 0.504880, 0, 0, 0, 2, -5, 0
2, 3.566849, 0.757118, -1.236037, 0.509930, 0, 0, 0, 2, -5, 0
2, 3.569458, 0.775834, -1.204053, 0.512791, 0, 0, 0, 2, -5, 0
2, 3.570126, 0.767610, -1.217012, 0.500975, 0, 0, 0, 2, -5, 0
2, 3.572907, 0.765231, -1.205539, 0.505596, 0, 0, 0, 2, -5, 0
2, 3.575709, 0.783098, -1.173269, 0.508095, 0, 0, 0, 2, -5, 0
2, 3.576487, 0.772683, -1.186561, 0.497009, 0, 0, 0, 2, -5, 0
2, 3.578961, 0.768843, -1.174467, 0.502547, 0, 0, 0, 2, -5, 0
2, 3.581790, 0.794245, -1.135140, 0.501851, 0, 0, 0, 2, -5, 0
2, 3.582644, 0.780207, -1.153736, 0.489652, 0, 0, 0, 2, -5, 0
2, 3.585011, 0.777259, -1.143043, 0.497306, 0, 0, 0, 2, -5, 0
2, 3.587888, 0.804146, -1.101485, 0.496175, 0, 0, 0, 2, -5, 0
2, 3.588729, 0.787943, -1.121774, 0.484128, 0, 0, 0, 2, -5, 0
2, 3.590952, 0.780019, -1.106451, 0.489794, 0, 0, 0, 2, -5, 0
2, 3.593772, 0.795830, -1.087426, 0.485467, 0, 0, 0, 2, -5, 0
2, 3.594484, 0.794986, -1.091954, 0.477834, 0, 0, 0, 2, -5, 0
2, 3.600544, 0.799999, -1.064732, 0.474874, 0, 0, 0, 2, -5, 0
2, 3.602575, 0.794002, -1.049715, 0.479646, 0, 0, 0, 2, -5, 0
2, 3.605361, 0.820571, -1.011185, 0.480528, 0, 0, 0, 2, -5, 0
2, 3.606252, 0.807170, -1.032161, 0.468055, 0, 0, 0, 2, -5, 0
2, 3.608821, 0.799628, -1.021548, 0.459433, 0, 0, 0, 2, -5, 0
2, 3.612214, 0.815364, -1.003747, 0.463054, 0, 0, 0, 2, -5, 0
2, 3.614774, 0.805587, -0.989452, 0.451197, 0, 0, 0, 2, -5, 0
2, 3.617017, 0.834417, -0.949645, 0.470027, 0, 0, 0, 2, -5, 0
2, 3.617993, 0.825015, -0.967962, 0.463520, 0, 0, 0, 2, -5, 0
2, 3.620531, 0.814732, -0.959221, 0.443777, 0, 0, 0, 2, -5, 0
2, 3.623761, 0.829387, -0.943081, 0.446950, 0, 0, 0, 2, -5, 0
2, 3.626659, 0.822051, -0.926301, 0.453864, 0, 0, 0, 2, -5, 0
2, 3.628558, 0.854423, -0.882548, 0.454707, 0, 0, 0, 2, -5, 0
2, 3.629601, 0.834482, -0.914853, 0.437905, 0, 0, 0, 2, -5, 0
2, 3.632940, 0.826889, -0.901885, 0.426105, 0, 0, 0, 2, -5, 0
2, 3.636246, 0.843369, -0.883476, 0.430583, 0, 0, 0, 2, -5, 0
2, 3.639156, 0.835376, -0.870327, 0.419378, 0, 0, 0, 2, -5, 0
2, 3.641089, 0.868550, -0.826576, 0.438028, 0, 0, 0, 2, -5, 0
2, 3.641932, 0.853570, -0.850305, 0.432965, 0, 0, 0, 2, -5, 0
2, 3.644605, 0.841699, -0.838422, 0.410337, 0, 0, 0, 2, -5, 0
2, 3.647240, 0.855972, -0.823085, 0.413833, 0, 0, 0, 2, -5, 0
2, 3.650098, 0.849921, -0.810689, 0.401595, 0, 0, 0, 2, -5, 0
2, 3.652239, 0.883543, -0.764556, 0.420516, 0, 0, 0, 2, -5, 0
2, 3.652932, 0.865095, -0.789902, 0.415554, 0, 0, 0, 2, -5, 0
2, 3.656071, 0.857521, -0.781755, 0.392561, 0, 0, 0, 2, -5, 0
2, 3.659230, 0.870893, -0.769125, 0.393550, 0, 0, 0, 2, -5, 0
2, 3.661689, 0.862176, -0.750649, 0.400869, 0, 0, 0, 2, -5, 0
2, 3.663902, 0.895989, -0.707172, 0.401956, 0, 0, 0, 2, -5, 0
2, 3.664533, 0.878407, -0.739424, 0.383918, 0, 0, 0, 2, -5, 0
2, 3.667383, 0.870654, -0.725565, 0.372447, 0, 0, 0, 2, -5, 0
2, 3.670548, 0.882849, -0.713336, 0.374933, 0, 0, 0, 2, -5, 0
2, 3.673265, 0.875486, -0.695968, 0.382926, 0, 0, 0, 2, -5, 0
2, 3.675793, 0.908302, -0.650811, 0.384063, 0, 0, 0, 2, -5, 0
2, 3.677080, 0.887823, -0.683935, 0.364755, 0, 0, 0, 2, -5, 0
2, 3.679563, 0.881734, -0.670564, 0.352132, 0, 0, 0, 2, -5, 0
2, 3.682008, 0.896778, -0.656228, 0.354515, 0, 0, 0, 2, -5, 0
2, 3.684987, 0.891021, -0.641145, 0.363826, 0, 0, 0, 2, -5, 0
2, 3.687288, 0.925434, -0.592732, 0.363566, 0, 0, 0, 2, -5, 0
2, 3.687874, 0.901116, -0.628612, 0.342568, 0, 0, 0, 2, -5, 0
2, 3.690967, 0.892821, -0.613333, 0.330530, 0, 0, 0, 2, -5, 0
2, 3.694059, 0.907752, -0.601565, 0.329644, 0, 0, 0, 2, -5, 0
2, 3.696712, 0.903352, -0.584495, 0.337894, 0, 0, 0, 2, -5, 0
2, 3.699098, 0.939062, -0.533651, 0.339531, 0, 0, 0, 2, -5, 0
2, 3.699621, 0.912349, -0.573764, 0.315328, 0, 0, 0, 2, -5, 0
2, 3.702909, 0.906017, -0.559252, 0.302143, 0, 0, 0, 2, -5, 0
2, 3.706372, 0.920266, -0.545354, 0.306012, 0, 0, 0, 2, -5, 0
2, 3.708671, 0.914749, -0.531797, 0.317457, 0, 0, 0, 2, -5, 0
2, 3.710689, 0.949493, -0.484260, 0.317031, 0, 0, 0, 2, -5, 0
2, 3.711524, 0.928378, -0.519486, 0.293251, 0, 0, 0, 2, -5, 0
2, 3.714355, 0.920584, -0.502218, 0.278406, 0, 0, 0, 2, -5, 0
2, 3.717283, 0.933156, -0.491978, 0.279101, 0, 0, 0, 2, -5, 0
2, 3.720205, 0.928453, -0.475950, 0.287628, 0, 0, 0, 2, -5, 0
2, 3.723720, 0.941293, -0.460092, 0.281052, 0, 0, 0, 2, -5, 0
2, 3.725049, 0.938414, -0.463945, 0.265254, 0, 0, 0, 2, -5, 0
2, 3.729197, 0.945034, -0.435971, 0.251936, 0, 0, 0, 2, -5, 0
2, 3.731800, 0.942100, -0.422008, 0.263863, 0, 0, 0, 2, -5, 0
2, 3.734425, 0.981808, -0.364907, 0.263086, 0, 0, 0, 2, -5, 0
2, 3.735569, 0.951359, -0.407480, 0.235423, 0, 0, 0, 2, -5, 0
2, 3.738667, 0.944854, -0.392118, 0.222463, 0, 0, 0, 2, -5, 0
2, 3.741706, 0.955423, -0.384507, 0.222147, 0, 0, 0, 2, -5, 0
2, 3.744047, 0.952616, -0.372842, 0.236615, 0, 0, 0, 2, -5, 0
2, 3.746411, 0.993485, -0.315412, 0.234749, 0, 0, 0, 2, -5, 0
2, 3.747531, 0.963128, -0.357642, 0.207492, 0, 0, 0, 2, -5, 0
2, 3.750729, 0.957898, -0.341452, 0.192110, 0, 0, 0, 2, -5, 0
2, 3.753841, 0.970912, -0.331973, 0.192291, 0, 0, 0, 2, -5, 0
2, 3.755935, 0.967245, -0.321081, 0.209966, 0, 0, 0, 2, -5, 0
2, 3.757951, 1.010961, -0.259685, 0.207037, 0, 0, 0, 2, -5, 0
2, 3.758788, 0.977222, -0.306024, 0.175760, 0, 0, 0, 2, -5, 0
2, 3.761892, 0.969400, -0.286349, 0.159376, 0, 0, 0, 2, -5, 0
2, 3.765076, 0.981943, -0.278147, 0.158549, 0, 0, 0, 2, -5, 0
2, 3.767513, 0.982269, -0.270955, 0.180071, 0, 0, 0, 2, -5, 0
2, 3.769929, 1.029417, -0.201685, 0.177397, 0, 0, 0, 2, -5, 0
2, 3.770737, 0.990844, -0.251079, 0.143239, 0, 0, 0, 2, -5, 0
2, 3.773501, 0.985492, -0.233649, 0.127142, 0, 0, 0, 2, -5, 0
2, 3.776408, 0.996731, -0.226337, 0.126700, 0, 0, 0, 2, -5, 0
2, 3.779147, 0.995708, -0.220599, 0.149780, 0, 0, 0, 2, -5, 0
2, 3.782307, 1.041022, -0.152872, 0.146004, 0, 0, 0, 2, -5, 0
2, 3.783315, 1.002106, -0.201248, 0.110341, 0, 0, 0, 2, -5, 0
2, 3.789729, 1.008017, -0.175859, 0.095275, 0, 0, 0, 2, -5, 0
2, 3.791453, 1.035802, -0.131901, 0.125992, 0, 0, 0, 2, -5, 0
2, 3.793228, 1.057526, -0.096855, 0.112237, 0, 0, 0, 2, -5, 0
2, 3.794510, 1.014343, -0.149663, 0.074448, 0, 0, 0, 2, -5, 0
2, 3.797807, 1.008830, -0.131278, 0.058043, 0, 0, 0, 2, -5, 0
2, 3.800474, 1.018330, -0.126530, 0.055847, 0, 0, 0, 2, -5, 0
2, 3.803041, 1.014107, -0.108747, 0.038803, 0, 0, 0, 2, -5, 0
2, 3.806040, 1.027567, -0.101055, 0.037711, 0, 0, 0, 2, -5, 0
2, 3.808627, 1.030275, -0.102254, 0.072405, 0, 0, 0, 2, -5, 0
2, 3.811037, 1.086166, -0.017499, 0.067253, 0, 0, 0, 2, -5, 0
2, 3.812541, 1.033196, -0.077705, 0.021670, 0, 0, 0, 2, -5, 0
2, 3.814955, 1.031502, -0.073167, 0.049409, 0, 0, 0, 2, -5, 0
2, 3.817050, 1.085204, 0.004144, 0.042064, 0, 0, 0, 2, -5, 0
2, 3.818244, 1.037665, -0.050553, 0.001722, 0, 0, 0, 2, -5, 0
2, 3.821040, 1.032825, -0.031865, -0.015168, 0, 0, 0, 2, -5, 0
2, 3.823630, 1.044985, -0.024622, -0.014853, 0, 0, 0, 2, -5, 0
2, 3.829571, 1.063643, -0.019533, 0.044441, 0, 0, 0, 2, -5, 0
2, 3.840556, 1.132566, 0.098136, 0.074512, 0, 0, 0, 2, -5, 0
2, 3.841520, 1.081564, 0.039600, 0.030826, 0, 0, 0, 2, -5, 0
2, 3.846693, 1.098401, 0.046316, 0.087780, 0, 0, 0, 2, -5, 0
2, 3.853049, 1.110894, 0.067559, 0.103619, 0, 0, 0, 2, -5, 0
2, 3.858398, 1.170384, 0.161549, 0.122509, 0, 0, 0, 2, -5, 0
2, 3.858945, 1.117465, 0.101201, 0.076654, 0, 0, 0, 2, -5, 0
2, 3.872933, 1.194173, 0.205675, 0.150883, 0, 0, 0, 2, -5, 0
2, 3.876184, 1.209234, 0.225454, 0.166770, 0, 0, 0, 2, -5, 0
2, 3.890383, 1.234362, 0.272990, 0.194353, 0, 0, 0, 2, -5, 0
2, 3.896106, 1.261171, 0.306514, 0.221818, 0, 0, 0, 2, -5, 0
2, 3.910905, 1.288015, 0.351989, 0.245848, 0, 0, 0, 2, -5, 0
2, 3.916845, 1.311606, 0.382842, 0.270998, 0, 0, 0, 2, -5, 0
2, 3.923300, 1.315316, 0.395252, 0.268165, 0, 0, 0, 2, -5, 0
2, 3.929073, 1.339050, 0.424483, 0.292588, 0, 0, 0, 2, -5, 0
2, 3.934362, 1.343840, 0.438515, 0.289337, 0, 0, 0, 2, -5, 0
2, 3.940394, 1.362359, 0.462238, 0.309131, 0, 0, 0, 2, -5, 0
2, 3.946622, 1.366894, 0.474095, 0.306327, 0, 0, 0, 2, -5, 0
2, 3.952488, 1.388324, 0.503662, 0.330715, 0, 0, 0, 2, -5, 0
2, 3.958681, 1.393795, 0.519461, 0.327216, 0, 0, 0, 2, -5, 0
2, 3.964676, 1.409888, 0.538998, 0.344070, 0, 0, 0, 2, -5, 0
2, 3.970407, 1.416901, 0.555549, 0.340183, 0, 0, 0, 2, -5, 0
2, 3.976357, 1.434046, 0.577069, 0.358802, 0, 0, 0, 2, -5, 0
2, 3.981913, 1.443130, 0.595590, 0.354232, 0, 0, 0, 2, -5, 0
2, 3.987638, 1.459317, 0.613901, 0.370755, 0, 0, 0, 2, -5, 0
2, 3.994164, 1.468135, 0.630769, 0.366542, 0, 0, 0, 2, -5, 0
2, 4.002525, 1.494290, 0.666439, 0.381555, 0, 0, 0, 2, -5, 0
2, 4.008480, 1.502901, 0.684968, 0.377374, 0, 0, 0, 2, -5, 0
2, 4.020230, 1.524880, 0.718634, 0.393883, 0, 0, 0, 2, -5, 0
2, 4.022978, 1.533623, 0.732465, 0.390193, 0, 0, 0, 2, -5, 0
2, 4.037639, 1.564587, 0.776327, 0.405312, 0, 0, 0, 2, -5, 0
2, 4.040740, 1.572851, 0.787615, 0.402050, 0, 0, 0, 2, -5, 0
2, 4.064037, 1.622950, 0.862013, 0.407126, 0, 0, 0, 2, -5, 0
2, 4.067427, 1.630742, 0.877099, 0.403777, 0, 0, 0, 2, -5, 0
2, 4.076264, 1.645753, 0.894724, 0.421935, 0, 0, 0, 2, -5, 0
3, 4.876812, 0.462241, -3.220785, 0.108674, 0, 0, 0, 2, -5, 0
3, 4.888413, 0.530361, -3.051411, 0.172162, 0, 0, 0, 2, -5, 0
3, 4.889399, 0.476531, -3.143496, 0.141153, 0, 0, 0, 2, -5, 0
3, 4.899969, 0.531975, -2.984730, 0.199619, 0, 0, 0, 2, -5, 0
3, 4.901180, 0.478823, -3.070810, 0.168076, 0, 0, 0, 2, -5, 0
3, 4.909993, 0.470637, -3.028408, 0.181563, 0, 0, 0, 2, -5, 0
3, 4.911770, 0.536239, -2.915514, 0.228559, 0, 0, 0, 2, -5, 0
3, 4.924000, 0.547793, -2.845815, 0.254404, 0, 0, 0, 2, -5, 0
3, 4.924284, 0.495401, -2.924710, 0.225165, 0, 0, 0, 2, -5, 0
3, 4.932745, 0.489843, -2.880247, 0.238927, 0, 0, 0, 2, -5, 0
3, 4.935400, 0.550656, -2.782937, 0.277441, 0, 0, 0, 2, -5, 0
3, 4.947434, 0.555267, -2.715694, 0.300390, 0, 0, 0, 2, -5, 0
3, 4.947943, 0.508032, -2.779050, 0.271363, 0, 0, 0, 2, -5, 0
3, 4.959066, 0.567508, -2.638511, 0.322911, 0, 0, 0, 2, -5, 0
3, 4.959824, 0.519344, -2.705237, 0.295699, 0, 0, 0, 2, -5, 0
3, 4.970828, 0.575892, -2.579409, 0.341470, 0, 0, 0, 2, -5, 0
3, 4.971703, 0.531925, -2.632687, 0.319213, 0, 0, 0, 2, -5, 0
3, 4.982425, 0.582396, -2.511376, 0.357951, 0, 0, 0, 2, -5, 0
3, 4.982859, 0.541637, -2.564935, 0.337842, 0, 0, 0, 2, -5, 0
3, 4.989028, 0.564759, -2.516664, 0.378886, 0, 0, 0, 2, -5, 0
3, 4.994224, 0.591179, -2.442751, 0.375983, 0, 0, 0, 2, -5, 0
3, 4.995659, 0.551604, -2.493218, 0.356229, 0, 0, 0, 2, -5, 0
3, 5.000757, 0.571748, -2.449168, 0.396186, 0, 0, 0, 2, -5, 0
3, 5.006353, 0.597932, -2.378269, 0.395128, 0, 0, 0, 2, -5, 0
3, 5.007283, 0.563017, -2.420047, 0.377126, 0, 0, 0, 2, -5, 0
3, 5.012723, 0.581661, -2.381498, 0.408634, 0, 0, 0, 2, -5, 0
3, 5.017623, 0.603756, -2.314316, 0.405297, 0, 0, 0, 2, -5, 0
3, 5.018247, 0.571377, -2.350615, 0.386602, 0, 0, 0, 2, -5, 0
3, 5.024472, 0.593335, -2.313305, 0.420300, 0, 0, 0, 2, -5, 0
3, 5.027395, 0.567567, -2.310776, 0.390206, 0, 0, 0, 2, -5, 0
3, 5.029575, 0.615053, -2.246279, 0.418051, 0, 0, 0, 2, -5, 0
3, 5.030833, 0.597611, -2.280769, 0.426718, 0, 0, 0, 2, -5, 0
3, 5.036713, 0.602897, -2.244333, 0.432600, 0, 0, 0, 2, -5, 0
3, 5.041448, 0.625749, -2.180241, 0.428907, 0, 0, 0, 2, -5, 0
3, 5.042208, 0.597183, -2.212567, 0.414539, 0, 0, 0, 2, -5, 0
3, 5.048341, 0.616091, -2.176573, 0.441377, 0, 0, 0, 2, -5, 0
3, 5.051049, 0.592394, -2.171440, 0.413629, 0, 0, 0, 2, -5, 0
3, 5.053321, 0.636431, -2.112282, 0.438410, 0, 0, 0, 2, -5, 0
3, 5.053967, 0.619838, -2.144424, 0.445175, 0, 0, 0, 2, -5, 0
3, 5.059423, 0.628633, -2.111115, 0.447302, 0, 0, 0, 2, -5, 0
3, 5.065048, 0.644660, -2.047688, 0.445918, 0, 0, 0, 2, -5, 0
3, 5.065469, 0.618073, -2.076378, 0.431414, 0, 0, 0, 2, -5, 0
3, 5.068474, 0.621771, -2.065618, 0.454096, 0, 0, 0, 2, -5, 0
3, 5.071501, 0.634771, -2.048095, 0.455234, 0, 0, 0, 2, -5, 0
3, 5.074394, 0.625896, -2.036290, 0.458720, 0, 0, 0, 2, -5, 0
3, 5.076978, 0.654645, -1.986738, 0.453078, 0, 0, 0, 2, -5, 0
3, 5.077402, 0.629943, -2.010416, 0.440163, 0, 0, 0, 2, -5, 0
3, 5.079983, 0.632722, -2.001180, 0.460728, 0, 0, 0, 2, -5, 0
3, 5.083110, 0.651373, -1.979972, 0.458341, 0, 0, 0, 2, -5, 0
3, 5.086057, 0.639925, -1.966636, 0.459774, 0, 0, 0, 2, -5, 0
3, 5.088626, 0.670003, -1.918311, 0.453301, 0, 0, 0, 2, -5, 0
3, 5.089426, 0.645896, -1.941540, 0.442219, 0, 0, 0, 2, -5, 0
3, 5.092183, 0.646341, -1.932412, 0.461563, 0, 0, 0, 2, -5, 0
3, 5.094893, 0.661594, -1.913811, 0.460828, 0, 0, 0, 2, -5, 0
3, 5.097524, 0.651299, -1.901331, 0.462694, 0, 0, 0, 2, -5, 0
3, 5.100123, 0.677288, -1.857450, 0.457904, 0, 0, 0, 2, -5, 0
3, 5.100922, 0.655212, -1.879043, 0.446589, 0, 0, 0, 2, -5, 0
3, 5.103589, 0.656658, -1.870458, 0.465196, 0, 0, 0, 2, -5, 0
3, 5.106151, 0.673512, -1.851041, 0.462948, 0, 0, 0, 2, -5, 0
3, 5.109082, 0.663101, -1.838442, 0.464682, 0, 0, 0, 2, -5, 0
3, 5.111978, 0.679764, -1.818536, 0.463093, 0, 0, 0, 2, -5, 0
3, 5.112392, 0.667446, -1.815547, 0.446330, 0, 0, 0, 2, -5, 0
3, 5.115151, 0.697494, -1.768040, 0.464294, 0, 0, 0, 2, -5, 0
3, 5.118518, 0.685020, -1.787230, 0.463023, 0, 0, 0, 2, -5, 0
3, 5.121323, 0.673683, -1.774533, 0.462839, 0, 0, 0, 2, -5, 0
3, 5.123930, 0.698176, -1.735267, 0.461503, 0, 0, 0, 2, -5, 0
3, 5.124522, 0.683484, -1.753255, 0.450108, 0, 0, 0, 2, -5, 0
3, 5.127037, 0.683008, -1.742492, 0.462804, 0, 0, 0, 2, -5, 0
3, 5.129623, 0.712806, -1.697319, 0.458242, 0, 0, 0, 2, -5, 0
3, 5.130166, 0.690110, -1.722595, 0.447243, 0, 0, 0, 2, -5, 0
3, 5.132796, 0.687889, -1.712324, 0.464216, 0, 0, 0, 2, -5, 0
3, 5.135623, 0.704139, -1.693492, 0.461600, 0, 0, 0, 2, -5, 0
3, 5.138533, 0.694003, -1.682011, 0.461190, 0, 0, 0, 2, -5, 0
3, 5.141241, 0.724629, -1.635092, 0.456116, 0, 0, 0, 2, -5, 0
3, 5.142053, 0.703743, -1.656713, 0.445850, 0, 0, 0, 2, -5, 0
3, 5.144736, 0.701407, -1.647984, 0.459563, 0, 0, 0, 2, -5, 0
3, 5.147257, 0.730829, -1.601878, 0.451521, 0, 0, 0, 2, -5, 0
3, 5.148079, 0.707866, -1.623864, 0.440093, 0, 0, 0, 2, -5, 0
3, 5.150774, 0.708074, -1.616936, 0.456242, 0, 0, 0, 2, -5, 0
3, 5.153879, 0.722466, -1.599438, 0.454597, 0, 0, 0, 2, -5, 0
3, 5.156847, 0.712678, -1.587561, 0.455118, 0, 0, 0, 2, -5, 0
3, 5.159594, 0.741046, -1.541103, 0.449406, 0, 0, 0, 2, -5, 0
3, 5.160716, 0.718005, -1.564555, 0.436455, 0, 0, 0, 2, -5, 0
3, 5.163059, 0.718104, -1.557088, 0.451190, 0, 0, 0, 2, -5, 0
3, 5.165499, 0.734653, -1.538530, 0.447071, 0, 0, 0, 2, -5, 0
3, 5.168297, 0.724740, -1.526576, 0.447096, 0, 0, 0, 2, -5, 0
3, 5.171027, 0.746723, -1.487905, 0.447878, 0, 0, 0, 2, -5, 0
3, 5.171724, 0.731749, -1.507355, 0.433800, 0, 0, 0, 2, -5, 0
3, 5.174269, 0.729604, -1.495326, 0.441957, 0, 0, 0, 2, -5, 0
3, 5.176889, 0.753513, -1.453979, 0.440094, 0, 0, 0, 2, -5, 0
3, 5.177549, 0.735394, -1.475057, 0.425817, 0, 0, 0, 2, -5, 0
3, 5.180417, 0.735967, -1.466296, 0.437254, 0, 0, 0, 2, -5, 0
3, 5.183180, 0.750793, -1.447716, 0.435499, 0, 0, 0, 2, -5, 0
3, 5.186021, 0.735792, -1.438714, 0.418180, 0, 0, 0, 2, -5, 0
3, 5.188604, 0.762502, -1.402932, 0.435216, 0, 0, 0, 2, -5, 0
3, 5.188997, 0.757637, -1.419346, 0.430876, 0, 0, 0, 2, -5, 0
3, 5.191976, 0.743210, -1.410454, 0.411874, 0, 0, 0, 2, -5, 0
3, 5.194628, 0.771891, -1.370328, 0.429258, 0, 0, 0, 2, -5, 0
3, 5.195058, 0.764187, -1.387423, 0.425523, 0, 0, 0, 2, -5, 0
3, 5.197774, 0.754851, -1.376199, 0.424255, 0, 0, 0, 2, -5, 0
3, 5.200149, 0.780850, -1.336889, 0.422739, 0, 0, 0, 2, -5, 0
3, 5.200554, 0.764589, -1.359658, 0.409228, 0, 0, 0, 2, -5, 0
3, 5.203484, 0.760842, -1.347446, 0.417215, 0, 0, 0, 2, -5, 0
3, 5.206095, 0.789229, -1.306641, 0.415018, 0, 0, 0, 2, -5, 0
3, 5.206927, 0.771920, -1.329310, 0.404517, 0, 0, 0, 2, -5, 0
3, 5.210003, 0.766618, -1.318156, 0.413674, 0, 0, 0, 2, -5, 0
3, 5.212313, 0.797478, -1.276745, 0.408968, 0, 0, 0, 2, -5, 0
3, 5.212951, 0.780530, -1.300272, 0.397678, 0, 0, 0, 2, -5, 0
3, 5.215646, 0.774554, -1.287553, 0.406642, 0, 0, 0, 2, -5, 0
3, 5.217766, 0.804626, -1.246297, 0.403547, 0, 0, 0, 2, -5, 0
3, 5.218215, 0.787258, -1.272104, 0.390103, 0, 0, 0, 2, -5, 0
3, 5.221078, 0.781365, -1.257775, 0.399299, 0, 0, 0, 2, -5, 0
3, 5.223606, 0.808688, -1.217885, 0.399516, 0, 0, 0, 2, -5, 0
3, 5.224313, 0.791701, -1.244487, 0.384593, 0, 0, 0, 2, -5, 0
3, 5.227202, 0.785098, -1.228412, 0.392074, 0, 0, 0, 2, -5, 0
3, 5.229547, 0.813698, -1.188137, 0.392672, 0, 0, 0, 2, -5, 0
3, 5.230271, 0.796190, -1.215767, 0.378881, 0, 0, 0, 2, -5, 0
3, 5.233326, 0.789061, -1.204882, 0.367240, 0, 0, 0, 2, -5, 0
3, 5.236624, 0.803378, -1.186976, 0.372218, 0, 0, 0, 2, -5, 0
3, 5.239589, 0.796794, -1.174030, 0.381407, 0, 0, 0, 2, -5, 0
3, 5.241829, 0.827894, -1.130756, 0.377513, 0, 0, 0, 2, -5, 0
3, 5.242429, 0.807557, -1.159115, 0.363221, 0, 0, 0, 2, -5, 0
3, 5.245165, 0.800163, -1.147989, 0.352052, 0, 0, 0, 2, -5, 0
3, 5.247831, 0.815486, -1.131056, 0.354726, 0, 0, 0, 2, -5, 0
3, 5.250712, 0.807978, -1.119451, 0.343073, 0, 0, 0, 2, -5, 0
3, 5.253367, 0.839612, -1.076414, 0.360553, 0, 0, 0, 2, -5, 0
3, 5.254522, 0.825705, -1.098322, 0.357433, 0, 0, 0, 2, -5, 0
3, 5.257286, 0.816217, -1.090186, 0.335934, 0, 0, 0, 2, -5, 0
3, 5.260090, 0.827785, -1.076072, 0.340183, 0, 0, 0, 2, -5, 0
3, 5.262764, 0.820529, -1.062646, 0.348765, 0, 0, 0, 2, -5, 0
3, 5.264627, 0.854791, -1.017916, 0.343634, 0, 0, 0, 2, -5, 0
3, 5.265782, 0.834668, -1.048679, 0.327758, 0, 0, 0, 2, -5, 0
3, 5.269337, 0.826609, -1.036395, 0.316414, 0, 0, 0, 2, -5, 0
3, 5.272410, 0.840724, -1.021381, 0.318935, 0, 0, 0, 2, -5, 0
3, 5.274798, 0.835336, -1.007017, 0.326976, 0, 0, 0, 2, -5, 0
3, 5.276816, 0.864296, -0.966336, 0.326608, 0, 0, 0, 2, -5, 0
3, 5.277209, 0.846257, -0.995245, 0.310394, 0, 0, 0, 2, -5, 0
3, 5.280077, 0.839274, -0.983541, 0.299065, 0, 0, 0, 2, -5, 0
3, 5.283026, 0.854009, -0.967463, 0.302735, 0, 0, 0, 2, -5, 0
3, 5.286014, 0.844759, -0.951925, 0.288010, 0, 0, 0, 2, -5, 0
3, 5.288819, 0.877137, -0.909470, 0.306837, 0, 0, 0, 2, -5, 0
3, 5.290188, 0.861048, -0.936461, 0.301914, 0, 0, 0, 2, -5, 0
3, 5.292888, 0.850226, -0.926356, 0.275171, 0, 0, 0, 2, -5, 0
3, 5.295162, 0.863942, -0.912656, 0.277211, 0, 0, 0, 2, -5, 0
3, 5.298274, 0.859342, -0.898964, 0.286616, 0, 0, 0, 2, -5, 0
3, 5.300793, 0.891131, -0.855382, 0.285560, 0, 0, 0, 2, -5, 0
3, 5.302039, 0.870872, -0.888579, 0.266382, 0, 0, 0, 2, -5, 0
3, 5.304736, 0.862905, -0.873298, 0.251138, 0, 0, 0, 2, -5, 0
3, 5.307098, 0.876671, -0.860170, 0.252710, 0, 0, 0, 2, -5, 0
3, 5.309971, 0.870973, -0.845293, 0.260953, 0, 0, 0, 2, -5, 0
3, 5.312076, 0.900551, -0.804330, 0.260490, 0, 0, 0, 2, -5, 0
3, 5.312862, 0.884604, -0.833094, 0.241774, 0, 0, 0, 2, -5, 0
3, 5.316143, 0.878548, -0.820172, 0.228404, 0, 0, 0, 2, -5, 0
3, 5.318697, 0.889743, -0.809766, 0.229691, 0, 0, 0, 2, -5, 0
3, 5.321374, 0.883368, -0.792666, 0.237196, 0, 0, 0, 2, -5, 0
3, 5.324491, 0.914239, -0.749626, 0.237118, 0, 0, 0, 2, -5, 0
3, 5.325169, 0.893424, -0.783291, 0.217146, 0, 0, 0, 2, -5, 0
3, 5.328042, 0.887405, -0.771200, 0.205480, 0, 0, 0, 2, -5, 0
3, 5.330956, 0.900520, -0.759209, 0.207095, 0, 0, 0, 2, -5, 0
3, 5.333145, 0.894133, -0.742377, 0.212717, 0, 0, 0, 2, -5, 0
3, 5.335770, 0.925593, -0.699400, 0.210611, 0, 0, 0, 2, -5, 0
3, 5.337267, 0.904746, -0.733088, 0.189655, 0, 0, 0, 2, -5, 0
3, 5.339896, 0.896613, -0.717515, 0.175577, 0, 0, 0, 2, -5, 0
3, 5.342716, 0.908958, -0.706355, 0.177370, 0, 0, 0, 2, -5, 0
3, 5.345611, 0.903724, -0.691832, 0.161360, 0, 0, 0, 2, -5, 0
3, 5.348104, 0.942109, -0.642058, 0.185353, 0, 0, 0, 2, -5, 0
3, 5.351416, 0.955174, -0.616340, 0.174653, 0, 0, 0, 2, -5, 0
3, 5.354294, 0.921576, -0.655890, 0.146710, 0, 0, 0, 2, -5, 0
3, 5.356970, 0.918100, -0.642424, 0.159007, 0, 0, 0, 2, -5, 0
3, 5.359476, 0.953054, -0.592046, 0.157209, 0, 0, 0, 2, -5, 0
3, 5.359915, 0.926249, -0.631066, 0.132696, 0, 0, 0, 2, -5, 0
3, 5.362715, 0.920774, -0.616184, 0.117078, 0, 0, 0, 2, -5, 0
3, 5.365376, 0.933603, -0.605704, 0.118011, 0, 0, 0, 2, -5, 0
3, 5.368134, 0.929933, -0.593581, 0.134711, 0, 0, 0, 2, -5, 0
3, 5.370774, 0.970417, -0.534952, 0.130632, 0, 0, 0, 2, -5, 0
3, 5.371764, 0.937713, -0.580682, 0.100865, 0, 0, 0, 2, -5, 0
3, 5.377737, 0.943200, -0.556089, 0.085240, 0, 0, 0, 2, -5, 0
3, 5.380374, 0.962482, -0.515885, 0.107700, 0, 0, 0, 2, -5, 0
3, 5.383015, 0.950518, -0.528465, 0.090940, 0, 0, 0, 2, -5, 0
3, 5.383281, 0.948140, -0.531897, 0.067879, 0, 0, 0, 2, -5, 0
3, 5.389754, 0.952227, -0.507896, 0.053023, 0, 0, 0, 2, -5, 0
3, 5.392513, 0.947492, -0.497132, 0.068983, 0, 0, 0, 2, -5, 0
3, 5.394329, 0.987790, -0.442328, 0.062444, 0, 0, 0, 2, -5, 0
3, 5.395385, 0.958828, -0.483716, 0.035257, 0, 0, 0, 2, -5, 0
3, 5.398529, 0.952785, -0.466788, 0.018465, 0, 0, 0, 2, -5, 0
3, 5.401259, 0.963471, -0.459812, 0.017597, 0, 0, 0, 2, -5, 0
3, 5.403866, 0.960095, -0.448986, 0.035762, 0, 0, 0, 2, -5, 0
3, 5.406165, 1.003822, -0.390181, 0.029934, 0, 0, 0, 2, -5, 0
3, 5.406659, 0.972447, -0.434821, 0.001567, 0, 0, 0, 2, -5, 0
3, 5.418913, 0.992174, -0.390951, 0.051391, 0, 0, 0, 2, -5, 0
3, 5.424046, 1.037549, -0.320291, 0.070675, 0, 0, 0, 2, -5, 0
3, 5.424757, 0.999609, -0.370606, 0.039526, 0, 0, 0, 2, -5, 0
3, 5.431511, 1.011445, -0.351293, 0.085283, 0, 0, 0, 2, -5, 0
3, 5.434597, 1.004527, -0.346736, 0.055846, 0, 0, 0, 2, -5, 0
3, 5.437325, 1.020340, -0.328070, 0.068959, 0, 0, 0, 2, -5, 0
3, 5.442012, 1.038048, -0.309041, 0.107171, 0, 0, 0, 2, -5, 0
3, 5.448225, 1.046192, -0.289920, 0.122834, 0, 0, 0, 2, -5, 0
3, 5.451393, 1.038922, -0.283805, 0.092965, 0, 0, 0, 2, -5, 0
3, 5.454518, 1.052134, -0.268374, 0.103827, 0, 0, 0, 2, -5, 0
3, 5.459807, 1.067206, -0.251437, 0.145212, 0, 0, 0, 2, -5, 0
3, 5.466048, 1.076849, -0.229252, 0.159214, 0, 0, 0, 2, -5, 0
3, 5.476745, 1.132507, -0.137418, 0.182943, 0, 0, 0, 2, -5, 0
3, 5.477406, 1.094628, -0.186011, 0.150340, 0, 0, 0, 2, -5, 0
3, 5.483062, 1.105926, -0.172494, 0.191075, 0, 0, 0, 2, -5, 0
3, 5.489401, 1.116540, -0.152535, 0.201826, 0, 0, 0, 2, -5, 0
3, 5.492614, 1.110440, -0.146063, 0.167421, 0, 0, 0, 2, -5, 0
3, 5.495327, 1.123196, -0.131047, 0.178595, 0, 0, 0, 2, -5, 0
3, 5.500955, 1.139224, -0.113072, 0.219115, 0, 0, 0, 2, -5, 0
3, 5.512587, 1.158886, -0.074744, 0.236955, 0, 0, 0, 2, -5, 0
3, 5.513275, 1.158106, -0.072593, 0.201036, 0, 0, 0, 2, -5, 0
3, 5.516776, 1.172249, -0.057439, 0.211128, 0, 0, 0, 2, -5, 0
3, 5.526693, 1.233448, 0.037660, 0.259975, 0, 0, 0, 2, -5, 0
3, 5.532752, 1.250128, 0.064441, 0.277806, 0, 0, 0, 2, -5, 0
3, 5.538984, 1.255324, 0.077735, 0.273974, 0, 0, 0, 2, -5, 0
3, 5.544828, 1.271973, 0.101233, 0.290380, 0, 0, 0, 2, -5, 0
3, 5.551269, 1.277440, 0.116574, 0.286187, 0, 0, 0, 2, -5, 0
3, 5.557108, 1.292926, 0.141468, 0.303080, 0, 0, 0, 2, -5, 0
3, 5.562352, 1.300181, 0.155432, 0.298845, 0, 0, 0, 2, -5, 0
3, 5.568816, 1.315593, 0.175983, 0.313731, 0, 0, 0, 2, -5, 0
3, 5.575312, 1.324418, 0.193972, 0.308497, 0, 0, 0, 2, -5, 0
3, 5.580807, 1.338293, 0.217180, 0.324418, 0, 0, 0, 2, -5, 0
3, 5.586540, 1.352251, 0.239887, 0.317310, 0, 0, 0, 2, -5, 0
3, 5.595211, 1.370444, 0.267071, 0.336853, 0, 0, 0, 2, -5, 0
3, 5.600672, 1.379145, 0.284558, 0.331915, 0, 0, 0, 2, -5, 0
3, 5.615553, 1.406449, 0.329368, 0.340487, 0, 0, 0, 2, -5, 0
3, 5.621158, 1.418993, 0.352670, 0.333867, 0, 0, 0, 2, -5, 0
3, 5.633328, 1.439650, 0.385159, 0.345300, 0, 0, 0, 2, -5, 0
3, 5.636339, 1.447031, 0.399461, 0.341383, 0, 0, 0, 2, -5, 0
3, 5.656576, 1.480923, 0.453486, 0.345254, 0, 0, 0, 2, -5, 0
3, 5.659532, 1.491903, 0.470420, 0.340206, 0, 0, 0, 2, -5, 0
4, 6.499448, 0.533213, -3.097901, 0.145273, 0, 0, 0, 2, -5, 0
4, 6.513733, 0.530520, -3.033139, 0.179253, 0, 0, 0, 2, -5, 0
4, 6.514885, 0.475418, -3.123800, 0.147222, 0, 0, 0, 2, -5, 0
4, 6.525046, 0.534395, -2.969288, 0.205161, 0, 0, 0, 2, -5, 0
4, 6.525931, 0.482553, -3.052915, 0.175440, 0, 0, 0, 2, -5, 0
4, 6.534151, 0.475458, -3.011152, 0.188307, 0, 0, 0, 2, -5, 0
4, 6.536458, 0.540188, -2.900629, 0.233679, 0, 0, 0, 2, -5, 0
4, 6.554358, 0.551999, -2.805821, 0.263782, 0, 0, 0, 2, -5, 0
4, 6.555147, 0.505263, -2.870308, 0.242716, 0, 0, 0, 2, -5, 0
4, 6.566267, 0.555542, -2.741057, 0.285682, 0, 0, 0, 2, -5, 0
4, 6.567202, 0.504157, -2.809482, 0.258077, 0, 0, 0, 2, -5, 0
4, 6.578190, 0.565822, -2.672817, 0.308767, 0, 0, 0, 2, -5, 0
4, 6.579148, 0.515020, -2.736832, 0.279144, 0, 0, 0, 2, -5, 0
4, 6.596700, 0.536871, -2.630732, 0.313392, 0, 0, 0, 2, -5, 0
4, 6.598924, 0.594380, -2.537178, 0.341969, 0, 0, 0, 2, -5, 0
4, 6.607720, 0.588113, -2.510113, 0.351378, 0, 0, 0, 2, -5, 0
4, 6.608668, 0.547299, -2.564097, 0.330469, 0, 0, 0, 2, -5, 0
4, 6.613565, 0.570014, -2.520011, 0.370802, 0, 0, 0, 2, -5, 0
4, 6.619504, 0.572926, -2.486194, 0.376748, 0, 0, 0, 2, -5, 0
4, 6.619816, 0.558352, -2.493871, 0.346354, 0, 0, 0, 2, -5, 0
4, 6.622097, 0.610404, -2.413712, 0.372643, 0, 0, 0, 2, -5, 0
4, 6.625733, 0.577850, -2.454394, 0.383882, 0, 0, 0, 2, -5, 0
4, 6.630872, 0.608682, -2.379480, 0.383166, 0, 0, 0, 2, -5, 0
4, 6.632209, 0.570394, -2.424857, 0.364594, 0, 0, 0, 2, -5, 0
4, 6.638170, 0.593123, -2.384460, 0.396340, 0, 0, 0, 2, -5, 0
4, 6.642820, 0.614201, -2.317585, 0.396613, 0, 0, 0, 2, -5, 0
4, 6.643903, 0.580329, -2.358741, 0.377449, 0, 0, 0, 2, -5, 0
4, 6.648892, 0.604082, -2.321385, 0.407267, 0, 0, 0, 2, -5, 0
4, 6.654363, 0.622060, -2.254667, 0.406584, 0, 0, 0, 2, -5, 0
4, 6.654689, 0.591365, -2.289100, 0.388444, 0, 0, 0, 2, -5, 0
4, 6.660401, 0.613132, -2.255702, 0.418496, 0, 0, 0, 2, -5, 0
4, 6.665930, 0.636583, -2.186038, 0.415056, 0, 0, 0, 2, -5, 0
4, 6.666337, 0.606086, -2.221963, 0.398631, 0, 0, 0, 2, -5, 0
4, 6.678032, 0.633528, -2.158111, 0.428756, 0, 0, 0, 2, -5, 0
4, 6.678796, 0.618101, -2.157443, 0.406834, 0, 0, 0, 2, -5, 0
4, 6.681061, 0.656109, -2.098817, 0.428320, 0, 0, 0, 2, -5, 0
4, 6.683704, 0.638326, -2.126106, 0.430813, 0, 0, 0, 2, -5, 0
4, 6.689384, 0.660279, -2.061532, 0.426916, 0, 0, 0, 2, -5, 0
4, 6.690372, 0.632007, -2.091924, 0.412539, 0, 0, 0, 2, -5, 0
4, 6.693073, 0.634787, -2.080331, 0.436677, 0, 0, 0, 2, -5, 0
4, 6.695487, 0.649979, -2.061039, 0.436746, 0, 0, 0, 2, -5, 0
4, 6.698713, 0.640543, -2.049246, 0.439064, 0, 0, 0, 2, -5, 0
4, 6.701627, 0.657122, -2.029353, 0.437969, 0, 0, 0, 2, -5, 0
4, 6.701883, 0.646360, -2.029167, 0.418776, 0, 0, 0, 2, -5, 0
4, 6.704564, 0.682778, -1.972232, 0.438130, 0, 0, 0, 2, -5, 0
4, 6.707475, 0.663978, -1.997355, 0.440607, 0, 0, 0, 2, -5, 0
4, 6.710733, 0.653180, -1.984487, 0.442187, 0, 0, 0, 2, -5, 0
4, 6.713927, 0.669094, -1.965916, 0.440492, 0, 0, 0, 2, -5, 0
4, 6.714207, 0.655757, -1.964137, 0.421268, 0, 0, 0, 2, -5, 0
4, 6.719229, 0.662181, -1.926570, 0.417654, 0, 0, 0, 2, -5, 0
4, 6.719675, 0.677692, -1.932743, 0.440111, 0, 0, 0, 2, -5, 0
4, 6.725456, 0.681898, -1.900433, 0.440514, 0, 0, 0, 2, -5, 0
4, 6.728442, 0.661142, -1.889181, 0.413229, 0, 0, 0, 2, -5, 0
4, 6.730788, 0.704854, -1.838716, 0.433561, 0, 0, 0, 2, -5, 0
4, 6.731615, 0.689002, -1.871573, 0.441393, 0, 0, 0, 2, -5, 0
4, 6.734299, 0.679379, -1.859695, 0.443112, 0, 0, 0, 2, -5, 0
4, 6.737141, 0.695195, -1.841290, 0.441074, 0, 0, 0, 2, -5, 0
4, 6.740196, 0.685048, -1.829713, 0.441218, 0, 0, 0, 2, -5, 0
4, 6.742506, 0.710136, -1.783616, 0.436642, 0, 0, 0, 2, -5, 0
4, 6.743304, 0.687265, -1.806089, 0.421898, 0, 0, 0, 2, -5, 0
4, 6.746030, 0.693296, -1.799639, 0.441935, 0, 0, 0, 2, -5, 0
4, 6.748710, 0.710156, -1.779404, 0.440271, 0, 0, 0, 2, -5, 0
4, 6.751594, 0.698634, -1.766615, 0.439429, 0, 0, 0, 2, -5, 0
4, 6.754146, 0.727239, -1.719730, 0.433703, 0, 0, 0, 2, -5, 0
4, 6.754744, 0.703459, -1.745147, 0.419489, 0, 0, 0, 2, -5, 0
4, 6.757535, 0.705205, -1.736835, 0.436718, 0, 0, 0, 2, -5, 0
4, 6.760666, 0.721823, -1.717027, 0.434710, 0, 0, 0, 2, -5, 0
4, 6.763514, 0.712382, -1.705726, 0.435134, 0, 0, 0, 2, -5, 0
4, 6.766157, 0.739468, -1.660522, 0.429987, 0, 0, 0, 2, -5, 0
4, 6.767425, 0.716590, -1.684867, 0.415987, 0, 0, 0, 2, -5, 0
4, 6.770014, 0.717962, -1.676347, 0.432886, 0, 0, 0, 2, -5, 0
4, 6.772838, 0.736503, -1.655281, 0.429165, 0, 0, 0, 2, -5, 0
4, 6.775471, 0.727384, -1.644595, 0.428824, 0, 0, 0, 2, -5, 0
4, 6.777682, 0.753579, -1.601586, 0.425665, 0, 0, 0, 2, -5, 0
4, 6.779388, 0.731806, -1.626719, 0.412065, 0, 0, 0, 2, -5, 0
4, 6.781906, 0.730956, -1.616760, 0.426953, 0, 0, 0, 2, -5, 0
4, 6.784613, 0.747930, -1.597238, 0.423543, 0, 0, 0, 2, -5, 0
4, 6.787842, 0.738427, -1.586239, 0.422550, 0, 0, 0, 2, -5, 0
4, 6.790098, 0.764182, -1.542452, 0.419015, 0, 0, 0, 2, -5, 0
4, 6.790820, 0.742541, -1.566653, 0.404472, 0, 0, 0, 2, -5, 0
4, 6.793536, 0.743236, -1.558158, 0.418646, 0, 0, 0, 2, -5, 0
4, 6.796283, 0.761081, -1.538458, 0.413770, 0, 0, 0, 2, -5, 0
4, 6.798809, 0.751532, -1.527707, 0.411694, 0, 0, 0, 2, -5, 0
4, 6.801759, 0.764771, -1.509989, 0.411701, 0, 0, 0, 2, -5, 0
4, 6.803029, 0.753961, -1.505178, 0.398937, 0, 0, 0, 2, -5, 0
4, 6.805413, 0.774884, -1.470892, 0.414079, 0, 0, 0, 2, -5, 0
4, 6.808478, 0.772830, -1.480092, 0.406014, 0, 0, 0, 2, -5, 0
4, 6.811136, 0.763027, -1.468469, 0.404579, 0, 0, 0, 2, -5, 0
4, 6.813045, 0.784814, -1.432308, 0.404650, 0, 0, 0, 2, -5, 0
4, 6.814144, 0.771165, -1.452471, 0.389848, 0, 0, 0, 2, -5, 0
4, 6.816832, 0.769416, -1.440092, 0.397204, 0, 0, 0, 2, -5, 0
4, 6.819170, 0.797926, -1.396506, 0.394136, 0, 0, 0, 2, -5, 0
4, 6.820391, 0.779753, -1.419704, 0.380690, 0, 0, 0, 2, -5, 0
4, 6.822819, 0.777136, -1.408586, 0.391507, 0, 0, 0, 2, -5, 0
4, 6.824880, 0.806657, -1.364925, 0.388116, 0, 0, 0, 2, -5, 0
4, 6.826124, 0.786912, -1.391292, 0.373804, 0, 0, 0, 2, -5, 0
4, 6.834623, 0.791939, -1.349921, 0.378064, 0, 0, 0, 2, -5, 0
4, 6.837107, 0.820001, -1.310649, 0.373748, 0, 0, 0, 2, -5, 0
4, 6.838222, 0.801675, -1.335374, 0.361367, 0, 0, 0, 2, -5, 0
4, 6.840294, 0.797237, -1.323732, 0.371712, 0, 0, 0, 2, -5, 0
4, 6.843187, 0.812905, -1.305813, 0.366933, 0, 0, 0, 2, -5, 0
4, 6.846496, 0.803928, -1.294869, 0.364644, 0, 0, 0, 2, -5, 0
4, 6.849212, 0.831637, -1.255641, 0.363079, 0, 0, 0, 2, -5, 0
4, 6.849948, 0.816189, -1.279493, 0.349827, 0, 0, 0, 2, -5, 0
4, 6.852362, 0.807695, -1.268091, 0.338607, 0, 0, 0, 2, -5, 0
4, 6.855372, 0.820476, -1.252231, 0.342576, 0, 0, 0, 2, -5, 0
4, 6.858063, 0.815667, -1.239392, 0.350882, 0, 0, 0, 2, -5, 0
4, 6.860633, 0.848993, -1.194769, 0.346268, 0, 0, 0, 2, -5, 0
4, 6.861527, 0.828739, -1.223496, 0.332963, 0, 0, 0, 2, -5, 0
4, 6.864611, 0.821358, -1.213615, 0.323784, 0, 0, 0, 2, -5, 0
4, 6.867825, 0.836337, -1.196949, 0.326226, 0, 0, 0, 2, -5, 0
4, 6.869921, 0.830053, -1.181479, 0.333486, 0, 0, 0, 2, -5, 0
4, 6.872040, 0.843304, -1.166059, 0.329015, 0, 0, 0, 2, -5, 0
4, 6.872490, 0.840747, -1.169669, 0.316108, 0, 0, 0, 2, -5, 0
4, 6.878204, 0.846094, -1.141469, 0.307999, 0, 0, 0, 2, -5, 0
4, 6.880996, 0.841382, -1.127046, 0.312973, 0, 0, 0, 2, -5, 0
4, 6.883828, 0.865940, -1.091162, 0.312857, 0, 0, 0, 2, -5, 0
4, 6.884638, 0.851203, -1.114543, 0.299134, 0, 0, 0, 2, -5, 0
4, 6.890700, 0.860459, -1.089037, 0.288601, 0, 0, 0, 2, -5, 0
4, 6.893154, 0.872844, -1.057393, 0.303948, 0, 0, 0, 2, -5, 0
4, 6.895857, 0.884167, -1.035595, 0.293710, 0, 0, 0, 2, -5, 0
4, 6.896181, 0.867038, -1.062448, 0.277306, 0, 0, 0, 2, -5, 0
4, 6.902292, 0.873038, -1.034560, 0.268101, 0, 0, 0, 2, -5, 0
4, 6.904738, 0.886098, -0.998403, 0.285444, 0, 0, 0, 2, -5, 0
4, 6.907512, 0.897717, -0.975341, 0.274827, 0, 0, 0, 2, -5, 0
4, 6.907964, 0.879851, -1.005912, 0.256840, 0, 0, 0, 2, -5, 0
4, 6.916543, 0.881845, -0.966518, 0.253747, 0, 0, 0, 2, -5, 0
4, 6.918972, 0.912369, -0.924516, 0.251051, 0, 0, 0, 2, -5, 0
4, 6.919898, 0.893427, -0.954998, 0.232999, 0, 0, 0, 2, -5, 0
4, 6.923080, 0.887379, -0.943512, 0.221213, 0, 0, 0, 2, -5, 0
4, 6.926139, 0.899458, -0.932670, 0.221417, 0, 0, 0, 2, -5, 0
4, 6.928767, 0.891071, -0.916909, 0.205603, 0, 0, 0, 2, -5, 0
4, 6.931154, 0.926041, -0.868832, 0.228880, 0, 0, 0, 2, -5, 0
4, 6.932257, 0.909355, -0.896046, 0.223505, 0, 0, 0, 2, -5, 0
4, 6.934847, 0.898893, -0.886295, 0.195661, 0, 0, 0, 2, -5, 0
4, 6.937170, 0.912066, -0.874515, 0.196251, 0, 0, 0, 2, -5, 0
4, 6.940018, 0.908796, -0.861024, 0.204303, 0, 0, 0, 2, -5, 0
4, 6.942565, 0.940069, -0.816981, 0.202068, 0, 0, 0, 2, -5, 0
4, 6.943428, 0.916969, -0.851126, 0.182798, 0, 0, 0, 2, -5, 0
4, 6.946264, 0.908720, -0.836410, 0.169354, 0, 0, 0, 2, -5, 0
4, 6.949166, 0.922484, -0.823348, 0.171454, 0, 0, 0, 2, -5, 0
4, 6.952376, 0.916073, -0.808078, 0.154948, 0, 0, 0, 2, -5, 0
4, 6.954741, 0.954358, -0.759328, 0.177490, 0, 0, 0, 2, -5, 0
4, 6.955442, 0.930391, -0.796594, 0.173933, 0, 0, 0, 2, -5, 0
4, 6.958197, 0.921370, -0.786814, 0.141017, 0, 0, 0, 2, -5, 0
4, 6.961158, 0.934798, -0.774539, 0.142799, 0, 0, 0, 2, -5, 0
4, 6.963779, 0.928413, -0.758721, 0.152891, 0, 0, 0, 2, -5, 0
4, 6.965914, 0.965180, -0.710894, 0.149322, 0, 0, 0, 2, -5, 0
4, 6.966938, 0.942341, -0.748485, 0.127547, 0, 0, 0, 2, -5, 0
4, 6.969870, 0.935062, -0.734087, 0.114197, 0, 0, 0, 2, -5, 0
4, 6.972455, 0.948136, -0.723485, 0.114456, 0, 0, 0, 2, -5, 0
4, 6.974999, 0.944334, -0.708608, 0.124499, 0, 0, 0, 2, -5, 0
4, 6.977625, 0.977345, -0.659777, 0.122302, 0, 0, 0, 2, -5, 0
4, 6.978261, 0.952533, -0.696236, 0.098337, 0, 0, 0, 2, -5, 0
4, 6.981271, 0.949100, -0.683313, 0.082788, 0, 0, 0, 2, -5, 0
4, 6.984252, 0.961009, -0.673705, 0.083250, 0, 0, 0, 2, -5, 0
4, 6.987085, 0.953360, -0.656884, 0.067249, 0, 0, 0, 2, -5, 0
4, 6.989675, 0.991752, -0.610066, 0.091342, 0, 0, 0, 2, -5, 0
4, 6.990063, 0.968418, -0.647197, 0.088142, 0, 0, 0, 2, -5, 0
4, 6.993050, 0.960458, -0.633428, 0.049774, 0, 0, 0, 2, -5, 0
4, 6.996323, 0.974512, -0.623660, 0.048372, 0, 0, 0, 2, -5, 0
4, 6.999358, 0.967058, -0.606045, 0.031357, 0, 0, 0, 2, -5, 0
4, 7.001796, 1.010255, -0.553506, 0.059792, 0, 0, 0, 2, -5, 0
4, 7.002127, 0.982346, -0.597979, 0.056477, 0, 0, 0, 2, -5, 0
4, 7.005012, 0.971770, -0.583827, 0.016382, 0, 0, 0, 2, -5, 0
4, 7.007912, 0.983829, -0.575540, 0.015566, 0, 0, 0, 2, -5, 0
4, 7.010607, 0.982291, -0.564903, 0.031461, 0, 0, 0, 2, -5, 0
4, 7.013925, 1.013164, -0.514929, 0.030326, 0, 0, 0, 2, -5, 0
4, 7.016746, 1.026558, -0.491791, 0.044254, 0, 0, 0, 2, -5, 0
4, 7.019198, 1.002844, -0.526091, 0.040453, 0, 0, 0, 2, -5, 0
4, 7.025557, 1.012367, -0.505273, 0.056323, 0, 0, 0, 2, -5, 0
4, 7.031556, 1.025224, -0.485161, 0.073836, 0, 0, 0, 2, -5, 0
4, 7.036795, 1.068653, -0.414246, 0.093426, 0, 0, 0, 2, -5, 0
4, 7.038050, 1.029940, -0.465362, 0.061236, 0, 0, 0, 2, -5, 0
4, 7.048723, 1.052481, -0.421383, 0.114015, 0, 0, 0, 2, -5, 0
4, 7.058417, 1.062322, -0.399744, 0.100423, 0, 0, 0, 2, -5, 0
4, 7.061033, 1.109235, -0.334974, 0.142429, 0, 0, 0, 2, -5, 0
4, 7.061372, 1.078055, -0.379908, 0.137423, 0, 0, 0, 2, -5, 0
4, 7.066683, 1.087934, -0.358443, 0.150221, 0, 0, 0, 2, -5, 0
4, 7.072461, 1.097689, -0.340318, 0.161594, 0, 0, 0, 2, -5, 0
4, 7.078424, 1.109525, -0.324825, 0.176240, 0, 0, 0, 2, -5, 0
4, 7.084159, 1.120653, -0.299598, 0.187312, 0, 0, 0, 2, -5, 0
4, 7.084707, 1.119684, -0.299998, 0.159106, 0, 0, 0, 2, -5, 0
4, 7.087853, 1.133742, -0.283727, 0.169185, 0, 0, 0, 2, -5, 0
4, 7.096182, 1.142572, -0.259819, 0.208212, 0, 0, 0, 2, -5, 0
4, 7.107920, 1.163827, -0.223600, 0.226179, 0, 0, 0, 2, -5, 0
4, 7.108141, 1.162882, -0.225941, 0.195908, 0, 0, 0, 2, -5, 0
4, 7.111668, 1.174221, -0.210227, 0.208384, 0, 0, 0, 2, -5, 0
4, 7.119859, 1.185152, -0.184652, 0.244595, 0, 0, 0, 2, -5, 0
4, 7.123236, 1.183608, -0.182989, 0.211034, 0, 0, 0, 2, -5, 0
4, 7.125871, 1.194775, -0.168863, 0.221338, 0, 0, 0, 2, -5, 0
4, 7.131165, 1.206816, -0.150581, 0.265195, 0, 0, 0, 2, -5, 0
4, 7.143255, 1.275258, -0.048068, 0.286928, 0, 0, 0, 2, -5, 0
4, 7.149039, 1.293638, -0.020807, 0.304698, 0, 0, 0, 2, -5, 0
4, 7.154415, 1.305472, -0.001054, 0.298026, 0, 0, 0, 2, -5, 0
4, 7.160202, 1.320122, 0.023323, 0.313510, 0, 0, 0, 2, -5, 0
4, 7.166004, 1.325340, 0.037036, 0.309462, 0, 0, 0, 2, -5, 0
4, 7.171970, 1.339810, 0.059605, 0.324243, 0, 0, 0, 2, -5, 0
4, 7.177856, 1.350249, 0.077418, 0.318471, 0, 0, 0, 2, -5, 0
4, 7.183776, 1.365491, 0.100186, 0.333785, 0, 0, 0, 2, -5, 0
4, 7.190448, 1.373002, 0.115981, 0.329058, 0, 0, 0, 2, -5, 0
4, 7.205612, 1.404576, 0.165980, 0.343762, 0, 0, 0, 2, -5, 0
4, 7.211658, 1.417670, 0.186871, 0.337130, 0, 0, 0, 2, -5, 0
4, 7.220037, 1.433243, 0.209437, 0.353060, 0, 0, 0, 2, -5, 0
4, 7.225600, 1.444795, 0.230667, 0.346747, 0, 0, 0, 2, -5, 0
4, 7.237127, 1.467305, 0.266045, 0.358312, 0, 0, 0, 2, -5, 0
4, 7.242900, 1.479946, 0.287615, 0.351848, 0, 0, 0, 2, -5, 0
4, 7.263341, 1.515244, 0.344459, 0.355263, 0, 0, 0, 2, -5, 0
4, 7.266327, 1.523103, 0.358448, 0.351200, 0, 0, 0, 2, -5, 0
4, 7.288261, 1.552072, 0.405200, 0.356555, 0, 0, 0, 2, -5, 0
5, 8.126735, 0.460508, -3.220886, 0.107624, 0, 0, 0, 2, -5, 0
5, 8.141171, 0.459214, -3.156399, 0.134247, 0, 0, 0, 2, -5, 0
5, 8.143708, 0.526219, -3.034082, 0.181017, 0, 0, 0, 2, -5, 0
5, 8.153090, 0.466066, -3.090845, 0.159465, 0, 0, 0, 2, -5, 0
5, 8.155414, 0.529078, -2.979760, 0.202256, 0, 0, 0, 2, -5, 0
5, 8.167565, 0.534771, -2.915182, 0.227176, 0, 0, 0, 2, -5, 0
5, 8.168396, 0.483086, -2.994645, 0.197146, 0, 0, 0, 2, -5, 0
5, 8.182845, 0.483388, -2.932878, 0.216662, 0, 0, 0, 2, -5, 0
5, 8.185018, 0.542596, -2.834115, 0.254893, 0, 0, 0, 2, -5, 0
5, 8.196921, 0.546083, -2.775418, 0.275828, 0, 0, 0, 2, -5, 0
5, 8.198103, 0.495974, -2.844340, 0.248072, 0, 0, 0, 2, -5, 0
5, 8.208524, 0.554894, -2.713411, 0.293115, 0, 0, 0, 2, -5, 0
5, 8.208992, 0.505141, -2.781776, 0.263355, 0, 0, 0, 2, -5, 0
5, 8.220452, 0.559024, -2.656458, 0.307359, 0, 0, 0, 2, -5, 0
5, 8.221101, 0.512607, -2.720465, 0.280754, 0, 0, 0, 2, -5, 0
5, 8.237866, 0.575777, -2.568215, 0.331366, 0, 0, 0, 2, -5, 0
5, 8.238797, 0.530339, -2.627617, 0.308525, 0, 0, 0, 2, -5, 0
5, 8.249688, 0.579603, -2.510883, 0.342577, 0, 0, 0, 2, -5, 0
5, 8.250287, 0.535392, -2.568104, 0.319205, 0, 0, 0, 2, -5, 0
5, 8.261691, 0.584915, -2.457701, 0.353077, 0, 0, 0, 2, -5, 0
5, 8.262708, 0.546713, -2.507350, 0.331999, 0, 0, 0, 2, -5, 0
5, 8.273161, 0.596571, -2.395853, 0.363503, 0, 0, 0, 2, -5, 0
5, 8.273974, 0.557377, -2.447212, 0.343454, 0, 0, 0, 2, -5, 0
5, 8.279246, 0.577101, -2.408231, 0.379365, 0, 0, 0, 2, -5, 0
5, 8.285236, 0.601357, -2.340166, 0.371587, 0, 0, 0, 2, -5, 0
5, 8.285444, 0.565433, -2.383342, 0.350825, 0, 0, 0, 2, -5, 0
5, 8.290681, 0.585494, -2.350265, 0.383671, 0, 0, 0, 2, -5, 0
5, 8.293969, 0.557842, -2.348742, 0.349213, 0, 0, 0, 2, -5, 0
5, 8.296822, 0.605925, -2.286785, 0.376883, 0, 0, 0, 2, -5, 0
5, 8.297716, 0.591635, -2.322575, 0.384466, 0, 0, 0, 2, -5, 0
5, 8.302779, 0.595996, -2.293854, 0.389143, 0, 0, 0, 2, -5, 0
5, 8.308316, 0.619835, -2.228145, 0.381264, 0, 0, 0, 2, -5, 0
5, 8.311333, 0.629304, -2.203385, 0.386224, 0, 0, 0, 2, -5, 0
5, 8.314574, 0.607284, -2.237434, 0.392624, 0, 0, 0, 2, -5, 0
5, 8.319732, 0.629617, -2.169570, 0.384536, 0, 0, 0, 2, -5, 0
5, 8.320822, 0.594866, -2.206832, 0.367530, 0, 0, 0, 2, -5, 0
5, 8.326727, 0.613403, -2.179631, 0.393709, 0, 0, 0, 2, -5, 0
5, 8.331963, 0.636863, -2.115340, 0.387888, 0, 0, 0, 2, -5, 0
5, 8.332929, 0.603723, -2.152176, 0.370364, 0, 0, 0, 2, -5, 0
5, 8.338489, 0.625740, -2.121387, 0.395995, 0, 0, 0, 2, -5, 0
5, 8.341026, 0.615616, -2.110260, 0.396174, 0, 0, 0, 2, -5, 0
5, 8.343440, 0.643848, -2.063612, 0.389809, 0, 0, 0, 2, -5, 0
5, 8.343901, 0.617433, -2.094189, 0.374008, 0, 0, 0, 2, -5, 0
5, 8.346663, 0.620960, -2.083033, 0.394569, 0, 0, 0, 2, -5, 0
5, 8.349593, 0.635190, -2.066510, 0.392632, 0, 0, 0, 2, -5, 0
5, 8.352584, 0.627444, -2.056526, 0.394728, 0, 0, 0, 2, -5, 0
5, 8.355360, 0.655260, -2.005792, 0.386489, 0, 0, 0, 2, -5, 0
5, 8.356130, 0.624597, -2.036798, 0.369189, 0, 0, 0, 2, -5, 0
5, 8.358842, 0.629703, -2.027359, 0.392201, 0, 0, 0, 2, -5, 0
5, 8.361895, 0.644145, -2.009342, 0.391332, 0, 0, 0, 2, -5, 0
5, 8.364786, 0.635853, -1.999759, 0.391848, 0, 0, 0, 2, -5, 0
5, 8.367402, 0.664784, -1.950338, 0.381687, 0, 0, 0, 2, -5, 0
5, 8.368954, 0.636728, -1.977617, 0.365825, 0, 0, 0, 2, -5, 0
5, 8.371352, 0.644072, -1.970310, 0.389945, 0, 0, 0, 2, -5, 0
5, 8.373528, 0.657844, -1.953593, 0.388541, 0, 0, 0, 2, -5, 0
5, 8.376407, 0.647816, -1.943466, 0.386773, 0, 0, 0, 2, -5, 0
5, 8.379168, 0.661221, -1.927253, 0.385330, 0, 0, 0, 2, -5, 0
5, 8.379887, 0.647161, -1.923155, 0.363473, 0, 0, 0, 2, -5, 0
5, 8.382289, 0.682127, -1.874759, 0.381639, 0, 0, 0, 2, -5, 0
5, 8.385244, 0.667985, -1.899478, 0.383923, 0, 0, 0, 2, -5, 0
5, 8.388047, 0.659104, -1.889384, 0.383819, 0, 0, 0, 2, -5, 0
5, 8.390661, 0.684888, -1.843980, 0.375973, 0, 0, 0, 2, -5, 0
5, 8.391946, 0.659774, -1.869316, 0.360353, 0, 0, 0, 2, -5, 0
5, 8.394872, 0.663152, -1.860233, 0.379282, 0, 0, 0, 2, -5, 0
5, 8.397189, 0.676763, -1.844084, 0.377191, 0, 0, 0, 2, -5, 0
5, 8.399809, 0.656965, -1.836017, 0.350258, 0, 0, 0, 2, -5, 0
5, 8.402478, 0.694300, -1.790019, 0.370325, 0, 0, 0, 2, -5, 0
5, 8.403171, 0.681217, -1.818935, 0.373887, 0, 0, 0, 2, -5, 0
5, 8.406348, 0.672639, -1.809722, 0.372597, 0, 0, 0, 2, -5, 0
5, 8.409477, 0.689354, -1.791654, 0.368018, 0, 0, 0, 2, -5, 0
5, 8.411825, 0.679516, -1.780455, 0.367395, 0, 0, 0, 2, -5, 0
5, 8.414028, 0.703729, -1.737910, 0.363017, 0, 0, 0, 2, -5, 0
5, 8.415168, 0.681700, -1.760860, 0.350218, 0, 0, 0, 2, -5, 0
5, 8.417954, 0.682568, -1.753177, 0.364702, 0, 0, 0, 2, -5, 0
5, 8.420465, 0.698603, -1.735937, 0.359960, 0, 0, 0, 2, -5, 0
5, 8.423541, 0.690382, -1.726324, 0.359580, 0, 0, 0, 2, -5, 0
5, 8.426314, 0.713506, -1.686309, 0.354851, 0, 0, 0, 2, -5, 0
5, 8.426984, 0.693417, -1.708402, 0.341096, 0, 0, 0, 2, -5, 0
5, 8.429533, 0.693759, -1.699369, 0.353646, 0, 0, 0, 2, -5, 0
5, 8.432102, 0.717961, -1.658199, 0.348155, 0, 0, 0, 2, -5, 0
5, 8.432728, 0.696509, -1.682681, 0.332875, 0, 0, 0, 2, -5, 0
5, 8.435286, 0.699075, -1.674361, 0.347872, 0, 0, 0, 2, -5, 0
5, 8.438218, 0.715539, -1.655493, 0.343791, 0, 0, 0, 2, -5, 0
5, 8.441133, 0.706018, -1.644973, 0.341785, 0, 0, 0, 2, -5, 0
5, 8.443612, 0.729882, -1.606563, 0.339208, 0, 0, 0, 2, -5, 0
5, 8.444071, 0.712054, -1.631005, 0.324144, 0, 0, 0, 2, -5, 0
5, 8.447097, 0.706130, -1.623244, 0.313088, 0, 0, 0, 2, -5, 0
5, 8.449997, 0.739996, -1.577608, 0.331753, 0, 0, 0, 2, -5, 0
5, 8.450693, 0.723052, -1.605111, 0.334401, 0, 0, 0, 2, -5, 0
5, 8.453382, 0.713622, -1.595270, 0.330998, 0, 0, 0, 2, -5, 0
5, 8.455543, 0.743486, -1.550489, 0.322231, 0, 0, 0, 2, -5, 0
5, 8.456393, 0.721922, -1.575409, 0.307855, 0, 0, 0, 2, -5, 0
5, 8.459206, 0.722564, -1.567504, 0.320821, 0, 0, 0, 2, -5, 0
5, 8.461675, 0.735787, -1.552601, 0.316803, 0, 0, 0, 2, -5, 0
5, 8.464581, 0.719310, -1.542136, 0.290976, 0, 0, 0, 2, -5, 0
5, 8.467054, 0.753344, -1.501166, 0.308339, 0, 0, 0, 2, -5, 0
5, 8.467429, 0.742034, -1.526301, 0.309167, 0, 0, 0, 2, -5, 0
5, 8.476880, 0.731553, -1.492779, 0.278497, 0, 0, 0, 2, -5, 0
5, 8.479061, 0.762983, -1.452329, 0.295562, 0, 0, 0, 2, -5, 0
5, 8.479950, 0.752618, -1.472941, 0.295964, 0, 0, 0, 2, -5, 0
5, 8.482844, 0.743948, -1.462856, 0.293660, 0, 0, 0, 2, -5, 0
5, 8.485265, 0.773165, -1.420873, 0.285929, 0, 0, 0, 2, -5, 0
5, 8.486174, 0.751305, -1.449255, 0.270441, 0, 0, 0, 2, -5, 0
5, 8.494639, 0.753762, -1.412907, 0.271385, 0, 0, 0, 2, -5, 0
5, 8.496989, 0.778454, -1.376979, 0.267729, 0, 0, 0, 2, -5, 0
5, 8.498206, 0.762644, -1.399463, 0.255174, 0, 0, 0, 2, -5, 0
5, 8.500671, 0.754534, -1.388183, 0.241661, 0, 0, 0, 2, -5, 0
5, 8.502954, 0.765647, -1.375721, 0.243399, 0, 0, 0, 2, -5, 0
5, 8.505856, 0.762963, -1.365557, 0.254500, 0, 0, 0, 2, -5, 0
5, 8.508301, 0.791593, -1.323355, 0.248852, 0, 0, 0, 2, -5, 0
5, 8.509609, 0.769805, -1.350515, 0.235634, 0, 0, 0, 2, -5, 0
5, 8.512657, 0.762546, -1.340276, 0.223717, 0, 0, 0, 2, -5, 0
5, 8.515231, 0.777673, -1.326367, 0.222384, 0, 0, 0, 2, -5, 0
5, 8.517935, 0.778241, -1.315931, 0.235982, 0, 0, 0, 2, -5, 0
5, 8.520402, 0.808512, -1.267150, 0.231930, 0, 0, 0, 2, -5, 0
5, 8.521468, 0.782401, -1.301979, 0.211182, 0, 0, 0, 2, -5, 0
5, 8.523902, 0.781240, -1.290668, 0.223401, 0, 0, 0, 2, -5, 0
5, 8.526231, 0.810970, -1.245767, 0.220115, 0, 0, 0, 2, -5, 0
5, 8.527192, 0.787793, -1.278721, 0.201809, 0, 0, 0, 2, -5, 0
5, 8.529576, 0.783318, -1.265907, 0.209807, 0, 0, 0, 2, -5, 0
5, 8.532044, 0.810200, -1.227273, 0.206208, 0, 0, 0, 2, -5, 0
5, 8.533153, 0.793379, -1.252646, 0.191649, 0, 0, 0, 2, -5, 0
5, 8.535840, 0.786436, -1.241649, 0.178698, 0, 0, 0, 2, -5, 0
5, 8.538805, 0.799189, -1.228693, 0.179954, 0, 0, 0, 2, -5, 0
5, 8.541499, 0.794475, -1.215582, 0.185920, 0, 0, 0, 2, -5, 0
5, 8.543724, 0.821330, -1.178788, 0.182029, 0, 0, 0, 2, -5, 0
5, 8.545267, 0.804588, -1.206652, 0.165465, 0, 0, 0, 2, -5, 0
5, 8.548088, 0.798631, -1.196410, 0.153116, 0, 0, 0, 2, -5, 0
5, 8.550192, 0.811476, -1.183739, 0.154265, 0, 0, 0, 2, -5, 0
5, 8.553014, 0.806826, -1.168836, 0.160171, 0, 0, 0, 2, -5, 0
5, 8.555890, 0.818924, -1.155338, 0.154226, 0, 0, 0, 2, -5, 0
5, 8.556421, 0.813787, -1.158434, 0.141018, 0, 0, 0, 2, -5, 0
5, 8.561736, 0.817914, -1.134384, 0.128716, 0, 0, 0, 2, -5, 0
5, 8.564420, 0.813424, -1.121437, 0.136507, 0, 0, 0, 2, -5, 0
5, 8.567497, 0.825143, -1.107747, 0.131177, 0, 0, 0, 2, -5, 0
5, 8.568032, 0.821539, -1.109885, 0.117142, 0, 0, 0, 2, -5, 0
5, 8.574245, 0.830116, -1.086560, 0.101697, 0, 0, 0, 2, -5, 0
5, 8.576611, 0.826133, -1.073248, 0.108927, 0, 0, 0, 2, -5, 0
5, 8.579358, 0.836363, -1.061385, 0.103939, 0, 0, 0, 2, -5, 0
5, 8.579874, 0.832366, -1.063701, 0.089245, 0, 0, 0, 2, -5, 0
5, 8.585598, 0.838751, -1.039993, 0.075214, 0, 0, 0, 2, -5, 0
5, 8.588071, 0.833842, -1.026126, 0.080472, 0, 0, 0, 2, -5, 0
5, 8.590845, 0.861375, -0.988430, 0.075826, 0, 0, 0, 2, -5, 0
5, 8.591447, 0.842725, -1.017535, 0.058783, 0, 0, 0, 2, -5, 0
5, 8.594389, 0.835970, -1.005162, 0.045050, 0, 0, 0, 2, -5, 0
5, 8.597246, 0.848353, -0.994169, 0.045881, 0, 0, 0, 2, -5, 0
5, 8.599742, 0.844055, -0.981254, 0.052269, 0, 0, 0, 2, -5, 0
5, 8.602835, 0.872329, -0.941379, 0.046526, 0, 0, 0, 2, -5, 0
5, 8.603565, 0.854568, -0.968811, 0.028795, 0, 0, 0, 2, -5, 0
5, 8.606280, 0.848947, -0.957539, 0.015970, 0, 0, 0, 2, -5, 0
5, 8.609269, 0.859214, -0.950582, 0.013950, 0, 0, 0, 2, -5, 0
5, 8.611893, 0.859522, -0.938620, 0.028170, 0, 0, 0, 2, -5, 0
5, 8.615002, 0.867848, -0.923376, 0.029805, 0, 0, 0, 2, -5, 0
5, 8.617801, 0.868619, -0.920143, 0.040555, 0, 0, 0, 2, -5, 0
5, 8.620574, 0.876269, -0.904344, 0.044084, 0, 0, 0, 2, -5, 0
5, 8.623765, 0.878289, -0.902405, 0.056882, 0, 0, 0, 2, -5, 0
5, 8.626761, 0.889136, -0.882313, 0.059415, 0, 0, 0, 2, -5, 0
5, 8.627370, 0.885484, -0.883426, 0.044155, 0, 0, 0, 2, -5, 0
5, 8.630076, 0.919250, -0.832894, 0.073264, 0, 0, 0, 2, -5, 0
5, 8.633017, 0.897796, -0.863692, 0.071485, 0, 0, 0, 2, -5, 0
5, 8.635470, 0.897957, -0.860371, 0.080982, 0, 0, 0, 2, -5, 0
5, 8.638803, 0.907900, -0.842478, 0.082808, 0, 0, 0, 2, -5, 0
5, 8.641729, 0.909788, -0.840972, 0.095209, 0, 0, 0, 2, -5, 0
5, 8.644379, 0.918722, -0.824084, 0.097795, 0, 0, 0, 2, -5, 0
5, 8.647660, 0.913496, -0.827629, 0.082897, 0, 0, 0, 2, -5, 0
5, 8.650259, 0.923974, -0.810355, 0.095575, 0, 0, 0, 2, -5, 0
5, 8.653014, 0.926795, -0.803361, 0.122270, 0, 0, 0, 2, -5, 0
5, 8.656156, 0.936261, -0.785843, 0.124821, 0, 0, 0, 2, -5, 0
5, 8.658917, 0.935678, -0.782261, 0.132743, 0, 0, 0, 2, -5, 0
5, 8.662124, 0.944371, -0.765440, 0.136123, 0, 0, 0, 2, -5, 0
5, 8.671314, 0.957172, -0.743033, 0.156853, 0, 0, 0, 2, -5, 0
5, 8.673918, 0.965854, -0.728355, 0.157809, 0, 0, 0, 2, -5, 0
5, 8.676747, 0.967003, -0.727233, 0.167718, 0, 0, 0, 2, -5, 0
5, 8.679626, 0.975177, -0.711567, 0.170847, 0, 0, 0, 2, -5, 0
5, 8.682579, 0.976126, -0.710318, 0.180400, 0, 0, 0, 2, -5, 0
5, 8.685365, 1.013919, -0.651410, 0.184247, 0, 0, 0, 2, -5, 0
5, 8.689139, 0.995016, -0.678563, 0.169071, 0, 0, 0, 2, -5, 0
5, 8.694326, 0.994120, -0.669773, 0.195602, 0, 0, 0, 2, -5, 0
5, 8.696874, 1.003692, -0.653692, 0.196815, 0, 0, 0, 2, -5, 0
5, 8.706309, 1.011727, -0.632873, 0.213043, 0, 0, 0, 2, -5, 0
5, 8.709345, 1.022590, -0.615476, 0.213493, 0, 0, 0, 2, -5, 0
5, 8.712286, 1.020984, -0.620306, 0.194934, 0, 0, 0, 2, -5, 0
5, 8.715466, 1.031813, -0.604308, 0.205769, 0, 0, 0, 2, -5, 0
5, 8.718489, 1.031924, -0.597670, 0.231326, 0, 0, 0, 2, -5, 0
5, 8.721119, 1.042991, -0.580679, 0.231085, 0, 0, 0, 2, -5, 0
5, 8.730229, 1.052493, -0.559747, 0.244592, 0, 0, 0, 2, -5, 0
5, 8.732732, 1.061324, -0.545318, 0.245547, 0, 0, 0, 2, -5, 0
5, 8.735760, 1.060034, -0.548755, 0.224265, 0, 0, 0, 2, -5, 0
5, 8.738923, 1.069917, -0.533875, 0.234751, 0, 0, 0, 2, -5, 0
5, 8.741652, 1.067604, -0.525893, 0.261450, 0, 0, 0, 2, -5, 0
5, 8.744403, 1.078357, -0.510235, 0.260254, 0, 0, 0, 2, -5, 0
5, 8.754038, 1.089004, -0.492112, 0.272033, 0, 0, 0, 2, -5, 0
5, 8.755595, 1.131107, -0.433393, 0.276128, 0, 0, 0, 2, -5, 0
5, 8.756516, 1.100324, -0.480611, 0.248724, 0, 0, 0, 2, -5, 0
5, 8.768172, 1.119353, -0.437772, 0.278537, 0, 0, 0, 2, -5, 0
5, 8.771182, 1.120173, -0.443845, 0.253165, 0, 0, 0, 2, -5, 0
5, 8.773673, 1.130836, -0.430122, 0.261286, 0, 0, 0, 2, -5, 0
5, 8.776582, 1.127750, -0.419637, 0.287640, 0, 0, 0, 2, -5, 0
5, 8.780104, 1.138350, -0.402588, 0.288820, 0, 0, 0, 2, -5, 0
5, 8.790698, 1.197023, -0.321673, 0.303162, 0, 0, 0, 2, -5, 0
5, 8.791943, 1.159453, -0.378596, 0.272766, 0, 0, 0, 2, -5, 0
5, 8.806456, 1.178149, -0.334194, 0.305822, 0, 0, 0, 2, -5, 0
5, 8.808579, 1.225521, -0.270451, 0.310400, 0, 0, 0, 2, -5, 0
5, 8.809113, 1.188354, -0.324884, 0.279910, 0, 0, 0, 2, -5, 0
5, 8.820240, 1.247679, -0.231473, 0.316070, 0, 0, 0, 2, -5, 0
5, 8.820718, 1.206262, -0.291739, 0.281113, 0, 0, 0, 2, -5, 0
5, 8.830137, 1.214955, -0.269902, 0.275182, 0, 0, 0, 2, -5, 0
5, 8.832887, 1.225806, -0.259196, 0.279158, 0, 0, 0, 2, -5, 0
5, 8.842076, 1.235553, -0.240568, 0.274991, 0, 0, 0, 2, -5, 0
5, 8.844990, 1.246931, -0.229460, 0.279101, 0, 0, 0, 2, -5, 0
5, 8.847564, 1.245445, -0.221523, 0.271764, 0, 0, 0, 2, -5, 0
5, 8.852988, 1.308454, -0.132518, 0.323381, 0, 0, 0, 2, -5, 0
5, 8.858989, 1.314578, -0.117528, 0.318588, 0, 0, 0, 2, -5, 0
5, 8.873896, 1.335398, -0.081683, 0.324947, 0, 0, 0, 2, -5, 0
5, 8.879505, 1.354880, -0.056367, 0.315689, 0, 0, 0, 2, -5, 0
5, 8.908927, 1.411741, 0.032873, 0.303429, 0, 0, 0, 2, -5, 0
5, 8.911760, 1.422190, 0.047363, 0.298306, 0, 0, 0, 2, -5, 0
5, 8.952968, 1.475628, 0.140875, 0.267378, 0, 0, 0, 2, -5, 0
5, 8.955882, 1.489504, 0.160436, 0.260507, 0, 0, 0, 2, -5, 0
5, 8.995468, 1.547835, 0.251114, 0.214167, 0, 0, 0, 2, -5, 0
6, 9.749273, 0.471295, -3.204347, 0.111983, 0, 0, 0, 2, -5, 0
6, 9.764101, 0.476244, -3.144006, 0.137180, 0, 0, 0, 2, -5, 0
6, 9.766597, 0.542151, -3.023740, 0.175302, 0, 0, 0, 2, -5, 0
6, 9.776259, 0.476929, -3.087124, 0.157015, 0, 0, 0, 2, -5, 0
6, 9.778653, 0.541267, -2.976135, 0.194041, 0, 0, 0, 2, -5, 0
6, 9.786483, 0.536427, -2.943180, 0.208877, 0, 0, 0, 2, -5, 0
6, 9.787367, 0.484516, -3.027045, 0.177089, 0, 0, 0, 2, -5, 0
6, 9.799683, 0.488365, -2.970776, 0.197827, 0, 0, 0, 2, -5, 0
6, 9.802481, 0.500271, -2.943839, 0.208980, 0, 0, 0, 2, -5, 0
6, 9.813030, 0.490344, -2.912788, 0.210177, 0, 0, 0, 2, -5, 0
6, 9.815593, 0.549726, -2.815647, 0.247513, 0, 0, 0, 2, -5, 0
6, 9.827289, 0.550359, -2.762825, 0.261237, 0, 0, 0, 2, -5, 0
6, 9.828362, 0.499453, -2.832229, 0.236249, 0, 0, 0, 2, -5, 0
6, 9.840272, 0.505874, -2.773791, 0.247305, 0, 0, 0, 2, -5, 0
6, 9.842738, 0.567351, -2.683947, 0.281606, 0, 0, 0, 2, -5, 0
6, 9.856612, 0.564628, -2.624211, 0.292107, 0, 0, 0, 2, -5, 0
6, 9.859868, 0.573063, -2.603831, 0.296715, 0, 0, 0, 2, -5, 0
6, 9.868636, 0.567508, -2.580798, 0.302800, 0, 0, 0, 2, -5, 0
6, 9.868997, 0.528760, -2.627594, 0.279844, 0, 0, 0, 2, -5, 0
6, 9.881694, 0.532044, -2.580828, 0.283737, 0, 0, 0, 2, -5, 0
6, 9.884357, 0.582168, -2.503103, 0.314974, 0, 0, 0, 2, -5, 0
6, 9.895888, 0.537210, -2.520748, 0.286449, 0, 0, 0, 2, -5, 0
6, 9.898576, 0.589782, -2.444900, 0.316649, 0, 0, 0, 2, -5, 0
6, 9.910090, 0.595894, -2.393866, 0.320681, 0, 0, 0, 2, -5, 0
6, 9.910563, 0.557170, -2.441939, 0.298173, 0, 0, 0, 2, -5, 0
6, 9.916522, 0.581707, -2.408264, 0.334052, 0, 0, 0, 2, -5, 0
6, 9.919484, 0.549906, -2.406810, 0.293901, 0, 0, 0, 2, -5, 0
6, 9.922219, 0.602675, -2.339703, 0.323925, 0, 0, 0, 2, -5, 0
6, 9.922713, 0.586226, -2.381211, 0.332682, 0, 0, 0, 2, -5, 0
6, 9.933813, 0.592210, -2.328109, 0.335444, 0, 0, 0, 2, -5, 0
6, 9.934427, 0.572371, -2.332846, 0.303208, 0, 0, 0, 2, -5, 0
6, 9.937482, 0.586211, -2.308558, 0.311242, 0, 0, 0, 2, -5, 0
6, 9.940493, 0.595980, -2.301130, 0.333857, 0, 0, 0, 2, -5, 0
6, 9.944824, 0.619034, -2.235456, 0.325881, 0, 0, 0, 2, -5, 0
6, 9.945930, 0.582867, -2.279267, 0.304849, 0, 0, 0, 2, -5, 0
6, 9.951925, 0.603194, -2.247868, 0.332916, 0, 0, 0, 2, -5, 0
6, 9.957142, 0.622690, -2.184686, 0.324893, 0, 0, 0, 2, -5, 0
6, 9.957375, 0.588670, -2.226694, 0.302550, 0, 0, 0, 2, -5, 0
6, 9.969073, 0.632361, -2.134973, 0.321049, 0, 0, 0, 2, -5, 0
6, 9.969561, 0.600959, -2.170231, 0.302494, 0, 0, 0, 2, -5, 0
6, 9.972179, 0.606794, -2.158613, 0.326608, 0, 0, 0, 2, -5, 0
6, 9.975024, 0.620802, -2.144162, 0.322533, 0, 0, 0, 2, -5, 0
6, 9.977994, 0.611948, -2.135106, 0.321418, 0, 0, 0, 2, -5, 0
6, 9.980764, 0.634921, -2.087918, 0.315808, 0, 0, 0, 2, -5, 0
6, 9.981218, 0.607984, -2.117944, 0.295922, 0, 0, 0, 2, -5, 0
6, 9.983919, 0.617817, -2.108053, 0.318589, 0, 0, 0, 2, -5, 0
6, 9.986756, 0.629977, -2.092465, 0.317693, 0, 0, 0, 2, -5, 0
6, 9.989713, 0.620856, -2.082069, 0.317753, 0, 0, 0, 2, -5, 0
6, 9.992968, 0.647890, -2.032816, 0.309647, 0, 0, 0, 2, -5, 0
6, 9.993856, 0.617306, -2.065931, 0.291650, 0, 0, 0, 2, -5, 0
6, 9.995901, 0.623397, -2.056203, 0.315073, 0, 0, 0, 2, -5, 0
6, 9.998346, 0.637624, -2.040945, 0.311149, 0, 0, 0, 2, -5, 0
6, 10.001321, 0.630157, -2.032312, 0.311258, 0, 0, 0, 2, -5, 0
6, 10.004391, 0.655601, -1.981898, 0.302773, 0, 0, 0, 2, -5, 0
6, 10.005297, 0.624032, -2.014801, 0.282405, 0, 0, 0, 2, -5, 0
6, 10.013394, 0.637796, -1.979819, 0.303186, 0, 0, 0, 2, -5, 0
6, 10.016067, 0.661431, -1.929541, 0.294769, 0, 0, 0, 2, -5, 0
6, 10.017079, 0.630648, -1.959717, 0.274071, 0, 0, 0, 2, -5, 0
6, 10.019356, 0.643323, -1.954668, 0.299199, 0, 0, 0, 2, -5, 0
6, 10.021717, 0.655872, -1.941162, 0.295452, 0, 0, 0, 2, -5, 0
6, 10.024572, 0.644825, -1.930696, 0.291840, 0, 0, 0, 2, -5, 0
6, 10.027459, 0.668258, -1.881146, 0.284421, 0, 0, 0, 2, -5, 0
6, 10.028178, 0.639089, -1.910725, 0.263600, 0, 0, 0, 2, -5, 0
6, 10.030376, 0.650316, -1.905591, 0.285412, 0, 0, 0, 2, -5, 0
6, 10.033598, 0.665603, -1.889312, 0.280449, 0, 0, 0, 2, -5, 0
6, 10.036560, 0.654157, -1.878436, 0.276307, 0, 0, 0, 2, -5, 0
6, 10.038680, 0.675350, -1.836802, 0.272108, 0, 0, 0, 2, -5, 0
6, 10.039726, 0.651997, -1.862515, 0.256089, 0, 0, 0, 2, -5, 0
6, 10.048410, 0.663971, -1.829991, 0.267082, 0, 0, 0, 2, -5, 0
6, 10.050821, 0.689868, -1.786957, 0.261039, 0, 0, 0, 2, -5, 0
6, 10.051865, 0.666441, -1.816410, 0.243750, 0, 0, 0, 2, -5, 0
6, 10.054578, 0.668742, -1.806310, 0.258628, 0, 0, 0, 2, -5, 0
6, 10.057484, 0.683186, -1.789597, 0.254810, 0, 0, 0, 2, -5, 0
6, 10.060504, 0.671606, -1.778199, 0.250362, 0, 0, 0, 2, -5, 0
6, 10.062869, 0.696930, -1.736727, 0.243677, 0, 0, 0, 2, -5, 0
6, 10.063590, 0.674380, -1.764344, 0.227540, 0, 0, 0, 2, -5, 0
6, 10.072093, 0.681845, -1.732440, 0.235640, 0, 0, 0, 2, -5, 0
6, 10.074554, 0.708200, -1.687059, 0.229287, 0, 0, 0, 2, -5, 0
6, 10.074999, 0.684431, -1.714435, 0.212962, 0, 0, 0, 2, -5, 0
6, 10.077634, 0.684189, -1.704165, 0.225911, 0, 0, 0, 2, -5, 0
6, 10.080535, 0.698136, -1.690266, 0.219417, 0, 0, 0, 2, -5, 0
6, 10.083709, 0.681409, -1.684024, 0.192731, 0, 0, 0, 2, -5, 0
6, 10.086880, 0.695253, -1.665617, 0.197609, 0, 0, 0, 2, -5, 0
6, 10.089674, 0.695473, -1.656006, 0.208676, 0, 0, 0, 2, -5, 0
6, 10.092071, 0.718726, -1.617385, 0.203013, 0, 0, 0, 2, -5, 0
6, 10.092643, 0.697300, -1.644872, 0.186258, 0, 0, 0, 2, -5, 0
6, 10.095680, 0.688196, -1.634525, 0.172644, 0, 0, 0, 2, -5, 0
6, 10.098568, 0.700172, -1.619430, 0.176119, 0, 0, 0, 2, -5, 0
6, 10.101209, 0.700859, -1.610364, 0.190012, 0, 0, 0, 2, -5, 0
6, 10.104486, 0.714737, -1.595430, 0.184130, 0, 0, 0, 2, -5, 0
6, 10.107486, 0.698963, -1.587775, 0.157108, 0, 0, 0, 2, -5, 0
6, 10.110189, 0.712443, -1.573398, 0.158018, 0, 0, 0, 2, -5, 0
6, 10.113045, 0.711133, -1.560883, 0.166587, 0, 0, 0, 2, -5, 0
6, 10.115586, 0.729580, -1.526347, 0.165594, 0, 0, 0, 2, -5, 0
6, 10.116493, 0.712761, -1.549716, 0.149443, 0, 0, 0, 2, -5, 0
6, 10.119451, 0.707250, -1.540099, 0.133800, 0, 0, 0, 2, -5, 0
6, 10.124338, 0.733653, -1.495268, 0.148084, 0, 0, 0, 2, -5, 0
6, 10.127302, 0.741449, -1.478000, 0.137616, 0, 0, 0, 2, -5, 0
6, 10.128043, 0.722854, -1.503456, 0.123496, 0, 0, 0, 2, -5, 0
6, 10.130885, 0.714873, -1.494115, 0.112453, 0, 0, 0, 2, -5, 0
6, 10.133620, 0.726717, -1.480859, 0.114651, 0, 0, 0, 2, -5, 0
6, 10.136505, 0.725395, -1.470545, 0.123346, 0, 0, 0, 2, -5, 0
6, 10.139385, 0.739533, -1.455438, 0.116348, 0, 0, 0, 2, -5, 0
6, 10.139587, 0.730709, -1.454771, 0.101152, 0, 0, 0, 2, -5, 0
6, 10.142658, 0.742224, -1.442752, 0.102476, 0, 0, 0, 2, -5, 0
6, 10.145736, 0.736578, -1.434070, 0.090440, 0, 0, 0, 2, -5, 0
6, 10.148537, 0.748746, -1.405973, 0.103034, 0, 0, 0, 2, -5, 0
6, 10.151542, 0.746666, -1.411062, 0.090400, 0, 0, 0, 2, -5, 0
6, 10.151774, 0.740873, -1.414225, 0.077925, 0, 0, 0, 2, -5, 0
6, 10.157570, 0.744901, -1.388024, 0.064367, 0, 0, 0, 2, -5, 0
6, 10.160648, 0.736529, -1.376766, 0.050694, 0, 0, 0, 2, -5, 0
6, 10.163576, 0.762773, -1.342507, 0.067562, 0, 0, 0, 2, -5, 0
6, 10.163881, 0.753582, -1.363570, 0.064436, 0, 0, 0, 2, -5, 0
6, 10.166756, 0.739702, -1.355040, 0.037630, 0, 0, 0, 2, -5, 0
6, 10.169840, 0.750820, -1.344661, 0.037883, 0, 0, 0, 2, -5, 0
6, 10.172609, 0.748282, -1.331825, 0.045370, 0, 0, 0, 2, -5, 0
6, 10.175051, 0.773881, -1.293630, 0.040620, 0, 0, 0, 2, -5, 0
6, 10.175685, 0.753954, -1.323073, 0.023519, 0, 0, 0, 2, -5, 0
6, 10.181853, 0.758409, -1.300232, 0.007989, 0, 0, 0, 2, -5, 0
6, 10.186734, 0.779510, -1.251377, 0.018797, 0, 0, 0, 2, -5, 0
6, 10.192851, 0.773302, -1.255987, 0.031202, 0, 0, 0, 2, -5, 0
6, 10.195453, 0.776303, -1.253011, 0.045135, 0, 0, 0, 2, -5, 0
6, 10.198308, 0.786320, -1.237331, 0.044480, 0, 0, 0, 2, -5, 0
6, 10.201317, 0.786721, -1.233282, 0.053563, 0, 0, 0, 2, -5, 0
6, 10.204224, 0.792678, -1.220252, 0.057017, 0, 0, 0, 2, -5, 0
6, 10.207248, 0.792965, -1.215901, 0.066590, 0, 0, 0, 2, -5, 0
6, 10.210321, 0.801026, -1.200529, 0.068980, 0, 0, 0, 2, -5, 0
6, 10.210846, 0.796266, -1.203788, 0.054534, 0, 0, 0, 2, -5, 0
6, 10.213092, 0.829552, -1.152153, 0.083217, 0, 0, 0, 2, -5, 0
6, 10.215655, 0.809215, -1.181390, 0.084323, 0, 0, 0, 2, -5, 0
6, 10.218807, 0.811927, -1.180817, 0.093848, 0, 0, 0, 2, -5, 0
6, 10.222154, 0.820353, -1.164698, 0.096844, 0, 0, 0, 2, -5, 0
6, 10.224892, 0.819506, -1.159475, 0.105248, 0, 0, 0, 2, -5, 0
6, 10.227709, 0.826211, -1.146591, 0.107737, 0, 0, 0, 2, -5, 0
6, 10.230520, 0.825312, -1.142032, 0.114743, 0, 0, 0, 2, -5, 0
6, 10.233145, 0.848883, -1.102700, 0.117575, 0, 0, 0, 2, -5, 0
6, 10.233651, 0.831452, -1.128905, 0.102516, 0, 0, 0, 2, -5, 0
6, 10.236199, 0.837590, -1.124426, 0.127904, 0, 0, 0, 2, -5, 0
6, 10.239109, 0.845059, -1.109994, 0.130806, 0, 0, 0, 2, -5, 0
6, 10.247922, 0.852604, -1.086820, 0.148432, 0, 0, 0, 2, -5, 0
6, 10.250843, 0.860758, -1.072656, 0.150029, 0, 0, 0, 2, -5, 0
6, 10.253868, 0.859315, -1.067581, 0.157054, 0, 0, 0, 2, -5, 0
6, 10.256609, 0.882301, -1.027216, 0.162909, 0, 0, 0, 2, -5, 0
6, 10.257128, 0.863168, -1.057131, 0.144673, 0, 0, 0, 2, -5, 0
6, 10.259986, 0.868802, -1.051583, 0.168622, 0, 0, 0, 2, -5, 0
6, 10.262997, 0.876157, -1.037285, 0.171837, 0, 0, 0, 2, -5, 0
6, 10.266108, 0.874337, -1.032073, 0.178124, 0, 0, 0, 2, -5, 0
6, 10.269081, 0.883974, -1.016519, 0.178807, 0, 0, 0, 2, -5, 0
6, 10.272170, 0.884235, -1.013839, 0.186771, 0, 0, 0, 2, -5, 0
6, 10.275571, 0.894259, -0.997433, 0.187806, 0, 0, 0, 2, -5, 0
6, 10.278271, 0.894294, -0.994469, 0.195822, 0, 0, 0, 2, -5, 0
6, 10.281276, 0.900206, -0.982087, 0.199622, 0, 0, 0, 2, -5, 0
6, 10.289461, 0.906894, -0.963804, 0.211454, 0, 0, 0, 2, -5, 0
6, 10.292230, 0.933239, -0.923423, 0.215272, 0, 0, 0, 2, -5, 0
6, 10.292880, 0.915421, -0.952334, 0.198836, 0, 0, 0, 2, -5, 0
6, 10.301079, 0.925005, -0.928244, 0.226258, 0, 0, 0, 2, -5, 0
6, 10.304119, 0.934670, -0.913502, 0.226358, 0, 0, 0, 2, -5, 0
6, 10.312906, 0.941537, -0.891096, 0.236339, 0, 0, 0, 2, -5, 0
6, 10.315790, 0.950266, -0.876624, 0.237896, 0, 0, 0, 2, -5, 0
6, 10.319047, 0.947658, -0.880170, 0.224598, 0, 0, 0, 2, -5, 0
6, 10.322050, 0.956310, -0.866817, 0.232690, 0, 0, 0, 2, -5, 0
6, 10.324927, 0.956092, -0.858685, 0.251857, 0, 0, 0, 2, -5, 0
6, 10.328094, 0.965408, -0.845686, 0.250553, 0, 0, 0, 2, -5, 0
6, 10.337028, 0.971950, -0.827371, 0.260999, 0, 0, 0, 2, -5, 0
6, 10.340326, 0.982065, -0.812108, 0.261076, 0, 0, 0, 2, -5, 0
6, 10.346909, 0.989475, -0.799785, 0.249209, 0, 0, 0, 2, -5, 0
6, 10.349323, 1.015961, -0.755009, 0.275475, 0, 0, 0, 2, -5, 0
6, 10.351558, 1.000284, -0.779219, 0.267232, 0, 0, 0, 2, -5, 0
6, 10.360584, 1.004403, -0.758646, 0.275641, 0, 0, 0, 2, -5, 0
6, 10.362679, 1.038822, -0.710231, 0.278953, 0, 0, 0, 2, -5, 0
6, 10.363539, 1.013748, -0.749380, 0.258387, 0, 0, 0, 2, -5, 0
6, 10.371965, 1.023143, -0.726014, 0.284391, 0, 0, 0, 2, -5, 0
6, 10.374686, 1.033373, -0.711765, 0.282979, 0, 0, 0, 2, -5, 0
6, 10.378310, 1.029749, -0.712286, 0.260145, 0, 0, 0, 2, -5, 0
6, 10.381229, 1.039200, -0.700632, 0.265288, 0, 0, 0, 2, -5, 0
6, 10.383558, 1.037145, -0.689729, 0.285211, 0, 0, 0, 2, -5, 0
6, 10.386656, 1.045953, -0.676990, 0.284595, 0, 0, 0, 2, -5, 0
6, 10.394370, 1.053496, -0.667252, 0.268295, 0, 0, 0, 2, -5, 0
6, 10.396559, 1.088457, -0.612204, 0.298092, 0, 0, 0, 2, -5, 0
6, 10.398725, 1.063499, -0.647966, 0.289210, 0, 0, 0, 2, -5, 0
6, 10.401691, 1.059090, -0.647055, 0.263672, 0, 0, 0, 2, -5, 0
6, 10.407542, 1.079416, -0.622222, 0.274925, 0, 0, 0, 2, -5, 0
6, 10.413307, 1.078826, -0.612673, 0.292286, 0, 0, 0, 2, -5, 0
6, 10.416179, 1.089086, -0.599663, 0.289232, 0, 0, 0, 2, -5, 0
6, 10.416777, 1.087788, -0.602872, 0.268505, 0, 0, 0, 2, -5, 0
6, 10.428662, 1.102712, -0.573895, 0.265809, 0, 0, 0, 2, -5, 0
6, 10.431472, 1.101855, -0.567924, 0.290532, 0, 0, 0, 2, -5, 0
6, 10.434572, 1.111966, -0.554561, 0.288185, 0, 0, 0, 2, -5, 0
6, 10.437030, 1.110004, -0.552178, 0.259709, 0, 0, 0, 2, -5, 0
6, 10.439981, 1.118620, -0.542654, 0.263302, 0, 0, 0, 2, -5, 0
6, 10.448710, 1.123524, -0.512759, 0.283052, 0, 0, 0, 2, -5, 0
6, 10.451082, 1.167810, -0.457425, 0.286656, 0, 0, 0, 2, -5, 0
6, 10.451632, 1.137377, -0.509716, 0.258198, 0, 0, 0, 2, -5, 0
6, 10.460192, 1.143287, -0.488891, 0.250853, 0, 0, 0, 2, -5, 0
6, 10.463263, 1.152358, -0.479313, 0.254277, 0, 0, 0, 2, -5, 0
6, 10.472232, 1.156929, -0.450815, 0.271923, 0, 0, 0, 2, -5, 0
6, 10.475059, 1.165449, -0.439528, 0.269784, 0, 0, 0, 2, -5, 0
6, 10.475644, 1.167219, -0.447553, 0.245944, 0, 0, 0, 2, -5, 0
6, 10.478765, 1.176295, -0.439935, 0.246742, 0, 0, 0, 2, -5, 0
6, 10.484393, 1.173926, -0.427021, 0.233158, 0, 0, 0, 2, -5, 0
6, 10.487602, 1.183698, -0.416431, 0.237582, 0, 0, 0, 2, -5, 0
6, 10.496774, 1.190965, -0.394354, 0.224608, 0, 0, 0, 2, -5, 0
6, 10.509765, 1.230383, -0.325403, 0.259004, 0, 0, 0, 2, -5, 0
6, 10.528239, 1.246457, -0.302708, 0.221552, 0, 0, 0, 2, -5, 0
6, 10.542343, 1.242511, -0.281719, 0.169032, 0, 0, 0, 2, -5, 0
6, 10.553644, 1.300492, -0.202526, 0.207518, 0, 0, 0, 2, -5, 0
6, 10.573157, 1.380061, -0.089901, 0.162870, 0, 0, 0, 2, -5, 0
6, 10.590226, 1.358104, -0.101483, 0.148656, 0, 0, 0, 2, -5, 0
