0, 0.000000, 0.527995, -3.091821, 0.146833, 0, 0, 0, 2, 2, 0
0, 0.009440, 0.457216, -3.141387, 0.135119, 0, 0, 0, 2, 2, 0
0, 0.012026, 0.536164, -2.995804, 0.184997, 0, 0, 0, 2, 2, 0
0, 0.014891, 0.456306, -3.090733, 0.154703, 0, 0, 0, 2, 2, 0
0, 0.017425, 0.531307, -2.950551, 0.202177, 0, 0, 0, 2, 2, 0
0, 0.020612, 0.456558, -3.039989, 0.173465, 0, 0, 0, 2, 2, 0
0, 0.023331, 0.531156, -2.903397, 0.220420, 0, 0, 0, 2, 2, 0
0, 0.032460, 0.455972, -2.940557, 0.209347, 0, 0, 0, 2, 2, 0
0, 0.035134, 0.528743, -2.815177, 0.251487, 0, 0, 0, 2, 2, 0
0, 0.038470, 0.456197, -2.886478, 0.226676, 0, 0, 0, 2, 2, 0
0, 0.041150, 0.525020, -2.772397, 0.268841, 0, 0, 0, 2, 2, 0
0, 0.044214, 0.453044, -2.842482, 0.242273, 0, 0, 0, 2, 2, 0
0, 0.046952, 0.524681, -2.727478, 0.282399, 0, 0, 0, 2, 2, 0
0, 0.056813, 0.461445, -2.742661, 0.276934, 0, 0, 0, 2, 2, 0
0, 0.058875, 0.526884, -2.629776, 0.314570, 0, 0, 0, 2, 2, 0
0, 0.061756, 0.460649, -2.692298, 0.293707, 0, 0, 0, 2, 2, 0
0, 0.064769, 0.526361, -2.586299, 0.326910, 0, 0, 0, 2, 2, 0
0, 0.067083, 0.484283, -2.632304, 0.344175, 0, 0, 0, 2, 2, 0
0, 0.068313, 0.462019, -2.639467, 0.310479, 0, 0, 0, 2, 2, 0
0, 0.071126, 0.525574, -2.538133, 0.343631, 0, 0, 0, 2, 2, 0
0, 0.073800, 0.461822, -2.595910, 0.324852, 0, 0, 0, 2, 2, 0
0, 0.076457, 0.521369, -2.495893, 0.360383, 0, 0, 0, 2, 2, 0
0, 0.079703, 0.460564, -2.549528, 0.332723, 0, 0, 0, 2, 2, 0
0, 0.082613, 0.521241, -2.451397, 0.366071, 0, 0, 0, 2, 2, 0
0, 0.084923, 0.484451, -2.492322, 0.380919, 0, 0, 0, 2, 2, 0
0, 0.085817, 0.461529, -2.493582, 0.348878, 0, 0, 0, 2, 2, 0
0, 0.088314, 0.524015, -2.399129, 0.379740, 0, 0, 0, 2, 2, 0
0, 0.090780, 0.488413, -2.444702, 0.392445, 0, 0, 0, 2, 2, 0
0, 0.091840, 0.462998, -2.447557, 0.360587, 0, 0, 0, 2, 2, 0
0, 0.094179, 0.519824, -2.356917, 0.392135, 0, 0, 0, 2, 2, 0
0, 0.096414, 0.486920, -2.399645, 0.400763, 0, 0, 0, 2, 2, 0
0, 0.097427, 0.463541, -2.402910, 0.369740, 0, 0, 0, 2, 2, 0
0, 0.100176, 0.521696, -2.307862, 0.401512, 0, 0, 0, 2, 2, 0
0, 0.102453, 0.481251, -2.351729, 0.414504, 0, 0, 0, 2, 2, 0
0, 0.103200, 0.459280, -2.351903, 0.382681, 0, 0, 0, 2, 2, 0
0, 0.106096, 0.515532, -2.267737, 0.409298, 0, 0, 0, 2, 2, 0
0, 0.108266, 0.481754, -2.306611, 0.422706, 0, 0, 0, 2, 2, 0
0, 0.108938, 0.459988, -2.303839, 0.394802, 0, 0, 0, 2, 2, 0
0, 0.111571, 0.517012, -2.218196, 0.422330, 0, 0, 0, 2, 2, 0
0, 0.113870, 0.481245, -2.259503, 0.435548, 0, 0, 0, 2, 2, 0
0, 0.120744, 0.499609, -2.178701, 0.430295, 0, 0, 0, 2, 2, 0
0, 0.123623, 0.516350, -2.131602, 0.438324, 0, 0, 0, 2, 2, 0
0, 0.125810, 0.480832, -2.170472, 0.450715, 0, 0, 0, 2, 2, 0
0, 0.127036, 0.461287, -2.165785, 0.422256, 0, 0, 0, 2, 2, 0
0, 0.129597, 0.514325, -2.088042, 0.444232, 0, 0, 0, 2, 2, 0
0, 0.132122, 0.481418, -2.123829, 0.456209, 0, 0, 0, 2, 2, 0
0, 0.133259, 0.463344, -2.118616, 0.431732, 0, 0, 0, 2, 2, 0
0, 0.135658, 0.514065, -2.042448, 0.453761, 0, 0, 0, 2, 2, 0
0, 0.138097, 0.481528, -2.076091, 0.465581, 0, 0, 0, 2, 2, 0
0, 0.139549, 0.461159, -2.067556, 0.439353, 0, 0, 0, 2, 2, 0
0, 0.141914, 0.510266, -1.998902, 0.458679, 0, 0, 0, 2, 2, 0
0, 0.144150, 0.479450, -2.034371, 0.469962, 0, 0, 0, 2, 2, 0
0, 0.145030, 0.459475, -2.026845, 0.445621, 0, 0, 0, 2, 2, 0
0, 0.147263, 0.507144, -1.957306, 0.466442, 0, 0, 0, 2, 2, 0
0, 0.149839, 0.481077, -1.988408, 0.473396, 0, 0, 0, 2, 2, 0
0, 0.150568, 0.461389, -1.980562, 0.447199, 0, 0, 0, 2, 2, 0
0, 0.152990, 0.509917, -1.912669, 0.467096, 0, 0, 0, 2, 2, 0
0, 0.155172, 0.482975, -1.942758, 0.478482, 0, 0, 0, 2, 2, 0
0, 0.156065, 0.462655, -1.931711, 0.456487, 0, 0, 0, 2, 2, 0
0, 0.159451, 0.506746, -1.868189, 0.474715, 0, 0, 0, 2, 2, 0
0, 0.162607, 0.494618, -1.864006, 0.472027, 0, 0, 0, 2, 2, 0
0, 0.165155, 0.506917, -1.823748, 0.478817, 0, 0, 0, 2, 2, 0
0, 0.167098, 0.474757, -1.855870, 0.490715, 0, 0, 0, 2, 2, 0
0, 0.167855, 0.460342, -1.847059, 0.469016, 0, 0, 0, 2, 2, 0
0, 0.170756, 0.504804, -1.782599, 0.484286, 0, 0, 0, 2, 2, 0
0, 0.172927, 0.475164, -1.811466, 0.493818, 0, 0, 0, 2, 2, 0
0, 0.173704, 0.460490, -1.802670, 0.473905, 0, 0, 0, 2, 2, 0
0, 0.176825, 0.500604, -1.742434, 0.488853, 0, 0, 0, 2, 2, 0
0, 0.179719, 0.485686, -1.739311, 0.487448, 0, 0, 0, 2, 2, 0
0, 0.182298, 0.495073, -1.703040, 0.493429, 0, 0, 0, 2, 2, 0
0, 0.184541, 0.472848, -1.722647, 0.498930, 0, 0, 0, 2, 2, 0
0, 0.185699, 0.461136, -1.713916, 0.479854, 0, 0, 0, 2, 2, 0
0, 0.188474, 0.497888, -1.659061, 0.491224, 0, 0, 0, 2, 2, 0
0, 0.190371, 0.471885, -1.683089, 0.496721, 0, 0, 0, 2, 2, 0
0, 0.191685, 0.456475, -1.673639, 0.478145, 0, 0, 0, 2, 2, 0
0, 0.194696, 0.475142, -1.645562, 0.489282, 0, 0, 0, 2, 2, 0
0, 0.196520, 0.471265, -1.640748, 0.499246, 0, 0, 0, 2, 2, 0
0, 0.197228, 0.485938, -1.609760, 0.491736, 0, 0, 0, 2, 2, 0
0, 0.200078, 0.493045, -1.575576, 0.497512, 0, 0, 0, 2, 2, 0
0, 0.202851, 0.467784, -1.596653, 0.501392, 0, 0, 0, 2, 2, 0
0, 0.203831, 0.456553, -1.589659, 0.485007, 0, 0, 0, 2, 2, 0
0, 0.206012, 0.488233, -1.538022, 0.498226, 0, 0, 0, 2, 2, 0
0, 0.208076, 0.468094, -1.553705, 0.500608, 0, 0, 0, 2, 2, 0
0, 0.208984, 0.458210, -1.546970, 0.486132, 0, 0, 0, 2, 2, 0
0, 0.211649, 0.488601, -1.497021, 0.498947, 0, 0, 0, 2, 2, 0
0, 0.214317, 0.468277, -1.513166, 0.500561, 0, 0, 0, 2, 2, 0
0, 0.215635, 0.455120, -1.504785, 0.486041, 0, 0, 0, 2, 2, 0
0, 0.217854, 0.482939, -1.459815, 0.499775, 0, 0, 0, 2, 2, 0
0, 0.219934, 0.468576, -1.473321, 0.497623, 0, 0, 0, 2, 2, 0
0, 0.221132, 0.451559, -1.462480, 0.479801, 0, 0, 0, 2, 2, 0
0, 0.223679, 0.486383, -1.407965, 0.497854, 0, 0, 0, 2, 2, 0
0, 0.226467, 0.464634, -1.429642, 0.499272, 0, 0, 0, 2, 2, 0
0, 0.227628, 0.450580, -1.420540, 0.480963, 0, 0, 0, 2, 2, 0
0, 0.229637, 0.482060, -1.371208, 0.495896, 0, 0, 0, 2, 2, 0
0, 0.232380, 0.464020, -1.387724, 0.495836, 0, 0, 0, 2, 2, 0
0, 0.233964, 0.452489, -1.380701, 0.481294, 0, 0, 0, 2, 2, 0
0, 0.236190, 0.477795, -1.338209, 0.494862, 0, 0, 0, 2, 2, 0
0, 0.238407, 0.463280, -1.348977, 0.494324, 0, 0, 0, 2, 2, 0
0, 0.239594, 0.449905, -1.339167, 0.480137, 0, 0, 0, 2, 2, 0
0, 0.241684, 0.472604, -1.298893, 0.492495, 0, 0, 0, 2, 2, 0
0, 0.243719, 0.458957, -1.307584, 0.490165, 0, 0, 0, 2, 2, 0
0, 0.245013, 0.448442, -1.301308, 0.478938, 0, 0, 0, 2, 2, 0
0, 0.247476, 0.468795, -1.261775, 0.492682, 0, 0, 0, 2, 2, 0
0, 0.249465, 0.457247, -1.267616, 0.487713, 0, 0, 0, 2, 2, 0
0, 0.250193, 0.447572, -1.261983, 0.474587, 0, 0, 0, 2, 2, 0
0, 0.252703, 0.469613, -1.221972, 0.488166, 0, 0, 0, 2, 2, 0
0, 0.254978, 0.458164, -1.227706, 0.484524, 0, 0, 0, 2, 2, 0
0, 0.256132, 0.447146, -1.220451, 0.472453, 0, 0, 0, 2, 2, 0
0, 0.258941, 0.467017, -1.181851, 0.486094, 0, 0, 0, 2, 2, 0
0, 0.261701, 0.454696, -1.187766, 0.481960, 0, 0, 0, 2, 2, 0
0, 0.262820, 0.444775, -1.181250, 0.468844, 0, 0, 0, 2, 2, 0
0, 0.264902, 0.462938, -1.146651, 0.480675, 0, 0, 0, 2, 2, 0
0, 0.267378, 0.453196, -1.149750, 0.476738, 0, 0, 0, 2, 2, 0
0, 0.268275, 0.444430, -1.143361, 0.464799, 0, 0, 0, 2, 2, 0
0, 0.270415, 0.464642, -1.104702, 0.477765, 0, 0, 0, 2, 2, 0
0, 0.273173, 0.451062, -1.111093, 0.474020, 0, 0, 0, 2, 2, 0
0, 0.274233, 0.440779, -1.104343, 0.461431, 0, 0, 0, 2, 2, 0
0, 0.276287, 0.458606, -1.069737, 0.474552, 0, 0, 0, 2, 2, 0
0, 0.278949, 0.448773, -1.073194, 0.469593, 0, 0, 0, 2, 2, 0
0, 0.279937, 0.438432, -1.066291, 0.457613, 0, 0, 0, 2, 2, 0
0, 0.282213, 0.453964, -1.035351, 0.469912, 0, 0, 0, 2, 2, 0
0, 0.285322, 0.447813, -1.035745, 0.462270, 0, 0, 0, 2, 2, 0
0, 0.286374, 0.436024, -1.028022, 0.449328, 0, 0, 0, 2, 2, 0
0, 0.288522, 0.452392, -0.995276, 0.463370, 0, 0, 0, 2, 2, 0
0, 0.291018, 0.444825, -0.996395, 0.457015, 0, 0, 0, 2, 2, 0
0, 0.291910, 0.433563, -0.988541, 0.444367, 0, 0, 0, 2, 2, 0
0, 0.294671, 0.449652, -0.970874, 0.450385, 0, 0, 0, 2, 2, 0
0, 0.297595, 0.432272, -0.952660, 0.439301, 0, 0, 0, 2, 2, 0
0, 0.300488, 0.447595, -0.936377, 0.444446, 0, 0, 0, 2, 2, 0
0, 0.303549, 0.428432, -0.915764, 0.431548, 0, 0, 0, 2, 2, 0
0, 0.306339, 0.445678, -0.897794, 0.437190, 0, 0, 0, 2, 2, 0
0, 0.309207, 0.425662, -0.875766, 0.423217, 0, 0, 0, 2, 2, 0
0, 0.312105, 0.443527, -0.856944, 0.430000, 0, 0, 0, 2, 2, 0
0, 0.314946, 0.425434, -0.836612, 0.417025, 0, 0, 0, 2, 2, 0
0, 0.317874, 0.439978, -0.822487, 0.420705, 0, 0, 0, 2, 2, 0
0, 0.321034, 0.425152, -0.804592, 0.407802, 0, 0, 0, 2, 2, 0
0, 0.323930, 0.442845, -0.786679, 0.414080, 0, 0, 0, 2, 2, 0
0, 0.326728, 0.424110, -0.765504, 0.401376, 0, 0, 0, 2, 2, 0
0, 0.330083, 0.438830, -0.750927, 0.406413, 0, 0, 0, 2, 2, 0
0, 0.338395, 0.418116, -0.692604, 0.381867, 0, 0, 0, 2, 2, 0
0, 0.341207, 0.433782, -0.677872, 0.386592, 0, 0, 0, 2, 2, 0
0, 0.344512, 0.415075, -0.655820, 0.373383, 0, 0, 0, 2, 2, 0
0, 0.347810, 0.429302, -0.643151, 0.376707, 0, 0, 0, 2, 2, 0
0, 0.350706, 0.412933, -0.621822, 0.361435, 0, 0, 0, 2, 2, 0
0, 0.353908, 0.428077, -0.608577, 0.364883, 0, 0, 0, 2, 2, 0
0, 0.357131, 0.410450, -0.586888, 0.351385, 0, 0, 0, 2, 2, 0
0, 0.359674, 0.424115, -0.575410, 0.353962, 0, 0, 0, 2, 2, 0
0, 0.362839, 0.406132, -0.552675, 0.339341, 0, 0, 0, 2, 2, 0
0, 0.365888, 0.422371, -0.538750, 0.343479, 0, 0, 0, 2, 2, 0
0, 0.368715, 0.406598, -0.517068, 0.327672, 0, 0, 0, 2, 2, 0
0, 0.371417, 0.421183, -0.504518, 0.331848, 0, 0, 0, 2, 2, 0
0, 0.373942, 0.402663, -0.480658, 0.316787, 0, 0, 0, 2, 2, 0
0, 0.376849, 0.416953, -0.468885, 0.320226, 0, 0, 0, 2, 2, 0
0, 0.380002, 0.401488, -0.446547, 0.303423, 0, 0, 0, 2, 2, 0
0, 0.383079, 0.416216, -0.434149, 0.307895, 0, 0, 0, 2, 2, 0
0, 0.386317, 0.399128, -0.411133, 0.292864, 0, 0, 0, 2, 2, 0
0, 0.389064, 0.411059, -0.403483, 0.291637, 0, 0, 0, 2, 2, 0
0, 0.391747, 0.393973, -0.379316, 0.274691, 0, 0, 0, 2, 2, 0
0, 0.395281, 0.407763, -0.367867, 0.279416, 0, 0, 0, 2, 2, 0
0, 0.398346, 0.393359, -0.347555, 0.265576, 0, 0, 0, 2, 2, 0
0, 0.400828, 0.407012, -0.337307, 0.268165, 0, 0, 0, 2, 2, 0
0, 0.403091, 0.389319, -0.311784, 0.250472, 0, 0, 0, 2, 2, 0
0, 0.405884, 0.403283, -0.301932, 0.252109, 0, 0, 0, 2, 2, 0
0, 0.409114, 0.388659, -0.279581, 0.235527, 0, 0, 0, 2, 2, 0
0, 0.412514, 0.403631, -0.268559, 0.238742, 0, 0, 0, 2, 2, 0
0, 0.415762, 0.388317, -0.245345, 0.222083, 0, 0, 0, 2, 2, 0
0, 0.418327, 0.400302, -0.238559, 0.220216, 0, 0, 0, 2, 2, 0
0, 0.421071, 0.384887, -0.215708, 0.204528, 0, 0, 0, 2, 2, 0
0, 0.424684, 0.398939, -0.205384, 0.208383, 0, 0, 0, 2, 2, 0
0, 0.427410, 0.380846, -0.178890, 0.190910, 0, 0, 0, 2, 2, 0
0, 0.430050, 0.393113, -0.171667, 0.190388, 0, 0, 0, 2, 2, 0
0, 0.432988, 0.380266, -0.149978, 0.173192, 0, 0, 0, 2, 2, 0
0, 0.441495, 0.387832, -0.110090, 0.159145, 0, 0, 0, 2, 2, 0
0, 0.444445, 0.373049, -0.086957, 0.143021, 0, 0, 0, 2, 2, 0
0, 0.453457, 0.380982, -0.049355, 0.123624, 0, 0, 0, 2, 2, 0
0, 0.456273, 0.365586, -0.024213, 0.105525, 0, 0, 0, 2, 2, 0
0, 0.459238, 0.379567, -0.015477, 0.108096, 0, 0, 0, 2, 2, 0
0, 0.462518, 0.366079, 0.007871, 0.090370, 0, 0, 0, 2, 2, 0
0, 0.465304, 0.380041, 0.014926, 0.088916, 0, 0, 0, 2, 2, 0
0, 0.468096, 0.366015, 0.038037, 0.072548, 0, 0, 0, 2, 2, 0
0, 0.477103, 0.374692, 0.076219, 0.052972, 0, 0, 0, 2, 2, 0
0, 0.480209, 0.360953, 0.100729, 0.034319, 0, 0, 0, 2, 2, 0
0, 0.489211, 0.369331, 0.134925, 0.013456, 0, 0, 0, 2, 2, 0
0, 0.492200, 0.356156, 0.157427, -0.002475, 0, 0, 0, 2, 2, 0
0, 0.500570, 0.362620, 0.197477, 0.018929, 0, 0, 0, 2, 2, 0
0, 0.503482, 0.345800, 0.214762, 0.016936, 0, 0, 0, 2, 2, 0
0, 0.506569, 0.355316, 0.224773, 0.033239, 0, 0, 0, 2, 2, 0
0, 0.509562, 0.340611, 0.238691, 0.033535, 0, 0, 0, 2, 2, 0
0, 0.512243, 0.352010, 0.249925, 0.051259, 0, 0, 0, 2, 2, 0
0, 0.515215, 0.333836, 0.267834, 0.050857, 0, 0, 0, 2, 2, 0
0, 0.518268, 0.343481, 0.277429, 0.066639, 0, 0, 0, 2, 2, 0
0, 0.521336, 0.328135, 0.292121, 0.067238, 0, 0, 0, 2, 2, 0
0, 0.524276, 0.335499, 0.299894, 0.081073, 0, 0, 0, 2, 2, 0
0, 0.527228, 0.318782, 0.316794, 0.080608, 0, 0, 0, 2, 2, 0
0, 0.530420, 0.331231, 0.328126, 0.098793, 0, 0, 0, 2, 2, 0
0, 0.533473, 0.318043, 0.342072, 0.097669, 0, 0, 0, 2, 2, 0
0, 0.536256, 0.328129, 0.351170, 0.112580, 0, 0, 0, 2, 2, 0
0, 0.539068, 0.304855, 0.376719, 0.109543, 0, 0, 0, 2, 2, 0
0, 0.541879, 0.314268, 0.385597, 0.125531, 0, 0, 0, 2, 2, 0
0, 0.544377, 0.298038, 0.402531, 0.125016, 0, 0, 0, 2, 2, 0
0, 0.547480, 0.308213, 0.411273, 0.139857, 0, 0, 0, 2, 2, 0
0, 0.550533, 0.292765, 0.430064, 0.135489, 0, 0, 0, 2, 2, 0
0, 0.553364, 0.303336, 0.438729, 0.150004, 0, 0, 0, 2, 2, 0
0, 0.556417, 0.285397, 0.456946, 0.150651, 0, 0, 0, 2, 2, 0
1, 1.621992, 0.451806, -3.217808, 0.108235, 0, 0, 0, 2, 2, 0
1, 1.624439, 0.530727, -3.068489, 0.155783, 0, 0, 0, 2, 2, 0
1, 1.633252, 0.455521, -3.121388, 0.146101, 0, 0, 0, 2, 2, 0
1, 1.636194, 0.533020, -2.978559, 0.194530, 0, 0, 0, 2, 2, 0
1, 1.639675, 0.454504, -3.069388, 0.163943, 0, 0, 0, 2, 2, 0
1, 1.642638, 0.529884, -2.936367, 0.211753, 0, 0, 0, 2, 2, 0
1, 1.651195, 0.460892, -2.978666, 0.203123, 0, 0, 0, 2, 2, 0
1, 1.654246, 0.477702, -2.935906, 0.224105, 0, 0, 0, 2, 2, 0
1, 1.657319, 0.456961, -2.931145, 0.221009, 0, 0, 0, 2, 2, 0
1, 1.660071, 0.525499, -2.813179, 0.260633, 0, 0, 0, 2, 2, 0
1, 1.663181, 0.455346, -2.879433, 0.237448, 0, 0, 0, 2, 2, 0
1, 1.666111, 0.522317, -2.771407, 0.274869, 0, 0, 0, 2, 2, 0
1, 1.675552, 0.458870, -2.796614, 0.271582, 0, 0, 0, 2, 2, 0
1, 1.677858, 0.528212, -2.681147, 0.312367, 0, 0, 0, 2, 2, 0
1, 1.687012, 0.457120, -2.704060, 0.300494, 0, 0, 0, 2, 2, 0
1, 1.689362, 0.527299, -2.595210, 0.335414, 0, 0, 0, 2, 2, 0
1, 1.692963, 0.462271, -2.650319, 0.319550, 0, 0, 0, 2, 2, 0
1, 1.695110, 0.522016, -2.553722, 0.350743, 0, 0, 0, 2, 2, 0
1, 1.698596, 0.460159, -2.609716, 0.331081, 0, 0, 0, 2, 2, 0
1, 1.701136, 0.523024, -2.510071, 0.364638, 0, 0, 0, 2, 2, 0
1, 1.704545, 0.461570, -2.568236, 0.341079, 0, 0, 0, 2, 2, 0
1, 1.706958, 0.522448, -2.468200, 0.376619, 0, 0, 0, 2, 2, 0
1, 1.709697, 0.483541, -2.513270, 0.390817, 0, 0, 0, 2, 2, 0
1, 1.710656, 0.459083, -2.516759, 0.356672, 0, 0, 0, 2, 2, 0
1, 1.712993, 0.520263, -2.423922, 0.387861, 0, 0, 0, 2, 2, 0
1, 1.716633, 0.459024, -2.476803, 0.365541, 0, 0, 0, 2, 2, 0
1, 1.718751, 0.519034, -2.380141, 0.397978, 0, 0, 0, 2, 2, 0
1, 1.721314, 0.481346, -2.424137, 0.409965, 0, 0, 0, 2, 2, 0
1, 1.722615, 0.462680, -2.428413, 0.379845, 0, 0, 0, 2, 2, 0
1, 1.724980, 0.520963, -2.337013, 0.408641, 0, 0, 0, 2, 2, 0
1, 1.727405, 0.480940, -2.381034, 0.422623, 0, 0, 0, 2, 2, 0
1, 1.728559, 0.463807, -2.383393, 0.391965, 0, 0, 0, 2, 2, 0
1, 1.730935, 0.483109, -2.346802, 0.406654, 0, 0, 0, 2, 2, 0
1, 1.732892, 0.482686, -2.337520, 0.430675, 0, 0, 0, 2, 2, 0
1, 1.733788, 0.502391, -2.296464, 0.417993, 0, 0, 0, 2, 2, 0
1, 1.736423, 0.517405, -2.255507, 0.424972, 0, 0, 0, 2, 2, 0
1, 1.738593, 0.481501, -2.296082, 0.440043, 0, 0, 0, 2, 2, 0
1, 1.739820, 0.460148, -2.292532, 0.410522, 0, 0, 0, 2, 2, 0
1, 1.742492, 0.516821, -2.212239, 0.435490, 0, 0, 0, 2, 2, 0
1, 1.744666, 0.483731, -2.253252, 0.448634, 0, 0, 0, 2, 2, 0
1, 1.751210, 0.500888, -2.173486, 0.445402, 0, 0, 0, 2, 2, 0
1, 1.754135, 0.516276, -2.129867, 0.452604, 0, 0, 0, 2, 2, 0
1, 1.756502, 0.482204, -2.167867, 0.464110, 0, 0, 0, 2, 2, 0
1, 1.757495, 0.461557, -2.162620, 0.435669, 0, 0, 0, 2, 2, 0
1, 1.760011, 0.514156, -2.087142, 0.457802, 0, 0, 0, 2, 2, 0
1, 1.762381, 0.480654, -2.124276, 0.471289, 0, 0, 0, 2, 2, 0
1, 1.763384, 0.463581, -2.118897, 0.446165, 0, 0, 0, 2, 2, 0
1, 1.765948, 0.513850, -2.047417, 0.466101, 0, 0, 0, 2, 2, 0
1, 1.768178, 0.482315, -2.082731, 0.477848, 0, 0, 0, 2, 2, 0
1, 1.769197, 0.463948, -2.076738, 0.455048, 0, 0, 0, 2, 2, 0
1, 1.771740, 0.509804, -2.009724, 0.475283, 0, 0, 0, 2, 2, 0
1, 1.774143, 0.482538, -2.041055, 0.484171, 0, 0, 0, 2, 2, 0
1, 1.775155, 0.462473, -2.033264, 0.460277, 0, 0, 0, 2, 2, 0
1, 1.777609, 0.508203, -1.966484, 0.479920, 0, 0, 0, 2, 2, 0
1, 1.780291, 0.480359, -1.997081, 0.489553, 0, 0, 0, 2, 2, 0
1, 1.781371, 0.464541, -1.990109, 0.466785, 0, 0, 0, 2, 2, 0
1, 1.783667, 0.511273, -1.922405, 0.484529, 0, 0, 0, 2, 2, 0
1, 1.786014, 0.480203, -1.956176, 0.493523, 0, 0, 0, 2, 2, 0
1, 1.787014, 0.464010, -1.949276, 0.467957, 0, 0, 0, 2, 2, 0
1, 1.789485, 0.512237, -1.881782, 0.485428, 0, 0, 0, 2, 2, 0
1, 1.792100, 0.480998, -1.916077, 0.496008, 0, 0, 0, 2, 2, 0
1, 1.792991, 0.461802, -1.906750, 0.472513, 0, 0, 0, 2, 2, 0
1, 1.795300, 0.508019, -1.842108, 0.491353, 0, 0, 0, 2, 2, 0
1, 1.798026, 0.478760, -1.874944, 0.502130, 0, 0, 0, 2, 2, 0
1, 1.798997, 0.464278, -1.867049, 0.479893, 0, 0, 0, 2, 2, 0
1, 1.801232, 0.509476, -1.801097, 0.495871, 0, 0, 0, 2, 2, 0
1, 1.803807, 0.477584, -1.833044, 0.505359, 0, 0, 0, 2, 2, 0
1, 1.804693, 0.462574, -1.825381, 0.485438, 0, 0, 0, 2, 2, 0
1, 1.807011, 0.503051, -1.764216, 0.501714, 0, 0, 0, 2, 2, 0
1, 1.809839, 0.477174, -1.790412, 0.507358, 0, 0, 0, 2, 2, 0
1, 1.810777, 0.465534, -1.784897, 0.489322, 0, 0, 0, 2, 2, 0
1, 1.812867, 0.502862, -1.727010, 0.504225, 0, 0, 0, 2, 2, 0
1, 1.815025, 0.476122, -1.753266, 0.508974, 0, 0, 0, 2, 2, 0
1, 1.815950, 0.460830, -1.745653, 0.490092, 0, 0, 0, 2, 2, 0
1, 1.818796, 0.497842, -1.689442, 0.506412, 0, 0, 0, 2, 2, 0
1, 1.821420, 0.476696, -1.710673, 0.510851, 0, 0, 0, 2, 2, 0
1, 1.822596, 0.464592, -1.702606, 0.491423, 0, 0, 0, 2, 2, 0
1, 1.824962, 0.504507, -1.643863, 0.505251, 0, 0, 0, 2, 2, 0
1, 1.826949, 0.475977, -1.672001, 0.511832, 0, 0, 0, 2, 2, 0
1, 1.828325, 0.460311, -1.662024, 0.490686, 0, 0, 0, 2, 2, 0
1, 1.830948, 0.500100, -1.605262, 0.505690, 0, 0, 0, 2, 2, 0
1, 1.833196, 0.475324, -1.631263, 0.511923, 0, 0, 0, 2, 2, 0
1, 1.834218, 0.462282, -1.622953, 0.494342, 0, 0, 0, 2, 2, 0
1, 1.836598, 0.496565, -1.569672, 0.508196, 0, 0, 0, 2, 2, 0
1, 1.838941, 0.471786, -1.592315, 0.513102, 0, 0, 0, 2, 2, 0
1, 1.839802, 0.462635, -1.586117, 0.496435, 0, 0, 0, 2, 2, 0
1, 1.842732, 0.497524, -1.531944, 0.509310, 0, 0, 0, 2, 2, 0
1, 1.845318, 0.472800, -1.553514, 0.513711, 0, 0, 0, 2, 2, 0
1, 1.846119, 0.462422, -1.546270, 0.497070, 0, 0, 0, 2, 2, 0
1, 1.848457, 0.496550, -1.492039, 0.510420, 0, 0, 0, 2, 2, 0
1, 1.850464, 0.473173, -1.512908, 0.511740, 0, 0, 0, 2, 2, 0
1, 1.851658, 0.458567, -1.503981, 0.493606, 0, 0, 0, 2, 2, 0
1, 1.854480, 0.489448, -1.456715, 0.507810, 0, 0, 0, 2, 2, 0
1, 1.856376, 0.471012, -1.474841, 0.509508, 0, 0, 0, 2, 2, 0
1, 1.857199, 0.457273, -1.465685, 0.493738, 0, 0, 0, 2, 2, 0
1, 1.860187, 0.488845, -1.414830, 0.509069, 0, 0, 0, 2, 2, 0
1, 1.862620, 0.468609, -1.433276, 0.509543, 0, 0, 0, 2, 2, 0
1, 1.863471, 0.456643, -1.425408, 0.492129, 0, 0, 0, 2, 2, 0
1, 1.865991, 0.486445, -1.380059, 0.505076, 0, 0, 0, 2, 2, 0
1, 1.868509, 0.468892, -1.395983, 0.506903, 0, 0, 0, 2, 2, 0
1, 1.869580, 0.456613, -1.387278, 0.493340, 0, 0, 0, 2, 2, 0
1, 1.872096, 0.481167, -1.347208, 0.505663, 0, 0, 0, 2, 2, 0
1, 1.874594, 0.467243, -1.359165, 0.504087, 0, 0, 0, 2, 2, 0
1, 1.875754, 0.455850, -1.351593, 0.489833, 0, 0, 0, 2, 2, 0
1, 1.878165, 0.483310, -1.306279, 0.504143, 0, 0, 0, 2, 2, 0
1, 1.880183, 0.465956, -1.321375, 0.502708, 0, 0, 0, 2, 2, 0
1, 1.881022, 0.453470, -1.313642, 0.487873, 0, 0, 0, 2, 2, 0
1, 1.883750, 0.478010, -1.271967, 0.502059, 0, 0, 0, 2, 2, 0
1, 1.886195, 0.465077, -1.282501, 0.498190, 0, 0, 0, 2, 2, 0
1, 1.887279, 0.453133, -1.275290, 0.483867, 0, 0, 0, 2, 2, 0
1, 1.889606, 0.474426, -1.237029, 0.497200, 0, 0, 0, 2, 2, 0
1, 1.892065, 0.473718, -1.220081, 0.491708, 0, 0, 0, 2, 2, 0
1, 1.895102, 0.471010, -1.204712, 0.494263, 0, 0, 0, 2, 2, 0
1, 1.897810, 0.461787, -1.208325, 0.489902, 0, 0, 0, 2, 2, 0
1, 1.898731, 0.449111, -1.199374, 0.477440, 0, 0, 0, 2, 2, 0
1, 1.900992, 0.466937, -1.166504, 0.489562, 0, 0, 0, 2, 2, 0
1, 1.903223, 0.458534, -1.169279, 0.486761, 0, 0, 0, 2, 2, 0
1, 1.904506, 0.448749, -1.161457, 0.475729, 0, 0, 0, 2, 2, 0
1, 1.907416, 0.462575, -1.133770, 0.484469, 0, 0, 0, 2, 2, 0
1, 1.909672, 0.455329, -1.134070, 0.480777, 0, 0, 0, 2, 2, 0
1, 1.910920, 0.447082, -1.127476, 0.470305, 0, 0, 0, 2, 2, 0
1, 1.913319, 0.466194, -1.091572, 0.482220, 0, 0, 0, 2, 2, 0
1, 1.915080, 0.453703, -1.097469, 0.478826, 0, 0, 0, 2, 2, 0
1, 1.916244, 0.444810, -1.091294, 0.466619, 0, 0, 0, 2, 2, 0
1, 1.919228, 0.460457, -1.073547, 0.472224, 0, 0, 0, 2, 2, 0
1, 1.921347, 0.453822, -1.063217, 0.474114, 0, 0, 0, 2, 2, 0
1, 1.922270, 0.466019, -1.033137, 0.471984, 0, 0, 0, 2, 2, 0
1, 1.925150, 0.456262, -1.037536, 0.464850, 0, 0, 0, 2, 2, 0
1, 1.927188, 0.450805, -1.026998, 0.464987, 0, 0, 0, 2, 2, 0
1, 1.928059, 0.459971, -1.001679, 0.465298, 0, 0, 0, 2, 2, 0
1, 1.931042, 0.455080, -1.000511, 0.462319, 0, 0, 0, 2, 2, 0
1, 1.933738, 0.437885, -0.981693, 0.449234, 0, 0, 0, 2, 2, 0
1, 1.936709, 0.452563, -0.966680, 0.452678, 0, 0, 0, 2, 2, 0
1, 1.939732, 0.435864, -0.949531, 0.442922, 0, 0, 0, 2, 2, 0
1, 1.942484, 0.450122, -0.934545, 0.447402, 0, 0, 0, 2, 2, 0
1, 1.951706, 0.430343, -0.877818, 0.425504, 0, 0, 0, 2, 2, 0
1, 1.954677, 0.446308, -0.861515, 0.430527, 0, 0, 0, 2, 2, 0
1, 1.957879, 0.428242, -0.841188, 0.417484, 0, 0, 0, 2, 2, 0
1, 1.960786, 0.442817, -0.826703, 0.421735, 0, 0, 0, 2, 2, 0
1, 1.963443, 0.429193, -0.810301, 0.409948, 0, 0, 0, 2, 2, 0
1, 1.966435, 0.445678, -0.793652, 0.415614, 0, 0, 0, 2, 2, 0
1, 1.969436, 0.428059, -0.773360, 0.402819, 0, 0, 0, 2, 2, 0
1, 1.972399, 0.441761, -0.759799, 0.407383, 0, 0, 0, 2, 2, 0
1, 1.975241, 0.425695, -0.739685, 0.392748, 0, 0, 0, 2, 2, 0
1, 1.978052, 0.438006, -0.728615, 0.394981, 0, 0, 0, 2, 2, 0
1, 1.981315, 0.420010, -0.707438, 0.381721, 0, 0, 0, 2, 2, 0
1, 1.984246, 0.436695, -0.691693, 0.386705, 0, 0, 0, 2, 2, 0
1, 1.987321, 0.418691, -0.669912, 0.372705, 0, 0, 0, 2, 2, 0
1, 1.990261, 0.432798, -0.656173, 0.378177, 0, 0, 0, 2, 2, 0
1, 1.992924, 0.414970, -0.634600, 0.364717, 0, 0, 0, 2, 2, 0
1, 1.995626, 0.428235, -0.623608, 0.366389, 0, 0, 0, 2, 2, 0
1, 1.998298, 0.413697, -0.603791, 0.351280, 0, 0, 0, 2, 2, 0
1, 2.007128, 0.422131, -0.559570, 0.341800, 0, 0, 0, 2, 2, 0
1, 2.010352, 0.406351, -0.538501, 0.326908, 0, 0, 0, 2, 2, 0
1, 2.013667, 0.419799, -0.527649, 0.329113, 0, 0, 0, 2, 2, 0
1, 2.016856, 0.406340, -0.509496, 0.316328, 0, 0, 0, 2, 2, 0
1, 2.019532, 0.421565, -0.496865, 0.319908, 0, 0, 0, 2, 2, 0
1, 2.022173, 0.404354, -0.473985, 0.304590, 0, 0, 0, 2, 2, 0
1, 2.025376, 0.415993, -0.465280, 0.305678, 0, 0, 0, 2, 2, 0
1, 2.028334, 0.400834, -0.443318, 0.289016, 0, 0, 0, 2, 2, 0
1, 2.031130, 0.413041, -0.433725, 0.291410, 0, 0, 0, 2, 2, 0
1, 2.033901, 0.396568, -0.411209, 0.276160, 0, 0, 0, 2, 2, 0
1, 2.036786, 0.408676, -0.402762, 0.276578, 0, 0, 0, 2, 2, 0
1, 2.039959, 0.392006, -0.379825, 0.261110, 0, 0, 0, 2, 2, 0
1, 2.043332, 0.406537, -0.366854, 0.268205, 0, 0, 0, 2, 2, 0
1, 2.046218, 0.390750, -0.344318, 0.252479, 0, 0, 0, 2, 2, 0
1, 2.048785, 0.403851, -0.335150, 0.253579, 0, 0, 0, 2, 2, 0
1, 2.051970, 0.390358, -0.314237, 0.237402, 0, 0, 0, 2, 2, 0
1, 2.055066, 0.403303, -0.304986, 0.239226, 0, 0, 0, 2, 2, 0
1, 2.057823, 0.387252, -0.281804, 0.223329, 0, 0, 0, 2, 2, 0
1, 2.060821, 0.399891, -0.273714, 0.223323, 0, 0, 0, 2, 2, 0
1, 2.063936, 0.385478, -0.251270, 0.206385, 0, 0, 0, 2, 2, 0
1, 2.066529, 0.397450, -0.243520, 0.206888, 0, 0, 0, 2, 2, 0
1, 2.069416, 0.382822, -0.221514, 0.191298, 0, 0, 0, 2, 2, 0
1, 2.077958, 0.390345, -0.182833, 0.178829, 0, 0, 0, 2, 2, 0
1, 2.081074, 0.376131, -0.159748, 0.161222, 0, 0, 0, 2, 2, 0
1, 2.089689, 0.384039, -0.124949, 0.146019, 0, 0, 0, 2, 2, 0
1, 2.093491, 0.368261, -0.099875, 0.127897, 0, 0, 0, 2, 2, 0
1, 2.102311, 0.376075, -0.065791, 0.110632, 0, 0, 0, 2, 2, 0
1, 2.105141, 0.361990, -0.042418, 0.093209, 0, 0, 0, 2, 2, 0
1, 2.107894, 0.373028, -0.037080, 0.091098, 0, 0, 0, 2, 2, 0
1, 2.111027, 0.358805, -0.014112, 0.074686, 0, 0, 0, 2, 2, 0
1, 2.114337, 0.370453, -0.008113, 0.073782, 0, 0, 0, 2, 2, 0
1, 2.117079, 0.357368, 0.013427, 0.058147, 0, 0, 0, 2, 2, 0
1, 2.125395, 0.364971, 0.050745, 0.036969, 0, 0, 0, 2, 2, 0
1, 2.128215, 0.351761, 0.074230, 0.018774, 0, 0, 0, 2, 2, 0
1, 2.136621, 0.360613, 0.110797, 0.009496, 0, 0, 0, 2, 2, 0
1, 2.139842, 0.345918, 0.129432, 0.001593, 0, 0, 0, 2, 2, 0
1, 2.143025, 0.354010, 0.138547, 0.016138, 0, 0, 0, 2, 2, 0
1, 2.146376, 0.337312, 0.154154, 0.016035, 0, 0, 0, 2, 2, 0
1, 2.149340, 0.346583, 0.164172, 0.031882, 0, 0, 0, 2, 2, 0
1, 2.152104, 0.330438, 0.179525, 0.031643, 0, 0, 0, 2, 2, 0
1, 2.155333, 0.342916, 0.191807, 0.049971, 0, 0, 0, 2, 2, 0
1, 2.158228, 0.327815, 0.205436, 0.051156, 0, 0, 0, 2, 2, 0
1, 2.160956, 0.338631, 0.215509, 0.065695, 0, 0, 0, 2, 2, 0
1, 2.163835, 0.322595, 0.230981, 0.065750, 0, 0, 0, 2, 2, 0
1, 2.166579, 0.330458, 0.239732, 0.081075, 0, 0, 0, 2, 2, 0
1, 2.169524, 0.314890, 0.255577, 0.080033, 0, 0, 0, 2, 2, 0
1, 2.172819, 0.325621, 0.265475, 0.095074, 0, 0, 0, 2, 2, 0
1, 2.175838, 0.310717, 0.281145, 0.093524, 0, 0, 0, 2, 2, 0
1, 2.178428, 0.320344, 0.290549, 0.109175, 0, 0, 0, 2, 2, 0
1, 2.181158, 0.303578, 0.308180, 0.107634, 0, 0, 0, 2, 2, 0
1, 2.184290, 0.314710, 0.317900, 0.122511, 0, 0, 0, 2, 2, 0
1, 2.187209, 0.301759, 0.331300, 0.121856, 0, 0, 0, 2, 2, 0
1, 2.189969, 0.309181, 0.338711, 0.135256, 0, 0, 0, 2, 2, 0
1, 2.192913, 0.291344, 0.356919, 0.134960, 0, 0, 0, 2, 2, 0
1, 2.195859, 0.299732, 0.364826, 0.149012, 0, 0, 0, 2, 2, 0
1, 2.198840, 0.281926, 0.384112, 0.147281, 0, 0, 0, 2, 2, 0
1, 2.201806, 0.291548, 0.392591, 0.161917, 0, 0, 0, 2, 2, 0
1, 2.210793, 0.269695, 0.438813, 0.170358, 0, 0, 0, 2, 2, 0
1, 2.213771, 0.279370, 0.446500, 0.183102, 0, 0, 0, 2, 2, 0
1, 2.216300, 0.265628, 0.461820, 0.181627, 0, 0, 0, 2, 2, 0
1, 2.219702, 0.276248, 0.469972, 0.195011, 0, 0, 0, 2, 2, 0
1, 2.222881, 0.261169, 0.485393, 0.195746, 0, 0, 0, 2, 2, 0
1, 2.225425, 0.269756, 0.492270, 0.208151, 0, 0, 0, 2, 2, 0
1, 2.228514, 0.252086, 0.511645, 0.207319, 0, 0, 0, 2, 2, 0
1, 2.231546, 0.262151, 0.518666, 0.218224, 0, 0, 0, 2, 2, 0
1, 2.239817, 0.243298, 0.555659, 0.226869, 0, 0, 0, 2, 2, 0
1, 2.248741, 0.245447, 0.584406, 0.245630, 0, 0, 0, 2, 2, 0
1, 2.251873, 0.229628, 0.604530, 0.241320, 0, 0, 0, 2, 2, 0
1, 2.260510, 0.232066, 0.635271, 0.259041, 0, 0, 0, 2, 2, 0
1, 2.263440, 0.218023, 0.652590, 0.256355, 0, 0, 0, 2, 2, 0
1, 2.272208, 0.217802, 0.682257, 0.272944, 0, 0, 0, 2, 2, 0
1, 2.275458, 0.203425, 0.699170, 0.271687, 0, 0, 0, 2, 2, 0
2, 3.277127, 0.489075, -2.988848, 0.201113, 0, 0, 0, 2, 2, 0
2, 3.288755, 0.427626, -2.975926, 0.193515, 0, 0, 0, 2, 2, 0
2, 3.300165, 0.546797, -2.744692, 0.279451, 0, 0, 0, 2, 2, 0
2, 3.312141, 0.435280, -2.808983, 0.255082, 0, 0, 0, 2, 2, 0
2, 3.321132, 0.484951, -2.696811, 0.305997, 0, 0, 0, 2, 2, 0
2, 3.335149, 0.517361, -2.596691, 0.361122, 0, 0, 0, 2, 2, 0
2, 3.341622, 0.470438, -2.568686, 0.337999, 0, 0, 0, 2, 2, 0
2, 3.343907, 0.528486, -2.476672, 0.370696, 0, 0, 0, 2, 2, 0
2, 3.364907, 0.473967, -2.397362, 0.381221, 0, 0, 0, 2, 2, 0
2, 3.367794, 0.529548, -2.313352, 0.408392, 0, 0, 0, 2, 2, 0
2, 3.387366, 0.495880, -2.237517, 0.441972, 0, 0, 0, 2, 2, 0
2, 3.388403, 0.477894, -2.235159, 0.415033, 0, 0, 0, 2, 2, 0
2, 3.396990, 0.554132, -2.084318, 0.450121, 0, 0, 0, 2, 2, 0
2, 3.406104, 0.491029, -2.122139, 0.461315, 0, 0, 0, 2, 2, 0
2, 3.410591, 0.458645, -2.109071, 0.428769, 0, 0, 0, 2, 2, 0
2, 3.419048, 0.511624, -2.018533, 0.463588, 0, 0, 0, 2, 2, 0
2, 3.426343, 0.479313, -1.988479, 0.474716, 0, 0, 0, 2, 2, 0
2, 3.433121, 0.501450, -1.926226, 0.460623, 0, 0, 0, 2, 2, 0
2, 3.442235, 0.508488, -1.868713, 0.474269, 0, 0, 0, 2, 2, 0
2, 3.449403, 0.475511, -1.838176, 0.483446, 0, 0, 0, 2, 2, 0
2, 3.455882, 0.500644, -1.774585, 0.470079, 0, 0, 0, 2, 2, 0
2, 3.464584, 0.522551, -1.686297, 0.484105, 0, 0, 0, 2, 2, 0
2, 3.469782, 0.491864, -1.704440, 0.484719, 0, 0, 0, 2, 2, 0
2, 3.476578, 0.443366, -1.672375, 0.449868, 0, 0, 0, 2, 2, 0
2, 3.485844, 0.491858, -1.601126, 0.477178, 0, 0, 0, 2, 2, 0
2, 3.490875, 0.471828, -1.578496, 0.482136, 0, 0, 0, 2, 2, 0
2, 3.509056, 0.490057, -1.458777, 0.471625, 0, 0, 0, 2, 2, 0
2, 3.514203, 0.470357, -1.435963, 0.475755, 0, 0, 0, 2, 2, 0
2, 3.532353, 0.488490, -1.306110, 0.463656, 0, 0, 0, 2, 2, 0
2, 3.534817, 0.480097, -1.310236, 0.457309, 0, 0, 0, 2, 2, 0
2, 3.541840, 0.439148, -1.275933, 0.423673, 0, 0, 0, 2, 2, 0
2, 3.550697, 0.484867, -1.220657, 0.441812, 0, 0, 0, 2, 2, 0
2, 3.555341, 0.462594, -1.192676, 0.438560, 0, 0, 0, 2, 2, 0
2, 3.564820, 0.492067, -1.107572, 0.421473, 0, 0, 0, 2, 2, 0
2, 3.573644, 0.479697, -1.070591, 0.427260, 0, 0, 0, 2, 2, 0
2, 3.575805, 0.472559, -1.074513, 0.420396, 0, 0, 0, 2, 2, 0
2, 3.585430, 0.413187, -1.016212, 0.369761, 0, 0, 0, 2, 2, 0
2, 3.597187, 0.469246, -0.945900, 0.395871, 0, 0, 0, 2, 2, 0
2, 3.599902, 0.467085, -0.945528, 0.386630, 0, 0, 0, 2, 2, 0
2, 3.608636, 0.426259, -0.900803, 0.370109, 0, 0, 0, 2, 2, 0
2, 3.617168, 0.462424, -0.848992, 0.354595, 0, 0, 0, 2, 2, 0
2, 3.618060, 0.451718, -0.843346, 0.342676, 0, 0, 0, 2, 2, 0
2, 3.638493, 0.460764, -0.738933, 0.313332, 0, 0, 0, 2, 2, 0
2, 3.658790, 0.439169, -0.629391, 0.262650, 0, 0, 0, 2, 2, 0
2, 3.670643, 0.490364, -0.588751, 0.268684, 0, 0, 0, 2, 2, 0
2, 3.682382, 0.434367, -0.509942, 0.208243, 0, 0, 0, 2, 2, 0
2, 3.691309, 0.468128, -0.484790, 0.211851, 0, 0, 0, 2, 2, 0
2, 3.703277, 0.412968, -0.403141, 0.148002, 0, 0, 0, 2, 2, 0
2, 3.714810, 0.459835, -0.371479, 0.150154, 0, 0, 0, 2, 2, 0
2, 3.723341, 0.420335, -0.310347, 0.102103, 0, 0, 0, 2, 2, 0
2, 3.732163, 0.455116, -0.289248, 0.101454, 0, 0, 0, 2, 2, 0
2, 3.741004, 0.416539, -0.226104, 0.050251, 0, 0, 0, 2, 2, 0
2, 3.749902, 0.446123, -0.209220, 0.049236, 0, 0, 0, 2, 2, 0
2, 3.758861, 0.406136, -0.146336, 0.002088, 0, 0, 0, 2, 2, 0
2, 3.764429, 0.426194, -0.121996, 0.033552, 0, 0, 0, 2, 2, 0
2, 3.773331, 0.380932, -0.082955, 0.035468, 0, 0, 0, 2, 2, 0
2, 3.782154, 0.406380, -0.049709, 0.083386, 0, 0, 0, 2, 2, 0
2, 3.787775, 0.378869, -0.022933, 0.080462, 0, 0, 0, 2, 2, 0
2, 3.793870, 0.397566, -0.001383, 0.110382, 0, 0, 0, 2, 2, 0
2, 3.799800, 0.367182, 0.027085, 0.109741, 0, 0, 0, 2, 2, 0
2, 3.805786, 0.382904, 0.045724, 0.137618, 0, 0, 0, 2, 2, 0
2, 3.811721, 0.354147, 0.072753, 0.137660, 0, 0, 0, 2, 2, 0
2, 3.817227, 0.373336, 0.092984, 0.166054, 0, 0, 0, 2, 2, 0
2, 3.823038, 0.343678, 0.122615, 0.164221, 0, 0, 0, 2, 2, 0
2, 3.829436, 0.359926, 0.139521, 0.188955, 0, 0, 0, 2, 2, 0
2, 3.835272, 0.329977, 0.170414, 0.186399, 0, 0, 0, 2, 2, 0
2, 3.840938, 0.347356, 0.186772, 0.209004, 0, 0, 0, 2, 2, 0
2, 3.846796, 0.318212, 0.217220, 0.206818, 0, 0, 0, 2, 2, 0
2, 3.852626, 0.334059, 0.233033, 0.231653, 0, 0, 0, 2, 2, 0
2, 3.858521, 0.305079, 0.264737, 0.227881, 0, 0, 0, 2, 2, 0
2, 3.861320, 0.314255, 0.272744, 0.239276, 0, 0, 0, 2, 2, 0
2, 3.864252, 0.300958, 0.287558, 0.237387, 0, 0, 0, 2, 2, 0
2, 3.870345, 0.317646, 0.301941, 0.258283, 0, 0, 0, 2, 2, 0
2, 3.876377, 0.288378, 0.333881, 0.255765, 0, 0, 0, 2, 2, 0
2, 3.882119, 0.303966, 0.346996, 0.275544, 0, 0, 0, 2, 2, 0
2, 3.887793, 0.275781, 0.380240, 0.269896, 0, 0, 0, 2, 2, 0
2, 3.899890, 0.288191, 0.413817, 0.297766, 0, 0, 0, 2, 2, 0
2, 3.905541, 0.260062, 0.447070, 0.292997, 0, 0, 0, 2, 2, 0
2, 3.908662, 0.267198, 0.453067, 0.303889, 0, 0, 0, 2, 2, 0
2, 3.911952, 0.252222, 0.471534, 0.300338, 0, 0, 0, 2, 2, 0
2, 3.917619, 0.268022, 0.482532, 0.315979, 0, 0, 0, 2, 2, 0
2, 3.923182, 0.241859, 0.515700, 0.308816, 0, 0, 0, 2, 2, 0
2, 3.935370, 0.249119, 0.545183, 0.331590, 0, 0, 0, 2, 2, 0
3, 4.871710, 0.452577, -3.219056, 0.105854, 0, 0, 0, 2, 2, 0
3, 4.874611, 0.527609, -3.083197, 0.148973, 0, 0, 0, 2, 2, 0
3, 4.883735, 0.458855, -3.138324, 0.138209, 0, 0, 0, 2, 2, 0
3, 4.886143, 0.531633, -3.004138, 0.185138, 0, 0, 0, 2, 2, 0
3, 4.906384, 0.464565, -2.981672, 0.200722, 0, 0, 0, 2, 2, 0
3, 4.909074, 0.477806, -2.949737, 0.215333, 0, 0, 0, 2, 2, 0
3, 4.918169, 0.457315, -2.903605, 0.221638, 0, 0, 0, 2, 2, 0
3, 4.920960, 0.525361, -2.796813, 0.261067, 0, 0, 0, 2, 2, 0
3, 4.930475, 0.455993, -2.833325, 0.248811, 0, 0, 0, 2, 2, 0
3, 4.932887, 0.522464, -2.728110, 0.285612, 0, 0, 0, 2, 2, 0
3, 4.947626, 0.464886, -2.716968, 0.286784, 0, 0, 0, 2, 2, 0
3, 4.950485, 0.526332, -2.619292, 0.318722, 0, 0, 0, 2, 2, 0
3, 4.959354, 0.465080, -2.638494, 0.309387, 0, 0, 0, 2, 2, 0
3, 4.962350, 0.521431, -2.550169, 0.337760, 0, 0, 0, 2, 2, 0
3, 4.971240, 0.466922, -2.567014, 0.328529, 0, 0, 0, 2, 2, 0
3, 4.974230, 0.522723, -2.476943, 0.360147, 0, 0, 0, 2, 2, 0
3, 4.977215, 0.463817, -2.529054, 0.333799, 0, 0, 0, 2, 2, 0
3, 4.979786, 0.518832, -2.445597, 0.365241, 0, 0, 0, 2, 2, 0
3, 4.982156, 0.490078, -2.485753, 0.377393, 0, 0, 0, 2, 2, 0
3, 4.988543, 0.493392, -2.448669, 0.384412, 0, 0, 0, 2, 2, 0
3, 4.989053, 0.468337, -2.451366, 0.350842, 0, 0, 0, 2, 2, 0
3, 4.991768, 0.524282, -2.368213, 0.380711, 0, 0, 0, 2, 2, 0
3, 4.994244, 0.492376, -2.412803, 0.391742, 0, 0, 0, 2, 2, 0
3, 5.000095, 0.492842, -2.377656, 0.393516, 0, 0, 0, 2, 2, 0
3, 5.000708, 0.467420, -2.379309, 0.362418, 0, 0, 0, 2, 2, 0
3, 5.003491, 0.519364, -2.299772, 0.392005, 0, 0, 0, 2, 2, 0
3, 5.006135, 0.489555, -2.340221, 0.401531, 0, 0, 0, 2, 2, 0
3, 5.006776, 0.466709, -2.341136, 0.373168, 0, 0, 0, 2, 2, 0
3, 5.009644, 0.481336, -2.313409, 0.384618, 0, 0, 0, 2, 2, 0
3, 5.012189, 0.487774, -2.305838, 0.405922, 0, 0, 0, 2, 2, 0
3, 5.015047, 0.499294, -2.285439, 0.410966, 0, 0, 0, 2, 2, 0
3, 5.018062, 0.485381, -2.269032, 0.413438, 0, 0, 0, 2, 2, 0
3, 5.018830, 0.507108, -2.230227, 0.401367, 0, 0, 0, 2, 2, 0
3, 5.021359, 0.518179, -2.199354, 0.406802, 0, 0, 0, 2, 2, 0
3, 5.024538, 0.506413, -2.196234, 0.403662, 0, 0, 0, 2, 2, 0
3, 5.027339, 0.518720, -2.159722, 0.409625, 0, 0, 0, 2, 2, 0
3, 5.029085, 0.489452, -2.197563, 0.420405, 0, 0, 0, 2, 2, 0
3, 5.034829, 0.486019, -2.164371, 0.425747, 0, 0, 0, 2, 2, 0
3, 5.036013, 0.468482, -2.162381, 0.397720, 0, 0, 0, 2, 2, 0
3, 5.038959, 0.518115, -2.090935, 0.419516, 0, 0, 0, 2, 2, 0
3, 5.041461, 0.488932, -2.127842, 0.427834, 0, 0, 0, 2, 2, 0
3, 5.042261, 0.469313, -2.124221, 0.399498, 0, 0, 0, 2, 2, 0
3, 5.044403, 0.515386, -2.057585, 0.420022, 0, 0, 0, 2, 2, 0
3, 5.046776, 0.484831, -2.093497, 0.430232, 0, 0, 0, 2, 2, 0
3, 5.047793, 0.468532, -2.089776, 0.404722, 0, 0, 0, 2, 2, 0
3, 5.050397, 0.513142, -2.025921, 0.423324, 0, 0, 0, 2, 2, 0
3, 5.052902, 0.485336, -2.059268, 0.431578, 0, 0, 0, 2, 2, 0
3, 5.058808, 0.486754, -2.026187, 0.438271, 0, 0, 0, 2, 2, 0
3, 5.059534, 0.469134, -2.020867, 0.412487, 0, 0, 0, 2, 2, 0
3, 5.062042, 0.512459, -1.957786, 0.430609, 0, 0, 0, 2, 2, 0
3, 5.064692, 0.485243, -1.990440, 0.436719, 0, 0, 0, 2, 2, 0
3, 5.065490, 0.470084, -1.986338, 0.410245, 0, 0, 0, 2, 2, 0
3, 5.067941, 0.515018, -1.922122, 0.427872, 0, 0, 0, 2, 2, 0
3, 5.070463, 0.483423, -1.956570, 0.438537, 0, 0, 0, 2, 2, 0
3, 5.071210, 0.466589, -1.949138, 0.412607, 0, 0, 0, 2, 2, 0
3, 5.073724, 0.508661, -1.892308, 0.427697, 0, 0, 0, 2, 2, 0
3, 5.076344, 0.484233, -1.922421, 0.435011, 0, 0, 0, 2, 2, 0
3, 5.077354, 0.465384, -1.914451, 0.411587, 0, 0, 0, 2, 2, 0
3, 5.080013, 0.509247, -1.856002, 0.431253, 0, 0, 0, 2, 2, 0
3, 5.082552, 0.486223, -1.888623, 0.438208, 0, 0, 0, 2, 2, 0
3, 5.083308, 0.461964, -1.878415, 0.414364, 0, 0, 0, 2, 2, 0
3, 5.085601, 0.499738, -1.827194, 0.434322, 0, 0, 0, 2, 2, 0
3, 5.088014, 0.483815, -1.853513, 0.437666, 0, 0, 0, 2, 2, 0
3, 5.088909, 0.462219, -1.843510, 0.412648, 0, 0, 0, 2, 2, 0
3, 5.091608, 0.502226, -1.790100, 0.430811, 0, 0, 0, 2, 2, 0
3, 5.094431, 0.481109, -1.820355, 0.436105, 0, 0, 0, 2, 2, 0
3, 5.097295, 0.468067, -1.807392, 0.434872, 0, 0, 0, 2, 2, 0
3, 5.100134, 0.481613, -1.789348, 0.433711, 0, 0, 0, 2, 2, 0
3, 5.100880, 0.463953, -1.780868, 0.410455, 0, 0, 0, 2, 2, 0
3, 5.103379, 0.503381, -1.726481, 0.427613, 0, 0, 0, 2, 2, 0
3, 5.106182, 0.481145, -1.754411, 0.433427, 0, 0, 0, 2, 2, 0
3, 5.106969, 0.465565, -1.746589, 0.412374, 0, 0, 0, 2, 2, 0
3, 5.109353, 0.501552, -1.695384, 0.427931, 0, 0, 0, 2, 2, 0
3, 5.111772, 0.480182, -1.720833, 0.432365, 0, 0, 0, 2, 2, 0
3, 5.112487, 0.465313, -1.712769, 0.410621, 0, 0, 0, 2, 2, 0
3, 5.115018, 0.499332, -1.664338, 0.424084, 0, 0, 0, 2, 2, 0
3, 5.117485, 0.476457, -1.689942, 0.429304, 0, 0, 0, 2, 2, 0
3, 5.118146, 0.460330, -1.680916, 0.409053, 0, 0, 0, 2, 2, 0
3, 5.120803, 0.493002, -1.636564, 0.423171, 0, 0, 0, 2, 2, 0
3, 5.123387, 0.478753, -1.656876, 0.424180, 0, 0, 0, 2, 2, 0
3, 5.124074, 0.462462, -1.649402, 0.408203, 0, 0, 0, 2, 2, 0
3, 5.126672, 0.488002, -1.609958, 0.423561, 0, 0, 0, 2, 2, 0
3, 5.129159, 0.476198, -1.625063, 0.423296, 0, 0, 0, 2, 2, 0
3, 5.129928, 0.459987, -1.615997, 0.406420, 0, 0, 0, 2, 2, 0
3, 5.132696, 0.487599, -1.574793, 0.420911, 0, 0, 0, 2, 2, 0
3, 5.135295, 0.474392, -1.591586, 0.420405, 0, 0, 0, 2, 2, 0
3, 5.135911, 0.459733, -1.584520, 0.405181, 0, 0, 0, 2, 2, 0
3, 5.138752, 0.481435, -1.550137, 0.418192, 0, 0, 0, 2, 2, 0
3, 5.141527, 0.474524, -1.559870, 0.413987, 0, 0, 0, 2, 2, 0
3, 5.142017, 0.456310, -1.549711, 0.397080, 0, 0, 0, 2, 2, 0
3, 5.144795, 0.482157, -1.511350, 0.412454, 0, 0, 0, 2, 2, 0
3, 5.147610, 0.471888, -1.526124, 0.410689, 0, 0, 0, 2, 2, 0
3, 5.148145, 0.456513, -1.518241, 0.395680, 0, 0, 0, 2, 2, 0
3, 5.150821, 0.480253, -1.483795, 0.410214, 0, 0, 0, 2, 2, 0
3, 5.153797, 0.483609, -1.467647, 0.402648, 0, 0, 0, 2, 2, 0
3, 5.154366, 0.460060, -1.487968, 0.389048, 0, 0, 0, 2, 2, 0
3, 5.156772, 0.460128, -1.479863, 0.400128, 0, 0, 0, 2, 2, 0
3, 5.159537, 0.479119, -1.439912, 0.397749, 0, 0, 0, 2, 2, 0
3, 5.160029, 0.457256, -1.460048, 0.385418, 0, 0, 0, 2, 2, 0
3, 5.162562, 0.455515, -1.451194, 0.395240, 0, 0, 0, 2, 2, 0
3, 5.165476, 0.468839, -1.432651, 0.392974, 0, 0, 0, 2, 2, 0
3, 5.166135, 0.456527, -1.425176, 0.376830, 0, 0, 0, 2, 2, 0
3, 5.168465, 0.479858, -1.388111, 0.389166, 0, 0, 0, 2, 2, 0
3, 5.170891, 0.468763, -1.399639, 0.385760, 0, 0, 0, 2, 2, 0
3, 5.171616, 0.457868, -1.394657, 0.372380, 0, 0, 0, 2, 2, 0
3, 5.174431, 0.475882, -1.361197, 0.384997, 0, 0, 0, 2, 2, 0
3, 5.177036, 0.466052, -1.369563, 0.380049, 0, 0, 0, 2, 2, 0
3, 5.177518, 0.453365, -1.362639, 0.364730, 0, 0, 0, 2, 2, 0
3, 5.180378, 0.472642, -1.331471, 0.376827, 0, 0, 0, 2, 2, 0
3, 5.183091, 0.463925, -1.341448, 0.372809, 0, 0, 0, 2, 2, 0
3, 5.183493, 0.453586, -1.336393, 0.359574, 0, 0, 0, 2, 2, 0
3, 5.186367, 0.470951, -1.303554, 0.371920, 0, 0, 0, 2, 2, 0
3, 5.189044, 0.463025, -1.308895, 0.365742, 0, 0, 0, 2, 2, 0
3, 5.189481, 0.451689, -1.303132, 0.352187, 0, 0, 0, 2, 2, 0
3, 5.192111, 0.471378, -1.269555, 0.366008, 0, 0, 0, 2, 2, 0
3, 5.194804, 0.462249, -1.279709, 0.359956, 0, 0, 0, 2, 2, 0
3, 5.195346, 0.448966, -1.272668, 0.343257, 0, 0, 0, 2, 2, 0
3, 5.198231, 0.464126, -1.255760, 0.347445, 0, 0, 0, 2, 2, 0
3, 5.200938, 0.460556, -1.246115, 0.348657, 0, 0, 0, 2, 2, 0
3, 5.201357, 0.471713, -1.217215, 0.346695, 0, 0, 0, 2, 2, 0
3, 5.204185, 0.459878, -1.223576, 0.339883, 0, 0, 0, 2, 2, 0
3, 5.206597, 0.458036, -1.217940, 0.342360, 0, 0, 0, 2, 2, 0
3, 5.207100, 0.469262, -1.191524, 0.338159, 0, 0, 0, 2, 2, 0
3, 5.210071, 0.464708, -1.180871, 0.339609, 0, 0, 0, 2, 2, 0
3, 5.212550, 0.457076, -1.188220, 0.334398, 0, 0, 0, 2, 2, 0
3, 5.213044, 0.447081, -1.182847, 0.321032, 0, 0, 0, 2, 2, 0
3, 5.215542, 0.460956, -1.156452, 0.331942, 0, 0, 0, 2, 2, 0
3, 5.217817, 0.457059, -1.157825, 0.324151, 0, 0, 0, 2, 2, 0
3, 5.218889, 0.447125, -1.152218, 0.310729, 0, 0, 0, 2, 2, 0
3, 5.221636, 0.460350, -1.126216, 0.321425, 0, 0, 0, 2, 2, 0
3, 5.223726, 0.454479, -1.129749, 0.313929, 0, 0, 0, 2, 2, 0
3, 5.224733, 0.442993, -1.124402, 0.302232, 0, 0, 0, 2, 2, 0
3, 5.227548, 0.455551, -1.099124, 0.315589, 0, 0, 0, 2, 2, 0
3, 5.229535, 0.453894, -1.099626, 0.305694, 0, 0, 0, 2, 2, 0
3, 5.230589, 0.441891, -1.092574, 0.290301, 0, 0, 0, 2, 2, 0
3, 5.233626, 0.454577, -1.066945, 0.301709, 0, 0, 0, 2, 2, 0
3, 5.235755, 0.450128, -1.068629, 0.293048, 0, 0, 0, 2, 2, 0
3, 5.236602, 0.440032, -1.064249, 0.281166, 0, 0, 0, 2, 2, 0
3, 5.239443, 0.449787, -1.042986, 0.292589, 0, 0, 0, 2, 2, 0
3, 5.242364, 0.457835, -1.018511, 0.283164, 0, 0, 0, 2, 2, 0
3, 5.245141, 0.450669, -1.012279, 0.283593, 0, 0, 0, 2, 2, 0
3, 5.247258, 0.447978, -1.012350, 0.274498, 0, 0, 0, 2, 2, 0
3, 5.248140, 0.435057, -1.004901, 0.261376, 0, 0, 0, 2, 2, 0
3, 5.250869, 0.444201, -0.985704, 0.272560, 0, 0, 0, 2, 2, 0
3, 5.252991, 0.445460, -0.982837, 0.262143, 0, 0, 0, 2, 2, 0
3, 5.253854, 0.436795, -0.977783, 0.248777, 0, 0, 0, 2, 2, 0
3, 5.256736, 0.447777, -0.956025, 0.258685, 0, 0, 0, 2, 2, 0
3, 5.259155, 0.445431, -0.955651, 0.249140, 0, 0, 0, 2, 2, 0
3, 5.260004, 0.435231, -0.949179, 0.233745, 0, 0, 0, 2, 2, 0
3, 5.262731, 0.449254, -0.923357, 0.245749, 0, 0, 0, 2, 2, 0
3, 5.264968, 0.443647, -0.926079, 0.238414, 0, 0, 0, 2, 2, 0
3, 5.265565, 0.433693, -0.920127, 0.224559, 0, 0, 0, 2, 2, 0
3, 5.268427, 0.444838, -0.897383, 0.235988, 0, 0, 0, 2, 2, 0
3, 5.271427, 0.442041, -0.896995, 0.226405, 0, 0, 0, 2, 2, 0
3, 5.272307, 0.431427, -0.890927, 0.212493, 0, 0, 0, 2, 2, 0
3, 5.275414, 0.444380, -0.879389, 0.214574, 0, 0, 0, 2, 2, 0
3, 5.278506, 0.430327, -0.861382, 0.198519, 0, 0, 0, 2, 2, 0
3, 5.280431, 0.441324, -0.839530, 0.210135, 0, 0, 0, 2, 2, 0
3, 5.283130, 0.437516, -0.841103, 0.201242, 0, 0, 0, 2, 2, 0
3, 5.284396, 0.427876, -0.835476, 0.186679, 0, 0, 0, 2, 2, 0
3, 5.293155, 0.438744, -0.796018, 0.175900, 0, 0, 0, 2, 2, 0
3, 5.296222, 0.425554, -0.777984, 0.159346, 0, 0, 0, 2, 2, 0
3, 5.298717, 0.435547, -0.771016, 0.158126, 0, 0, 0, 2, 2, 0
3, 5.301541, 0.423061, -0.754981, 0.144733, 0, 0, 0, 2, 2, 0
3, 5.303968, 0.435535, -0.732380, 0.157582, 0, 0, 0, 2, 2, 0
3, 5.306351, 0.432040, -0.734515, 0.147483, 0, 0, 0, 2, 2, 0
3, 5.306937, 0.421064, -0.728041, 0.131488, 0, 0, 0, 2, 2, 0
3, 5.309968, 0.432772, -0.718564, 0.133073, 0, 0, 0, 2, 2, 0
3, 5.312984, 0.419787, -0.700274, 0.116416, 0, 0, 0, 2, 2, 0
3, 5.315227, 0.428695, -0.682621, 0.126471, 0, 0, 0, 2, 2, 0
3, 5.317858, 0.429212, -0.678187, 0.115797, 0, 0, 0, 2, 2, 0
3, 5.318533, 0.419301, -0.670638, 0.100349, 0, 0, 0, 2, 2, 0
3, 5.321298, 0.430422, -0.662656, 0.100348, 0, 0, 0, 2, 2, 0
3, 5.324301, 0.417992, -0.645421, 0.085419, 0, 0, 0, 2, 2, 0
3, 5.326874, 0.428786, -0.626348, 0.097218, 0, 0, 0, 2, 2, 0
3, 5.329703, 0.441763, -0.594469, 0.084859, 0, 0, 0, 2, 2, 0
3, 5.332717, 0.426616, -0.601189, 0.079202, 0, 0, 0, 2, 2, 0
3, 5.335690, 0.438827, -0.571517, 0.067605, 0, 0, 0, 2, 2, 0
3, 5.338595, 0.425665, -0.574407, 0.064100, 0, 0, 0, 2, 2, 0
3, 5.341608, 0.438589, -0.543146, 0.051840, 0, 0, 0, 2, 2, 0
3, 5.344558, 0.423714, -0.545871, 0.048150, 0, 0, 0, 2, 2, 0
3, 5.347441, 0.433768, -0.516395, 0.037482, 0, 0, 0, 2, 2, 0
3, 5.356271, 0.432899, -0.479851, 0.035778, 0, 0, 0, 2, 2, 0
3, 5.359168, 0.421853, -0.475655, 0.039806, 0, 0, 0, 2, 2, 0
3, 5.362128, 0.427256, -0.454282, 0.052102, 0, 0, 0, 2, 2, 0
3, 5.365072, 0.419040, -0.451419, 0.055223, 0, 0, 0, 2, 2, 0
3, 5.368134, 0.425038, -0.430289, 0.067637, 0, 0, 0, 2, 2, 0
3, 5.371069, 0.413674, -0.426495, 0.072086, 0, 0, 0, 2, 2, 0
3, 5.373929, 0.419305, -0.407025, 0.083644, 0, 0, 0, 2, 2, 0
3, 5.376919, 0.409377, -0.404773, 0.087821, 0, 0, 0, 2, 2, 0
3, 5.380023, 0.410837, -0.390620, 0.096008, 0, 0, 0, 2, 2, 0
3, 5.382983, 0.398945, -0.387138, 0.101018, 0, 0, 0, 2, 2, 0
3, 5.385994, 0.404708, -0.368263, 0.112438, 0, 0, 0, 2, 2, 0
3, 5.389025, 0.396166, -0.362144, 0.115575, 0, 0, 0, 2, 2, 0
3, 5.391695, 0.398741, -0.346334, 0.125027, 0, 0, 0, 2, 2, 0
3, 5.394749, 0.390818, -0.339585, 0.127902, 0, 0, 0, 2, 2, 0
3, 5.397961, 0.393338, -0.324655, 0.136949, 0, 0, 0, 2, 2, 0
3, 5.400766, 0.384083, -0.319510, 0.140852, 0, 0, 0, 2, 2, 0
3, 5.403653, 0.387617, -0.302179, 0.151533, 0, 0, 0, 2, 2, 0
3, 5.406535, 0.381038, -0.293305, 0.153734, 0, 0, 0, 2, 2, 0
4, 6.490022, 0.452127, -3.222668, 0.104592, 0, 0, 0, 2, 2, 0
4, 6.492457, 0.526424, -3.089367, 0.146339, 0, 0, 0, 2, 2, 0
4, 6.501624, 0.455531, -3.158203, 0.132023, 0, 0, 0, 2, 2, 0
4, 6.504254, 0.525210, -3.027902, 0.176730, 0, 0, 0, 2, 2, 0
4, 6.513643, 0.455248, -3.088543, 0.157747, 0, 0, 0, 2, 2, 0
4, 6.516062, 0.524039, -2.964304, 0.200906, 0, 0, 0, 2, 2, 0
4, 6.525130, 0.510685, -2.936324, 0.218731, 0, 0, 0, 2, 2, 0
4, 6.528098, 0.525296, -2.899845, 0.226720, 0, 0, 0, 2, 2, 0
4, 6.537179, 0.458331, -2.950505, 0.207792, 0, 0, 0, 2, 2, 0
4, 6.540004, 0.522792, -2.840313, 0.245812, 0, 0, 0, 2, 2, 0
4, 6.543109, 0.451389, -2.914762, 0.217522, 0, 0, 0, 2, 2, 0
4, 6.545836, 0.517201, -2.811467, 0.256078, 0, 0, 0, 2, 2, 0
4, 6.555001, 0.453851, -2.847752, 0.239915, 0, 0, 0, 2, 2, 0
4, 6.557570, 0.516839, -2.750016, 0.275298, 0, 0, 0, 2, 2, 0
4, 6.566355, 0.456630, -2.784886, 0.261178, 0, 0, 0, 2, 2, 0
4, 6.569080, 0.519860, -2.686825, 0.295628, 0, 0, 0, 2, 2, 0
4, 6.578189, 0.456858, -2.716789, 0.281336, 0, 0, 0, 2, 2, 0
4, 6.580826, 0.516550, -2.623722, 0.312264, 0, 0, 0, 2, 2, 0
4, 6.588943, 0.481333, -2.635153, 0.334638, 0, 0, 0, 2, 2, 0
4, 6.589648, 0.460647, -2.642527, 0.299876, 0, 0, 0, 2, 2, 0
4, 6.592486, 0.513534, -2.564136, 0.325079, 0, 0, 0, 2, 2, 0
4, 6.595050, 0.477632, -2.608784, 0.340087, 0, 0, 0, 2, 2, 0
4, 6.602033, 0.457767, -2.586142, 0.315373, 0, 0, 0, 2, 2, 0
4, 6.604787, 0.513503, -2.497519, 0.346093, 0, 0, 0, 2, 2, 0
4, 6.607665, 0.455221, -2.548819, 0.317870, 0, 0, 0, 2, 2, 0
4, 6.610547, 0.510999, -2.465430, 0.349011, 0, 0, 0, 2, 2, 0
4, 6.618455, 0.479097, -2.480172, 0.362008, 0, 0, 0, 2, 2, 0
4, 6.619461, 0.457247, -2.485080, 0.331813, 0, 0, 0, 2, 2, 0
4, 6.622354, 0.470933, -2.457924, 0.343265, 0, 0, 0, 2, 2, 0
4, 6.624372, 0.478271, -2.448829, 0.367036, 0, 0, 0, 2, 2, 0
4, 6.630237, 0.482251, -2.417594, 0.374172, 0, 0, 0, 2, 2, 0
4, 6.630951, 0.457334, -2.419173, 0.342242, 0, 0, 0, 2, 2, 0
4, 6.633874, 0.506409, -2.345395, 0.368553, 0, 0, 0, 2, 2, 0
4, 6.636230, 0.478309, -2.383800, 0.377891, 0, 0, 0, 2, 2, 0
4, 6.642152, 0.476586, -2.352480, 0.379851, 0, 0, 0, 2, 2, 0
4, 6.642759, 0.454558, -2.352932, 0.350489, 0, 0, 0, 2, 2, 0
4, 6.645539, 0.468693, -2.328703, 0.358572, 0, 0, 0, 2, 2, 0
4, 6.647968, 0.479278, -2.322401, 0.381809, 0, 0, 0, 2, 2, 0
4, 6.651018, 0.488480, -2.305693, 0.385829, 0, 0, 0, 2, 2, 0
4, 6.653920, 0.475053, -2.290813, 0.386981, 0, 0, 0, 2, 2, 0
4, 6.654562, 0.495334, -2.251160, 0.375892, 0, 0, 0, 2, 2, 0
4, 6.657573, 0.506997, -2.220747, 0.381871, 0, 0, 0, 2, 2, 0
4, 6.660030, 0.476443, -2.260657, 0.393106, 0, 0, 0, 2, 2, 0
4, 6.666025, 0.475941, -2.227109, 0.395256, 0, 0, 0, 2, 2, 0
4, 6.666533, 0.455154, -2.224890, 0.364246, 0, 0, 0, 2, 2, 0
4, 6.669419, 0.503431, -2.160055, 0.385722, 0, 0, 0, 2, 2, 0
4, 6.671864, 0.478126, -2.197487, 0.394577, 0, 0, 0, 2, 2, 0
4, 6.678231, 0.475444, -2.165950, 0.395754, 0, 0, 0, 2, 2, 0
4, 6.678627, 0.455294, -2.163253, 0.368180, 0, 0, 0, 2, 2, 0
4, 6.681222, 0.498257, -2.104584, 0.388802, 0, 0, 0, 2, 2, 0
4, 6.683999, 0.477247, -2.136981, 0.395222, 0, 0, 0, 2, 2, 0
4, 6.689841, 0.476357, -2.104853, 0.399116, 0, 0, 0, 2, 2, 0
4, 6.690779, 0.457260, -2.101497, 0.369855, 0, 0, 0, 2, 2, 0
4, 6.693460, 0.503263, -2.037114, 0.389956, 0, 0, 0, 2, 2, 0
4, 6.696208, 0.476670, -2.073337, 0.396507, 0, 0, 0, 2, 2, 0
4, 6.697231, 0.454327, -2.068640, 0.368140, 0, 0, 0, 2, 2, 0
4, 6.699378, 0.495956, -2.010485, 0.388824, 0, 0, 0, 2, 2, 0
4, 6.701171, 0.473243, -2.044169, 0.394031, 0, 0, 0, 2, 2, 0
4, 6.704132, 0.459624, -2.030497, 0.393555, 0, 0, 0, 2, 2, 0
4, 6.707679, 0.470982, -2.013489, 0.394563, 0, 0, 0, 2, 2, 0
4, 6.708792, 0.453587, -2.009059, 0.366025, 0, 0, 0, 2, 2, 0
4, 6.711329, 0.497884, -1.948549, 0.383991, 0, 0, 0, 2, 2, 0
4, 6.713618, 0.469159, -1.984368, 0.393324, 0, 0, 0, 2, 2, 0
4, 6.714502, 0.451884, -1.979113, 0.367077, 0, 0, 0, 2, 2, 0
4, 6.717259, 0.465748, -1.958295, 0.373625, 0, 0, 0, 2, 2, 0
4, 6.719368, 0.466730, -1.952935, 0.389055, 0, 0, 0, 2, 2, 0
4, 6.719685, 0.477674, -1.917488, 0.380765, 0, 0, 0, 2, 2, 0
4, 6.722577, 0.459457, -1.921100, 0.372767, 0, 0, 0, 2, 2, 0
4, 6.725264, 0.468728, -1.921193, 0.388955, 0, 0, 0, 2, 2, 0
4, 6.731402, 0.474525, -1.863777, 0.378370, 0, 0, 0, 2, 2, 0
4, 6.731838, 0.448952, -1.885579, 0.363849, 0, 0, 0, 2, 2, 0
4, 6.736666, 0.466210, -1.863835, 0.381085, 0, 0, 0, 2, 2, 0
4, 6.742523, 0.466253, -1.834609, 0.376797, 0, 0, 0, 2, 2, 0
4, 6.743139, 0.448812, -1.828183, 0.357899, 0, 0, 0, 2, 2, 0
4, 6.745842, 0.479361, -1.783942, 0.374900, 0, 0, 0, 2, 2, 0
4, 6.748245, 0.465632, -1.805123, 0.375411, 0, 0, 0, 2, 2, 0
4, 6.751100, 0.449398, -1.790470, 0.370838, 0, 0, 0, 2, 2, 0
4, 6.754369, 0.462605, -1.773488, 0.368251, 0, 0, 0, 2, 2, 0
4, 6.755313, 0.447692, -1.768794, 0.352671, 0, 0, 0, 2, 2, 0
4, 6.757693, 0.470052, -1.734253, 0.366974, 0, 0, 0, 2, 2, 0
4, 6.760363, 0.464472, -1.745315, 0.363252, 0, 0, 0, 2, 2, 0
4, 6.761275, 0.448778, -1.737984, 0.344202, 0, 0, 0, 2, 2, 0
4, 6.763599, 0.475273, -1.700054, 0.357148, 0, 0, 0, 2, 2, 0
4, 6.765810, 0.462591, -1.716959, 0.358363, 0, 0, 0, 2, 2, 0
4, 6.766748, 0.446870, -1.709645, 0.342655, 0, 0, 0, 2, 2, 0
4, 6.769535, 0.470973, -1.674556, 0.356607, 0, 0, 0, 2, 2, 0
4, 6.772441, 0.471184, -1.661858, 0.349840, 0, 0, 0, 2, 2, 0
4, 6.775176, 0.472882, -1.643126, 0.352573, 0, 0, 0, 2, 2, 0
4, 6.777378, 0.461828, -1.660029, 0.350843, 0, 0, 0, 2, 2, 0
4, 6.778298, 0.447196, -1.654015, 0.332830, 0, 0, 0, 2, 2, 0
4, 6.780942, 0.470502, -1.617188, 0.346075, 0, 0, 0, 2, 2, 0
4, 6.783175, 0.459230, -1.632705, 0.342429, 0, 0, 0, 2, 2, 0
4, 6.784248, 0.444656, -1.627875, 0.325839, 0, 0, 0, 2, 2, 0
4, 6.786910, 0.466031, -1.593091, 0.340261, 0, 0, 0, 2, 2, 0
4, 6.788893, 0.458134, -1.604639, 0.336222, 0, 0, 0, 2, 2, 0
4, 6.790141, 0.442209, -1.596968, 0.318122, 0, 0, 0, 2, 2, 0
4, 6.793541, 0.465606, -1.563221, 0.331410, 0, 0, 0, 2, 2, 0
4, 6.795993, 0.457867, -1.575782, 0.329145, 0, 0, 0, 2, 2, 0
4, 6.796896, 0.441881, -1.566327, 0.309234, 0, 0, 0, 2, 2, 0
4, 6.799857, 0.468132, -1.529201, 0.321854, 0, 0, 0, 2, 2, 0
4, 6.802209, 0.454942, -1.546701, 0.321759, 0, 0, 0, 2, 2, 0
4, 6.802666, 0.441314, -1.540000, 0.304588, 0, 0, 0, 2, 2, 0
4, 6.805413, 0.462944, -1.508544, 0.316495, 0, 0, 0, 2, 2, 0
4, 6.807925, 0.455450, -1.520120, 0.313512, 0, 0, 0, 2, 2, 0
4, 6.808389, 0.441365, -1.512329, 0.295829, 0, 0, 0, 2, 2, 0
4, 6.810959, 0.452445, -1.499227, 0.298941, 0, 0, 0, 2, 2, 0
4, 6.813916, 0.440554, -1.488397, 0.288474, 0, 0, 0, 2, 2, 0
4, 6.816462, 0.463268, -1.450957, 0.301830, 0, 0, 0, 2, 2, 0
4, 6.818470, 0.451178, -1.462969, 0.299615, 0, 0, 0, 2, 2, 0
4, 6.819818, 0.438918, -1.456747, 0.283892, 0, 0, 0, 2, 2, 0
4, 6.822523, 0.454434, -1.431516, 0.293265, 0, 0, 0, 2, 2, 0
4, 6.824667, 0.451691, -1.434194, 0.288376, 0, 0, 0, 2, 2, 0
4, 6.826098, 0.441155, -1.427792, 0.275451, 0, 0, 0, 2, 2, 0
4, 6.828477, 0.454612, -1.403966, 0.283574, 0, 0, 0, 2, 2, 0
4, 6.830255, 0.450248, -1.407307, 0.278225, 0, 0, 0, 2, 2, 0
4, 6.831692, 0.438403, -1.400915, 0.265664, 0, 0, 0, 2, 2, 0
4, 6.834331, 0.451212, -1.377245, 0.275438, 0, 0, 0, 2, 2, 0
4, 6.836156, 0.448504, -1.379613, 0.268688, 0, 0, 0, 2, 2, 0
4, 6.837632, 0.436756, -1.373613, 0.255869, 0, 0, 0, 2, 2, 0
4, 6.840260, 0.450569, -1.348969, 0.266567, 0, 0, 0, 2, 2, 0
4, 6.842082, 0.446565, -1.353779, 0.260038, 0, 0, 0, 2, 2, 0
4, 6.843449, 0.435906, -1.349007, 0.246873, 0, 0, 0, 2, 2, 0
4, 6.846028, 0.448746, -1.323959, 0.257410, 0, 0, 0, 2, 2, 0
4, 6.847919, 0.444020, -1.328042, 0.250300, 0, 0, 0, 2, 2, 0
4, 6.850880, 0.432522, -1.316538, 0.245677, 0, 0, 0, 2, 2, 0
4, 6.853723, 0.444550, -1.301474, 0.239609, 0, 0, 0, 2, 2, 0
4, 6.854658, 0.431862, -1.294998, 0.223132, 0, 0, 0, 2, 2, 0
4, 6.857523, 0.446803, -1.269286, 0.234195, 0, 0, 0, 2, 2, 0
4, 6.859774, 0.442753, -1.273647, 0.227487, 0, 0, 0, 2, 2, 0
4, 6.860744, 0.432415, -1.268377, 0.213102, 0, 0, 0, 2, 2, 0
4, 6.863587, 0.446198, -1.242409, 0.223689, 0, 0, 0, 2, 2, 0
4, 6.866048, 0.440537, -1.247120, 0.216479, 0, 0, 0, 2, 2, 0
4, 6.866870, 0.432348, -1.243867, 0.201953, 0, 0, 0, 2, 2, 0
4, 6.869453, 0.447122, -1.215815, 0.213047, 0, 0, 0, 2, 2, 0
4, 6.871804, 0.440164, -1.221086, 0.205808, 0, 0, 0, 2, 2, 0
4, 6.872602, 0.429178, -1.216071, 0.190494, 0, 0, 0, 2, 2, 0
4, 6.875224, 0.442258, -1.191576, 0.201627, 0, 0, 0, 2, 2, 0
4, 6.877509, 0.437684, -1.196000, 0.193913, 0, 0, 0, 2, 2, 0
4, 6.878513, 0.425566, -1.189507, 0.177691, 0, 0, 0, 2, 2, 0
4, 6.881126, 0.439563, -1.165263, 0.188839, 0, 0, 0, 2, 2, 0
4, 6.883357, 0.436543, -1.168234, 0.181200, 0, 0, 0, 2, 2, 0
4, 6.884368, 0.425434, -1.161267, 0.164325, 0, 0, 0, 2, 2, 0
4, 6.887014, 0.441603, -1.136180, 0.174823, 0, 0, 0, 2, 2, 0
4, 6.889362, 0.435764, -1.143451, 0.168806, 0, 0, 0, 2, 2, 0
4, 6.890313, 0.426631, -1.138609, 0.152874, 0, 0, 0, 2, 2, 0
4, 6.892834, 0.440561, -1.115220, 0.162650, 0, 0, 0, 2, 2, 0
4, 6.895748, 0.447542, -1.092430, 0.152871, 0, 0, 0, 2, 2, 0
4, 6.898612, 0.435614, -1.091126, 0.150325, 0, 0, 0, 2, 2, 0
4, 6.900753, 0.432709, -1.090528, 0.142674, 0, 0, 0, 2, 2, 0
4, 6.901687, 0.424745, -1.085534, 0.128285, 0, 0, 0, 2, 2, 0
4, 6.904457, 0.434210, -1.066447, 0.135392, 0, 0, 0, 2, 2, 0
4, 6.906703, 0.431554, -1.066650, 0.126493, 0, 0, 0, 2, 2, 0
4, 6.907509, 0.421344, -1.061979, 0.113633, 0, 0, 0, 2, 2, 0
4, 6.910658, 0.433850, -1.050632, 0.115535, 0, 0, 0, 2, 2, 0
4, 6.913811, 0.421303, -1.034912, 0.099292, 0, 0, 0, 2, 2, 0
4, 6.916398, 0.434248, -1.012534, 0.111159, 0, 0, 0, 2, 2, 0
4, 6.918943, 0.431131, -1.017032, 0.102080, 0, 0, 0, 2, 2, 0
4, 6.919771, 0.419700, -1.011516, 0.086267, 0, 0, 0, 2, 2, 0
4, 6.922323, 0.429526, -0.992428, 0.097040, 0, 0, 0, 2, 2, 0
4, 6.924917, 0.429330, -0.992542, 0.086583, 0, 0, 0, 2, 2, 0
4, 6.925619, 0.417202, -0.985535, 0.070327, 0, 0, 0, 2, 2, 0
4, 6.928308, 0.429725, -0.964852, 0.081932, 0, 0, 0, 2, 2, 0
4, 6.931215, 0.439809, -0.938603, 0.070370, 0, 0, 0, 2, 2, 0
4, 6.934107, 0.429140, -0.938464, 0.067986, 0, 0, 0, 2, 2, 0
4, 6.936695, 0.426786, -0.943575, 0.057582, 0, 0, 0, 2, 2, 0
4, 6.937311, 0.414936, -0.937771, 0.039808, 0, 0, 0, 2, 2, 0
4, 6.940237, 0.425798, -0.929322, 0.040037, 0, 0, 0, 2, 2, 0
4, 6.943096, 0.411156, -0.911840, 0.024268, 0, 0, 0, 2, 2, 0
4, 6.945815, 0.421526, -0.894028, 0.036629, 0, 0, 0, 2, 2, 0
4, 6.948841, 0.434181, -0.868328, 0.024371, 0, 0, 0, 2, 2, 0
4, 6.951595, 0.438398, -0.849339, 0.033042, 0, 0, 0, 2, 2, 0
4, 6.954080, 0.418950, -0.872146, 0.033603, 0, 0, 0, 2, 2, 0
4, 6.954893, 0.408907, -0.869230, 0.019198, 0, 0, 0, 2, 2, 0
4, 6.957683, 0.433925, -0.828729, 0.044605, 0, 0, 0, 2, 2, 0
4, 6.960079, 0.413734, -0.850808, 0.047819, 0, 0, 0, 2, 2, 0
4, 6.960717, 0.403013, -0.845515, 0.034437, 0, 0, 0, 2, 2, 0
4, 6.963757, 0.425425, -0.810074, 0.056493, 0, 0, 0, 2, 2, 0
4, 6.966658, 0.408449, -0.828446, 0.059003, 0, 0, 0, 2, 2, 0
4, 6.967105, 0.398847, -0.824574, 0.049885, 0, 0, 0, 2, 2, 0
4, 6.969551, 0.404976, -0.813352, 0.062231, 0, 0, 0, 2, 2, 0
4, 6.971937, 0.403447, -0.808692, 0.074574, 0, 0, 0, 2, 2, 0
4, 6.972548, 0.411712, -0.786125, 0.076918, 0, 0, 0, 2, 2, 0
4, 6.975975, 0.416634, -0.767444, 0.085887, 0, 0, 0, 2, 2, 0
4, 6.979084, 0.397089, -0.788416, 0.089387, 0, 0, 0, 2, 2, 0
4, 6.979399, 0.387478, -0.782969, 0.076701, 0, 0, 0, 2, 2, 0
4, 6.982121, 0.414627, -0.745145, 0.099813, 0, 0, 0, 2, 2, 0
4, 6.984870, 0.395962, -0.767657, 0.103890, 0, 0, 0, 2, 2, 0
4, 6.985575, 0.385000, -0.760663, 0.091391, 0, 0, 0, 2, 2, 0
4, 6.988556, 0.392049, -0.749154, 0.103594, 0, 0, 0, 2, 2, 0
4, 6.991410, 0.379270, -0.740263, 0.104728, 0, 0, 0, 2, 2, 0
4, 6.994259, 0.386872, -0.729118, 0.115518, 0, 0, 0, 2, 2, 0
4, 6.996964, 0.373379, -0.718647, 0.114722, 0, 0, 0, 2, 2, 0
4, 6.999639, 0.381331, -0.706081, 0.127959, 0, 0, 0, 2, 2, 0
4, 7.008053, 0.364542, -0.677949, 0.136776, 0, 0, 0, 2, 2, 0
4, 7.011240, 0.371572, -0.666971, 0.148563, 0, 0, 0, 2, 2, 0
4, 7.014368, 0.359855, -0.657004, 0.146616, 0, 0, 0, 2, 2, 0
4, 7.017070, 0.367563, -0.645419, 0.158907, 0, 0, 0, 2, 2, 0
4, 7.019959, 0.354703, -0.636168, 0.160321, 0, 0, 0, 2, 2, 0
4, 7.023050, 0.362454, -0.625846, 0.170046, 0, 0, 0, 2, 2, 0
4, 7.026044, 0.349762, -0.613854, 0.165935, 0, 0, 0, 2, 2, 0
4, 7.034820, 0.354671, -0.583676, 0.190404, 0, 0, 0, 2, 2, 0
4, 7.037607, 0.342260, -0.573761, 0.190323, 0, 0, 0, 2, 2, 0
4, 7.040501, 0.348182, -0.565130, 0.199748, 0, 0, 0, 2, 2, 0
4, 7.043392, 0.334706, -0.553659, 0.198441, 0, 0, 0, 2, 2, 0
4, 7.046491, 0.342201, -0.543011, 0.209988, 0, 0, 0, 2, 2, 0
4, 7.049466, 0.329818, -0.532776, 0.209560, 0, 0, 0, 2, 2, 0
4, 7.052407, 0.337164, -0.523246, 0.219085, 0, 0, 0, 2, 2, 0
4, 7.055569, 0.324512, -0.511323, 0.215945, 0, 0, 0, 2, 2, 0
4, 7.061025, 0.337747, -0.494272, 0.233361, 0, 0, 0, 2, 2, 0
4, 7.066829, 0.313159, -0.471882, 0.229312, 0, 0, 0, 2, 2, 0
4, 7.069819, 0.320186, -0.462638, 0.239268, 0, 0, 0, 2, 2, 0
4, 7.072795, 0.308844, -0.451616, 0.236215, 0, 0, 0, 2, 2, 0
4, 7.075536, 0.316940, -0.442111, 0.245333, 0, 0, 0, 2, 2, 0
4, 7.078438, 0.305189, -0.431345, 0.243582, 0, 0, 0, 2, 2, 0
4, 7.084360, 0.317656, -0.415788, 0.260153, 0, 0, 0, 2, 2, 0
4, 7.090389, 0.294988, -0.394265, 0.255765, 0, 0, 0, 2, 2, 0
4, 7.099264, 0.295533, -0.365136, 0.269056, 0, 0, 0, 2, 2, 0
4, 7.102154, 0.282274, -0.353093, 0.267901, 0, 0, 0, 2, 2, 0
4, 7.111842, 0.287052, -0.322610, 0.282677, 0, 0, 0, 2, 2, 0
4, 7.117736, 0.265095, -0.299602, 0.275453, 0, 0, 0, 2, 2, 0
4, 7.122803, 0.275304, -0.287360, 0.289754, 0, 0, 0, 2, 2, 0
4, 7.125725, 0.261326, -0.273423, 0.286704, 0, 0, 0, 2, 2, 0
4, 7.134955, 0.258160, -0.251480, 0.295821, 0, 0, 0, 2, 2, 0
4, 7.137640, 0.247324, -0.239519, 0.291451, 0, 0, 0, 2, 2, 0
4, 7.143320, 0.262365, -0.225817, 0.302568, 0, 0, 0, 2, 2, 0
4, 7.148937, 0.237707, -0.199359, 0.294531, 0, 0, 0, 2, 2, 0
4, 7.157779, 0.243119, -0.172806, 0.300805, 0, 0, 0, 2, 2, 0
4, 7.160663, 0.230060, -0.159118, 0.297455, 0, 0, 0, 2, 2, 0
4, 7.169799, 0.233067, -0.137143, 0.301075, 0, 0, 0, 2, 2, 0
4, 7.173145, 0.220763, -0.122768, 0.295381, 0, 0, 0, 2, 2, 0
4, 7.181880, 0.220723, -0.095254, 0.301941, 0, 0, 0, 2, 2, 0
4, 7.184894, 0.208248, -0.081946, 0.298737, 0, 0, 0, 2, 2, 0
4, 7.190591, 0.225953, -0.068315, 0.308037, 0, 0, 0, 2, 2, 0
4, 7.196765, 0.205827, -0.043784, 0.297689, 0, 0, 0, 2, 2, 0
4, 7.211697, 0.197293, -0.002346, 0.298773, 0, 0, 0, 2, 2, 0
4, 7.214677, 0.185316, 0.012174, 0.293007, 0, 0, 0, 2, 2, 0
4, 7.223316, 0.186746, 0.037229, 0.294071, 0, 0, 0, 2, 2, 0
4, 7.226110, 0.175820, 0.050700, 0.288585, 0, 0, 0, 2, 2, 0
4, 7.235135, 0.181918, 0.074605, 0.290387, 0, 0, 0, 2, 2, 0
4, 7.238026, 0.170315, 0.088592, 0.285344, 0, 0, 0, 2, 2, 0
4, 7.252769, 0.164607, 0.127477, 0.277364, 0, 0, 0, 2, 2, 0
4, 7.255549, 0.154267, 0.141555, 0.270155, 0, 0, 0, 2, 2, 0
4, 7.276073, 0.141133, 0.199581, 0.256543, 0, 0, 0, 2, 2, 0
4, 7.279031, 0.130055, 0.213818, 0.250579, 0, 0, 0, 2, 2, 0
4, 7.293276, 0.126927, 0.252443, 0.239087, 0, 0, 0, 2, 2, 0
4, 7.296268, 0.116693, 0.267225, 0.230909, 0, 0, 0, 2, 2, 0
4, 7.317035, 0.105781, 0.321913, 0.212751, 0, 0, 0, 2, 2, 0
4, 7.319946, 0.094627, 0.337773, 0.204513, 0, 0, 0, 2, 2, 0
4, 7.335173, 0.094584, 0.376047, 0.188179, 0, 0, 0, 2, 2, 0
4, 7.338621, 0.085371, 0.390599, 0.179069, 0, 0, 0, 2, 2, 0
4, 7.352673, 0.073888, 0.425803, 0.158684, 0, 0, 0, 2, 2, 0
4, 7.355481, 0.068509, 0.436554, 0.149519, 0, 0, 0, 2, 2, 0
4, 7.370100, 0.063086, 0.473356, 0.128628, 0, 0, 0, 2, 2, 0
4, 7.373361, 0.056457, 0.485455, 0.119461, 0, 0, 0, 2, 2, 0
4, 7.382475, 0.068920, 0.489869, 0.115536, 0, 0, 0, 2, 2, 0
5, 8.100170, 0.463307, -3.211405, 0.107620, 0, 0, 0, 2, 2, 0
5, 8.114470, 0.457218, -3.149090, 0.134936, 0, 0, 0, 2, 2, 0
5, 8.117291, 0.526348, -3.022016, 0.177720, 0, 0, 0, 2, 2, 0
5, 8.126453, 0.456659, -3.086955, 0.156854, 0, 0, 0, 2, 2, 0
5, 8.129124, 0.523861, -2.965892, 0.199223, 0, 0, 0, 2, 2, 0
5, 8.144325, 0.462396, -2.987360, 0.193691, 0, 0, 0, 2, 2, 0
5, 8.147363, 0.524718, -2.882477, 0.228378, 0, 0, 0, 2, 2, 0
5, 8.155977, 0.456094, -2.932050, 0.207228, 0, 0, 0, 2, 2, 0
5, 8.158930, 0.520305, -2.826397, 0.244822, 0, 0, 0, 2, 2, 0
5, 8.167696, 0.459021, -2.867394, 0.225626, 0, 0, 0, 2, 2, 0
5, 8.170341, 0.520025, -2.769869, 0.262489, 0, 0, 0, 2, 2, 0
5, 8.179351, 0.456694, -2.809635, 0.242810, 0, 0, 0, 2, 2, 0
5, 8.182052, 0.518361, -2.714580, 0.275801, 0, 0, 0, 2, 2, 0
5, 8.191102, 0.458264, -2.750950, 0.256575, 0, 0, 0, 2, 2, 0
5, 8.193557, 0.521166, -2.651893, 0.292541, 0, 0, 0, 2, 2, 0
5, 8.202735, 0.460823, -2.690801, 0.272244, 0, 0, 0, 2, 2, 0
5, 8.205326, 0.519498, -2.601196, 0.302762, 0, 0, 0, 2, 2, 0
5, 8.214543, 0.464962, -2.627539, 0.286590, 0, 0, 0, 2, 2, 0
5, 8.217505, 0.519484, -2.545301, 0.312783, 0, 0, 0, 2, 2, 0
5, 8.226704, 0.461000, -2.570747, 0.293360, 0, 0, 0, 2, 2, 0
5, 8.229398, 0.517297, -2.487451, 0.325034, 0, 0, 0, 2, 2, 0
5, 8.238140, 0.461456, -2.511463, 0.300916, 0, 0, 0, 2, 2, 0
5, 8.240841, 0.514815, -2.432120, 0.331264, 0, 0, 0, 2, 2, 0
5, 8.249081, 0.488871, -2.448170, 0.341022, 0, 0, 0, 2, 2, 0
5, 8.250183, 0.464024, -2.451262, 0.308230, 0, 0, 0, 2, 2, 0
5, 8.252688, 0.513383, -2.379773, 0.335761, 0, 0, 0, 2, 2, 0
5, 8.254886, 0.488056, -2.418147, 0.346248, 0, 0, 0, 2, 2, 0
5, 8.260590, 0.487420, -2.390710, 0.345503, 0, 0, 0, 2, 2, 0
5, 8.261614, 0.464821, -2.391394, 0.315276, 0, 0, 0, 2, 2, 0
5, 8.264556, 0.510742, -2.325382, 0.339272, 0, 0, 0, 2, 2, 0
5, 8.267222, 0.484713, -2.362998, 0.348743, 0, 0, 0, 2, 2, 0
5, 8.272544, 0.485787, -2.333912, 0.347058, 0, 0, 0, 2, 2, 0
5, 8.273332, 0.465961, -2.335652, 0.318761, 0, 0, 0, 2, 2, 0
5, 8.275949, 0.509469, -2.270633, 0.341738, 0, 0, 0, 2, 2, 0
5, 8.278407, 0.485942, -2.305059, 0.347465, 0, 0, 0, 2, 2, 0
5, 8.285195, 0.489391, -2.276225, 0.345624, 0, 0, 0, 2, 2, 0
5, 8.285985, 0.466674, -2.276034, 0.320672, 0, 0, 0, 2, 2, 0
5, 8.288177, 0.505011, -2.219412, 0.345027, 0, 0, 0, 2, 2, 0
5, 8.290727, 0.487959, -2.249771, 0.349228, 0, 0, 0, 2, 2, 0
5, 8.296729, 0.488277, -2.222210, 0.348093, 0, 0, 0, 2, 2, 0
5, 8.297414, 0.463592, -2.219084, 0.317379, 0, 0, 0, 2, 2, 0
5, 8.299881, 0.506953, -2.161127, 0.340219, 0, 0, 0, 2, 2, 0
5, 8.302531, 0.486423, -2.196079, 0.347724, 0, 0, 0, 2, 2, 0
5, 8.303219, 0.463541, -2.191524, 0.312911, 0, 0, 0, 2, 2, 0
5, 8.305773, 0.515994, -2.125687, 0.335295, 0, 0, 0, 2, 2, 0
5, 8.308509, 0.489048, -2.166201, 0.348432, 0, 0, 0, 2, 2, 0
5, 8.311391, 0.473982, -2.153003, 0.345029, 0, 0, 0, 2, 2, 0
5, 8.314099, 0.486568, -2.137745, 0.342735, 0, 0, 0, 2, 2, 0
5, 8.314728, 0.468354, -2.135440, 0.316069, 0, 0, 0, 2, 2, 0
5, 8.317397, 0.508165, -2.078755, 0.335281, 0, 0, 0, 2, 2, 0
5, 8.320043, 0.484267, -2.110486, 0.342790, 0, 0, 0, 2, 2, 0
5, 8.322992, 0.471864, -2.098632, 0.341080, 0, 0, 0, 2, 2, 0
5, 8.325867, 0.485545, -2.082918, 0.337579, 0, 0, 0, 2, 2, 0
5, 8.326462, 0.469261, -2.080981, 0.313235, 0, 0, 0, 2, 2, 0
5, 8.329125, 0.504383, -2.029470, 0.330496, 0, 0, 0, 2, 2, 0
5, 8.331661, 0.486757, -2.055075, 0.332773, 0, 0, 0, 2, 2, 0
5, 8.332363, 0.467828, -2.051326, 0.309351, 0, 0, 0, 2, 2, 0
5, 8.334963, 0.502846, -2.001255, 0.328489, 0, 0, 0, 2, 2, 0
5, 8.337323, 0.485923, -2.028944, 0.330760, 0, 0, 0, 2, 2, 0
5, 8.338074, 0.467623, -2.025138, 0.303824, 0, 0, 0, 2, 2, 0
5, 8.340869, 0.505637, -1.973305, 0.321841, 0, 0, 0, 2, 2, 0
5, 8.343343, 0.485445, -2.002504, 0.327892, 0, 0, 0, 2, 2, 0
5, 8.346364, 0.473459, -1.990512, 0.326550, 0, 0, 0, 2, 2, 0
5, 8.349583, 0.484088, -1.976079, 0.325604, 0, 0, 0, 2, 2, 0
5, 8.350481, 0.463872, -1.969216, 0.299413, 0, 0, 0, 2, 2, 0
5, 8.353220, 0.498867, -1.923400, 0.315831, 0, 0, 0, 2, 2, 0
5, 8.355849, 0.485039, -1.948812, 0.317696, 0, 0, 0, 2, 2, 0
5, 8.356900, 0.465018, -1.942631, 0.292216, 0, 0, 0, 2, 2, 0
5, 8.359174, 0.500096, -1.894759, 0.310104, 0, 0, 0, 2, 2, 0
5, 8.361336, 0.485555, -1.919785, 0.311978, 0, 0, 0, 2, 2, 0
5, 8.364501, 0.473113, -1.907188, 0.310449, 0, 0, 0, 2, 2, 0
5, 8.367459, 0.483593, -1.892629, 0.309493, 0, 0, 0, 2, 2, 0
5, 8.368241, 0.461877, -1.886118, 0.287915, 0, 0, 0, 2, 2, 0
5, 8.370800, 0.489951, -1.848233, 0.306345, 0, 0, 0, 2, 2, 0
5, 8.373360, 0.484499, -1.866556, 0.304260, 0, 0, 0, 2, 2, 0
5, 8.374127, 0.461975, -1.858462, 0.282728, 0, 0, 0, 2, 2, 0
5, 8.376537, 0.487792, -1.823396, 0.299614, 0, 0, 0, 2, 2, 0
5, 8.379044, 0.481199, -1.841443, 0.298171, 0, 0, 0, 2, 2, 0
5, 8.380064, 0.461426, -1.833531, 0.275260, 0, 0, 0, 2, 2, 0
5, 8.383214, 0.473769, -1.817909, 0.278416, 0, 0, 0, 2, 2, 0
5, 8.385789, 0.482025, -1.815932, 0.290832, 0, 0, 0, 2, 2, 0
5, 8.388621, 0.493586, -1.801589, 0.287866, 0, 0, 0, 2, 2, 0
5, 8.391472, 0.480787, -1.789452, 0.284159, 0, 0, 0, 2, 2, 0
5, 8.391916, 0.493382, -1.757541, 0.278349, 0, 0, 0, 2, 2, 0
5, 8.394485, 0.490932, -1.745418, 0.278442, 0, 0, 0, 2, 2, 0
5, 8.396777, 0.481402, -1.761453, 0.275881, 0, 0, 0, 2, 2, 0
5, 8.399917, 0.468372, -1.749368, 0.271600, 0, 0, 0, 2, 2, 0
5, 8.402998, 0.480508, -1.734111, 0.268085, 0, 0, 0, 2, 2, 0
5, 8.403454, 0.468088, -1.730071, 0.249667, 0, 0, 0, 2, 2, 0
5, 8.406246, 0.478133, -1.717441, 0.252646, 0, 0, 0, 2, 2, 0
5, 8.408680, 0.478674, -1.711041, 0.261333, 0, 0, 0, 2, 2, 0
5, 8.409025, 0.489020, -1.681985, 0.257420, 0, 0, 0, 2, 2, 0
5, 8.411953, 0.476154, -1.690694, 0.246174, 0, 0, 0, 2, 2, 0
5, 8.414630, 0.478716, -1.684755, 0.251822, 0, 0, 0, 2, 2, 0
5, 8.415061, 0.492602, -1.650826, 0.244471, 0, 0, 0, 2, 2, 0
5, 8.417876, 0.474910, -1.661992, 0.233989, 0, 0, 0, 2, 2, 0
5, 8.420439, 0.479374, -1.658751, 0.244410, 0, 0, 0, 2, 2, 0
5, 8.423427, 0.491485, -1.644853, 0.239086, 0, 0, 0, 2, 2, 0
5, 8.426296, 0.478423, -1.633075, 0.233162, 0, 0, 0, 2, 2, 0
5, 8.426637, 0.486581, -1.605675, 0.230302, 0, 0, 0, 2, 2, 0
5, 8.429484, 0.482970, -1.596077, 0.230288, 0, 0, 0, 2, 2, 0
5, 8.432093, 0.476393, -1.608052, 0.227365, 0, 0, 0, 2, 2, 0
5, 8.432575, 0.461511, -1.600598, 0.208507, 0, 0, 0, 2, 2, 0
5, 8.435339, 0.483227, -1.568232, 0.220813, 0, 0, 0, 2, 2, 0
5, 8.437829, 0.474745, -1.581563, 0.217413, 0, 0, 0, 2, 2, 0
5, 8.438338, 0.463725, -1.577106, 0.198419, 0, 0, 0, 2, 2, 0
5, 8.441424, 0.475603, -1.563639, 0.200929, 0, 0, 0, 2, 2, 0
5, 8.444170, 0.474791, -1.556688, 0.207490, 0, 0, 0, 2, 2, 0
5, 8.444532, 0.491789, -1.523654, 0.200325, 0, 0, 0, 2, 2, 0
5, 8.447124, 0.484591, -1.518306, 0.198580, 0, 0, 0, 2, 2, 0
5, 8.449641, 0.473620, -1.531163, 0.196128, 0, 0, 0, 2, 2, 0
5, 8.450197, 0.461353, -1.525230, 0.177292, 0, 0, 0, 2, 2, 0
5, 8.452865, 0.482463, -1.493884, 0.188777, 0, 0, 0, 2, 2, 0
5, 8.455470, 0.473624, -1.506737, 0.185344, 0, 0, 0, 2, 2, 0
5, 8.456141, 0.461550, -1.501271, 0.166530, 0, 0, 0, 2, 2, 0
5, 8.458620, 0.482248, -1.469598, 0.178469, 0, 0, 0, 2, 2, 0
5, 8.461486, 0.474518, -1.480108, 0.174601, 0, 0, 0, 2, 2, 0
5, 8.462426, 0.462259, -1.474183, 0.156971, 0, 0, 0, 2, 2, 0
5, 8.465488, 0.472542, -1.463227, 0.158784, 0, 0, 0, 2, 2, 0
5, 8.468549, 0.461438, -1.451879, 0.145843, 0, 0, 0, 2, 2, 0
5, 8.470628, 0.479131, -1.422912, 0.156691, 0, 0, 0, 2, 2, 0
5, 8.473338, 0.485202, -1.402955, 0.146335, 0, 0, 0, 2, 2, 0
5, 8.474175, 0.459211, -1.427781, 0.133751, 0, 0, 0, 2, 2, 0
5, 8.476433, 0.459432, -1.423117, 0.145839, 0, 0, 0, 2, 2, 0
5, 8.478950, 0.468373, -1.411901, 0.141502, 0, 0, 0, 2, 2, 0
5, 8.479490, 0.457603, -1.405759, 0.122619, 0, 0, 0, 2, 2, 0
5, 8.482094, 0.474928, -1.378028, 0.131786, 0, 0, 0, 2, 2, 0
5, 8.484760, 0.470480, -1.380698, 0.127290, 0, 0, 0, 2, 2, 0
5, 8.485380, 0.461059, -1.373973, 0.111357, 0, 0, 0, 2, 2, 0
5, 8.488217, 0.473742, -1.352747, 0.117318, 0, 0, 0, 2, 2, 0
5, 8.491099, 0.467121, -1.360519, 0.111211, 0, 0, 0, 2, 2, 0
5, 8.491755, 0.457331, -1.356477, 0.094123, 0, 0, 0, 2, 2, 0
5, 8.494436, 0.475041, -1.327573, 0.105960, 0, 0, 0, 2, 2, 0
5, 8.497493, 0.469221, -1.334823, 0.099757, 0, 0, 0, 2, 2, 0
5, 8.498377, 0.459025, -1.330782, 0.084094, 0, 0, 0, 2, 2, 0
5, 8.501270, 0.473274, -1.305037, 0.095415, 0, 0, 0, 2, 2, 0
5, 8.504363, 0.480740, -1.284536, 0.084904, 0, 0, 0, 2, 2, 0
5, 8.504809, 0.457449, -1.308799, 0.071404, 0, 0, 0, 2, 2, 0
5, 8.506516, 0.455187, -1.301002, 0.080728, 0, 0, 0, 2, 2, 0
5, 8.509325, 0.468565, -1.285075, 0.072116, 0, 0, 0, 2, 2, 0
5, 8.510548, 0.457949, -1.281126, 0.055808, 0, 0, 0, 2, 2, 0
5, 8.512805, 0.473501, -1.253566, 0.068877, 0, 0, 0, 2, 2, 0
5, 8.515463, 0.467630, -1.262565, 0.060107, 0, 0, 0, 2, 2, 0
5, 8.516187, 0.456327, -1.259141, 0.041627, 0, 0, 0, 2, 2, 0
5, 8.518525, 0.468648, -1.238009, 0.052321, 0, 0, 0, 2, 2, 0
5, 8.521495, 0.477645, -1.216208, 0.041005, 0, 0, 0, 2, 2, 0
5, 8.524197, 0.467960, -1.215732, 0.038170, 0, 0, 0, 2, 2, 0
5, 8.526262, 0.464508, -1.220499, 0.031211, 0, 0, 0, 2, 2, 0
5, 8.527010, 0.454560, -1.215238, 0.014527, 0, 0, 0, 2, 2, 0
5, 8.529646, 0.468683, -1.190307, 0.025299, 0, 0, 0, 2, 2, 0
5, 8.531752, 0.463998, -1.195374, 0.017290, 0, 0, 0, 2, 2, 0
5, 8.532547, 0.452872, -1.190909, 0.001449, 0, 0, 0, 2, 2, 0
5, 8.535475, 0.480267, -1.150299, 0.023605, 0, 0, 0, 2, 2, 0
5, 8.537896, 0.461818, -1.174421, 0.026658, 0, 0, 0, 2, 2, 0
5, 8.538863, 0.448856, -1.169729, 0.012842, 0, 0, 0, 2, 2, 0
5, 8.541552, 0.476585, -1.128107, 0.038103, 0, 0, 0, 2, 2, 0
5, 8.543801, 0.457939, -1.153057, 0.042527, 0, 0, 0, 2, 2, 0
5, 8.546627, 0.452266, -1.142729, 0.048276, 0, 0, 0, 2, 2, 0
5, 8.549588, 0.454952, -1.131364, 0.055163, 0, 0, 0, 2, 2, 0
5, 8.550329, 0.442512, -1.125963, 0.042600, 0, 0, 0, 2, 2, 0
5, 8.552975, 0.466989, -1.089669, 0.064732, 0, 0, 0, 2, 2, 0
5, 8.555557, 0.449835, -1.112923, 0.068680, 0, 0, 0, 2, 2, 0
5, 8.558426, 0.443381, -1.101697, 0.074494, 0, 0, 0, 2, 2, 0
5, 8.561226, 0.445698, -1.091822, 0.080635, 0, 0, 0, 2, 2, 0
5, 8.561958, 0.436148, -1.089284, 0.068742, 0, 0, 0, 2, 2, 0
5, 8.564764, 0.462141, -1.046754, 0.092938, 0, 0, 0, 2, 2, 0
5, 8.567301, 0.442092, -1.069479, 0.095661, 0, 0, 0, 2, 2, 0
5, 8.567962, 0.432879, -1.067221, 0.084387, 0, 0, 0, 2, 2, 0
5, 8.570425, 0.454899, -1.032389, 0.105162, 0, 0, 0, 2, 2, 0
5, 8.572891, 0.440762, -1.050508, 0.104987, 0, 0, 0, 2, 2, 0
5, 8.575768, 0.433824, -1.039737, 0.108925, 0, 0, 0, 2, 2, 0
5, 8.578656, 0.431434, -1.034286, 0.120464, 0, 0, 0, 2, 2, 0
5, 8.579564, 0.421937, -1.029108, 0.109416, 0, 0, 0, 2, 2, 0
5, 8.582203, 0.444772, -0.994721, 0.128303, 0, 0, 0, 2, 2, 0
5, 8.584610, 0.430938, -1.011472, 0.128406, 0, 0, 0, 2, 2, 0
5, 8.587409, 0.424810, -1.001227, 0.133796, 0, 0, 0, 2, 2, 0
5, 8.590180, 0.425484, -0.993933, 0.140920, 0, 0, 0, 2, 2, 0
5, 8.591121, 0.415748, -0.989719, 0.127812, 0, 0, 0, 2, 2, 0
5, 8.594053, 0.441200, -0.951165, 0.149241, 0, 0, 0, 2, 2, 0
5, 8.596385, 0.421812, -0.973441, 0.153164, 0, 0, 0, 2, 2, 0
5, 8.599271, 0.416461, -0.964254, 0.158679, 0, 0, 0, 2, 2, 0
5, 8.602204, 0.419802, -0.954642, 0.162787, 0, 0, 0, 2, 2, 0
5, 8.602976, 0.409974, -0.950859, 0.150577, 0, 0, 0, 2, 2, 0
5, 8.605805, 0.432942, -0.913264, 0.172158, 0, 0, 0, 2, 2, 0
5, 8.608057, 0.415196, -0.932538, 0.173282, 0, 0, 0, 2, 2, 0
5, 8.611109, 0.408370, -0.922702, 0.175980, 0, 0, 0, 2, 2, 0
5, 8.614479, 0.411367, -0.913570, 0.180402, 0, 0, 0, 2, 2, 0
5, 8.615017, 0.402485, -0.910371, 0.169996, 0, 0, 0, 2, 2, 0
5, 8.617537, 0.425704, -0.869956, 0.193081, 0, 0, 0, 2, 2, 0
5, 8.620164, 0.405248, -0.892621, 0.191450, 0, 0, 0, 2, 2, 0
5, 8.620799, 0.396874, -0.892067, 0.178399, 0, 0, 0, 2, 2, 0
5, 8.629502, 0.400151, -0.859017, 0.200324, 0, 0, 0, 2, 2, 0
5, 8.632454, 0.389078, -0.850635, 0.199777, 0, 0, 0, 2, 2, 0
5, 8.638385, 0.401884, -0.831736, 0.216419, 0, 0, 0, 2, 2, 0
5, 8.644422, 0.380320, -0.813225, 0.211232, 0, 0, 0, 2, 2, 0
5, 8.647131, 0.387978, -0.802318, 0.220700, 0, 0, 0, 2, 2, 0
5, 8.653061, 0.365709, -0.783429, 0.216171, 0, 0, 0, 2, 2, 0
5, 8.659237, 0.379486, -0.763379, 0.234512, 0, 0, 0, 2, 2, 0
5, 8.667969, 0.366436, -0.735563, 0.238716, 0, 0, 0, 2, 2, 0
5, 8.673951, 0.379770, -0.718257, 0.252989, 0, 0, 0, 2, 2, 0
5, 8.679777, 0.358076, -0.699710, 0.249580, 0, 0, 0, 2, 2, 0
5, 8.688982, 0.360213, -0.669949, 0.262362, 0, 0, 0, 2, 2, 0
5, 8.695168, 0.337304, -0.648936, 0.256451, 0, 0, 0, 2, 2, 0
5, 8.700607, 0.350678, -0.632366, 0.270267, 0, 0, 0, 2, 2, 0
5, 8.706397, 0.329794, -0.612436, 0.263778, 0, 0, 0, 2, 2, 0
5, 8.712483, 0.343781, -0.595805, 0.277298, 0, 0, 0, 2, 2, 0
5, 8.718235, 0.324115, -0.576330, 0.270210, 0, 0, 0, 2, 2, 0
5, 8.724262, 0.336785, -0.561751, 0.281891, 0, 0, 0, 2, 2, 0
5, 8.727597, 0.324871, -0.550893, 0.279721, 0, 0, 0, 2, 2, 0
5, 8.736041, 0.328730, -0.524283, 0.288439, 0, 0, 0, 2, 2, 0
5, 8.739095, 0.316963, -0.511998, 0.283453, 0, 0, 0, 2, 2, 0
5, 8.745030, 0.327171, -0.498707, 0.296958, 0, 0, 0, 2, 2, 0
5, 8.750607, 0.307042, -0.477360, 0.288132, 0, 0, 0, 2, 2, 0
5, 8.759565, 0.309152, -0.452028, 0.289428, 0, 0, 0, 2, 2, 0
5, 8.765413, 0.289998, -0.430257, 0.278543, 0, 0, 0, 2, 2, 0
5, 8.770946, 0.302669, -0.417089, 0.289107, 0, 0, 0, 2, 2, 0
5, 8.776730, 0.281105, -0.393224, 0.278530, 0, 0, 0, 2, 2, 0
5, 8.782554, 0.293961, -0.381205, 0.286612, 0, 0, 0, 2, 2, 0
5, 8.785643, 0.282340, -0.368825, 0.282052, 0, 0, 0, 2, 2, 0
5, 8.794594, 0.284502, -0.341383, 0.285196, 0, 0, 0, 2, 2, 0
5, 8.800596, 0.268054, -0.321639, 0.274811, 0, 0, 0, 2, 2, 0
5, 8.806251, 0.280183, -0.311043, 0.281507, 0, 0, 0, 2, 2, 0
5, 8.811834, 0.255205, -0.282628, 0.269122, 0, 0, 0, 2, 2, 0
5, 8.823984, 0.261330, -0.258283, 0.271366, 0, 0, 0, 2, 2, 0
5, 8.827052, 0.252085, -0.246786, 0.265127, 0, 0, 0, 2, 2, 0
5, 8.839235, 0.254867, -0.219063, 0.263339, 0, 0, 0, 2, 2, 0
5, 8.844970, 0.236108, -0.194090, 0.248010, 0, 0, 0, 2, 2, 0
5, 8.853768, 0.243305, -0.171828, 0.244075, 0, 0, 0, 2, 2, 0
5, 8.856658, 0.232351, -0.157098, 0.235057, 0, 0, 0, 2, 2, 0
5, 8.871983, 0.231964, -0.120911, 0.226005, 0, 0, 0, 2, 2, 0
5, 8.874766, 0.220872, -0.106220, 0.217520, 0, 0, 0, 2, 2, 0
5, 8.888525, 0.218387, -0.067275, 0.202446, 0, 0, 0, 2, 2, 0
5, 8.891526, 0.209035, -0.054701, 0.195138, 0, 0, 0, 2, 2, 0
5, 8.900850, 0.225196, -0.044604, 0.197938, 0, 0, 0, 2, 2, 0
5, 8.909733, 0.198187, -0.006247, 0.173642, 0, 0, 0, 2, 2, 0
5, 8.926883, 0.202072, 0.031486, 0.153383, 0, 0, 0, 2, 2, 0
5, 8.932826, 0.183113, 0.060017, 0.133906, 0, 0, 0, 2, 2, 0
5, 8.948086, 0.179492, 0.095026, 0.113040, 0, 0, 0, 2, 2, 0
5, 8.950956, 0.170539, 0.110317, 0.100854, 0, 0, 0, 2, 2, 0
5, 8.959636, 0.174773, 0.128854, 0.090013, 0, 0, 0, 2, 2, 0
5, 8.962592, 0.167218, 0.141738, 0.079908, 0, 0, 0, 2, 2, 0
5, 8.977487, 0.165955, 0.176717, 0.055417, 0, 0, 0, 2, 2, 0
5, 8.980331, 0.157506, 0.189848, 0.046446, 0, 0, 0, 2, 2, 0
5, 8.994749, 0.154156, 0.224116, 0.018538, 0, 0, 0, 2, 2, 0
5, 9.000696, 0.136937, 0.250117, 0.001724, 0, 0, 0, 2, 2, 0
5, 9.006689, 0.148278, 0.258547, 0.012762, 0, 0, 0, 2, 2, 0
5, 9.009760, 0.135507, 0.271074, 0.011697, 0, 0, 0, 2, 2, 0
5, 9.019074, 0.136037, 0.292198, 0.032384, 0, 0, 0, 2, 2, 0
5, 9.024976, 0.116367, 0.312166, 0.030133, 0, 0, 0, 2, 2, 0
5, 9.030524, 0.126981, 0.323258, 0.053389, 0, 0, 0, 2, 2, 0
5, 9.033538, 0.114815, 0.333134, 0.056136, 0, 0, 0, 2, 2, 0
5, 9.042156, 0.119431, 0.356740, 0.079388, 0, 0, 0, 2, 2, 0
5, 9.044953, 0.110429, 0.364724, 0.080559, 0, 0, 0, 2, 2, 0
5, 9.053820, 0.111321, 0.386393, 0.097761, 0, 0, 0, 2, 2, 0
5, 9.059840, 0.090662, 0.408248, 0.095119, 0, 0, 0, 2, 2, 0
5, 9.065779, 0.103172, 0.417828, 0.112036, 0, 0, 0, 2, 2, 0
5, 9.068521, 0.091663, 0.429842, 0.110975, 0, 0, 0, 2, 2, 0
5, 9.078062, 0.094911, 0.446804, 0.133423, 0, 0, 0, 2, 2, 0
5, 9.080959, 0.085376, 0.457672, 0.131265, 0, 0, 0, 2, 2, 0
5, 9.089649, 0.088046, 0.478134, 0.147868, 0, 0, 0, 2, 2, 0
6, 9.716118, 0.451667, -3.221476, 0.104424, 0, 0, 0, 2, 2, 0
6, 9.718919, 0.524138, -3.093823, 0.146277, 0, 0, 0, 2, 2, 0
6, 9.728324, 0.457530, -3.168876, 0.128249, 0, 0, 0, 2, 2, 0
6, 9.731174, 0.525056, -3.043486, 0.170743, 0, 0, 0, 2, 2, 0
6, 9.739378, 0.456733, -3.111122, 0.148711, 0, 0, 0, 2, 2, 0
6, 9.742123, 0.523640, -2.992836, 0.192233, 0, 0, 0, 2, 2, 0
6, 9.750995, 0.455511, -3.056693, 0.169994, 0, 0, 0, 2, 2, 0
6, 9.753739, 0.523564, -2.940268, 0.211115, 0, 0, 0, 2, 2, 0
6, 9.762702, 0.513238, -2.919787, 0.221769, 0, 0, 0, 2, 2, 0
6, 9.765465, 0.524572, -2.890402, 0.227808, 0, 0, 0, 2, 2, 0
6, 9.774462, 0.456363, -2.948198, 0.204380, 0, 0, 0, 2, 2, 0
6, 9.777161, 0.521382, -2.839473, 0.242811, 0, 0, 0, 2, 2, 0
6, 9.786413, 0.455114, -2.889979, 0.222525, 0, 0, 0, 2, 2, 0
6, 9.788755, 0.514204, -2.797262, 0.256896, 0, 0, 0, 2, 2, 0
6, 9.797967, 0.506078, -2.770370, 0.264349, 0, 0, 0, 2, 2, 0
6, 9.798752, 0.453142, -2.840725, 0.234550, 0, 0, 0, 2, 2, 0
6, 9.810259, 0.455664, -2.788092, 0.248284, 0, 0, 0, 2, 2, 0
6, 9.813169, 0.467190, -2.763898, 0.258078, 0, 0, 0, 2, 2, 0
6, 9.822152, 0.453082, -2.732690, 0.258744, 0, 0, 0, 2, 2, 0
6, 9.824840, 0.513831, -2.641050, 0.291847, 0, 0, 0, 2, 2, 0
6, 9.833213, 0.503686, -2.619467, 0.297504, 0, 0, 0, 2, 2, 0
6, 9.836178, 0.512047, -2.595252, 0.301489, 0, 0, 0, 2, 2, 0
6, 9.845225, 0.462052, -2.623540, 0.283559, 0, 0, 0, 2, 2, 0
6, 9.847978, 0.511958, -2.547661, 0.307950, 0, 0, 0, 2, 2, 0
6, 9.850357, 0.480177, -2.589120, 0.319187, 0, 0, 0, 2, 2, 0
6, 9.856258, 0.480457, -2.566650, 0.320121, 0, 0, 0, 2, 2, 0
6, 9.857000, 0.457794, -2.573081, 0.286469, 0, 0, 0, 2, 2, 0
6, 9.859732, 0.507844, -2.498971, 0.313006, 0, 0, 0, 2, 2, 0
6, 9.869086, 0.455314, -2.520728, 0.290240, 0, 0, 0, 2, 2, 0
6, 9.871961, 0.508192, -2.445037, 0.319833, 0, 0, 0, 2, 2, 0
6, 9.879723, 0.481521, -2.463747, 0.329549, 0, 0, 0, 2, 2, 0
6, 9.880522, 0.457479, -2.468180, 0.294611, 0, 0, 0, 2, 2, 0
6, 9.883452, 0.508463, -2.397748, 0.321809, 0, 0, 0, 2, 2, 0
6, 9.885828, 0.483731, -2.438941, 0.332378, 0, 0, 0, 2, 2, 0
6, 9.891692, 0.481146, -2.412854, 0.329419, 0, 0, 0, 2, 2, 0
6, 9.892404, 0.458581, -2.416020, 0.297488, 0, 0, 0, 2, 2, 0
6, 9.895398, 0.503743, -2.349428, 0.321562, 0, 0, 0, 2, 2, 0
6, 9.897903, 0.479847, -2.384958, 0.329196, 0, 0, 0, 2, 2, 0
6, 9.903821, 0.482623, -2.358782, 0.330724, 0, 0, 0, 2, 2, 0
6, 9.904375, 0.462929, -2.359454, 0.299879, 0, 0, 0, 2, 2, 0
6, 9.906996, 0.507230, -2.298571, 0.320318, 0, 0, 0, 2, 2, 0
6, 9.909398, 0.483155, -2.335330, 0.328216, 0, 0, 0, 2, 2, 0
6, 9.915363, 0.482512, -2.309194, 0.326767, 0, 0, 0, 2, 2, 0
6, 9.916005, 0.461848, -2.310021, 0.296392, 0, 0, 0, 2, 2, 0
6, 9.918611, 0.504650, -2.249866, 0.317956, 0, 0, 0, 2, 2, 0
6, 9.921401, 0.480527, -2.286018, 0.325715, 0, 0, 0, 2, 2, 0
6, 9.922209, 0.455873, -2.283724, 0.292036, 0, 0, 0, 2, 2, 0
6, 9.924918, 0.502285, -2.223378, 0.314550, 0, 0, 0, 2, 2, 0
6, 9.927400, 0.479628, -2.260978, 0.324202, 0, 0, 0, 2, 2, 0
6, 9.930199, 0.468672, -2.250505, 0.322935, 0, 0, 0, 2, 2, 0
6, 9.933313, 0.480827, -2.234740, 0.321601, 0, 0, 0, 2, 2, 0
6, 9.934128, 0.458303, -2.231065, 0.290015, 0, 0, 0, 2, 2, 0
6, 9.937014, 0.468216, -2.215230, 0.295016, 0, 0, 0, 2, 2, 0
6, 9.939517, 0.479582, -2.212520, 0.319209, 0, 0, 0, 2, 2, 0
6, 9.945246, 0.479197, -2.185203, 0.315916, 0, 0, 0, 2, 2, 0
6, 9.945854, 0.457115, -2.182417, 0.288855, 0, 0, 0, 2, 2, 0
6, 9.948990, 0.469061, -2.164531, 0.293676, 0, 0, 0, 2, 2, 0
6, 9.951912, 0.480229, -2.160972, 0.311528, 0, 0, 0, 2, 2, 0
6, 9.957562, 0.480203, -2.135544, 0.310227, 0, 0, 0, 2, 2, 0
6, 9.958215, 0.457364, -2.132145, 0.282596, 0, 0, 0, 2, 2, 0
6, 9.960824, 0.494890, -2.082709, 0.303622, 0, 0, 0, 2, 2, 0
6, 9.963052, 0.480019, -2.113597, 0.306914, 0, 0, 0, 2, 2, 0
6, 9.966102, 0.465891, -2.101621, 0.302744, 0, 0, 0, 2, 2, 0
6, 9.969342, 0.476704, -2.088337, 0.300438, 0, 0, 0, 2, 2, 0
6, 9.969944, 0.457050, -2.086221, 0.274443, 0, 0, 0, 2, 2, 0
6, 9.972234, 0.492468, -2.037064, 0.294082, 0, 0, 0, 2, 2, 0
6, 9.974791, 0.477850, -2.063562, 0.296821, 0, 0, 0, 2, 2, 0
6, 9.977649, 0.466307, -2.053272, 0.293814, 0, 0, 0, 2, 2, 0
6, 9.980595, 0.478995, -2.038467, 0.290240, 0, 0, 0, 2, 2, 0
6, 9.981378, 0.459686, -2.033991, 0.265521, 0, 0, 0, 2, 2, 0
6, 9.983972, 0.492695, -1.989027, 0.282822, 0, 0, 0, 2, 2, 0
6, 9.991768, 0.478031, -1.989628, 0.279885, 0, 0, 0, 2, 2, 0
6, 9.992438, 0.457121, -1.984555, 0.253654, 0, 0, 0, 2, 2, 0
6, 9.995359, 0.468096, -1.968517, 0.258698, 0, 0, 0, 2, 2, 0
6, 9.997778, 0.477467, -1.967108, 0.274426, 0, 0, 0, 2, 2, 0
6, 10.000600, 0.490069, -1.953682, 0.269387, 0, 0, 0, 2, 2, 0
6, 10.003532, 0.478580, -1.943273, 0.265878, 0, 0, 0, 2, 2, 0
6, 10.004143, 0.489655, -1.910450, 0.259255, 0, 0, 0, 2, 2, 0
6, 10.006888, 0.489666, -1.895511, 0.260232, 0, 0, 0, 2, 2, 0
6, 10.009399, 0.477302, -1.920143, 0.258782, 0, 0, 0, 2, 2, 0
6, 10.010130, 0.455288, -1.915287, 0.234380, 0, 0, 0, 2, 2, 0
6, 10.012933, 0.467323, -1.898681, 0.239127, 0, 0, 0, 2, 2, 0
6, 10.015315, 0.475997, -1.895208, 0.250680, 0, 0, 0, 2, 2, 0
6, 10.020683, 0.475595, -1.872079, 0.242305, 0, 0, 0, 2, 2, 0
6, 10.021637, 0.459652, -1.871093, 0.225695, 0, 0, 0, 2, 2, 0
6, 10.024664, 0.471130, -1.856457, 0.228918, 0, 0, 0, 2, 2, 0
6, 10.027720, 0.459516, -1.845172, 0.210507, 0, 0, 0, 2, 2, 0
6, 10.030428, 0.487799, -1.804443, 0.226268, 0, 0, 0, 2, 2, 0
6, 10.032406, 0.474584, -1.826005, 0.226089, 0, 0, 0, 2, 2, 0
6, 10.033135, 0.457700, -1.821032, 0.203414, 0, 0, 0, 2, 2, 0
6, 10.035996, 0.485688, -1.781493, 0.219184, 0, 0, 0, 2, 2, 0
6, 10.038602, 0.474846, -1.802069, 0.217228, 0, 0, 0, 2, 2, 0
6, 10.041477, 0.463541, -1.791759, 0.213135, 0, 0, 0, 2, 2, 0
6, 10.044347, 0.474772, -1.779032, 0.208175, 0, 0, 0, 2, 2, 0
6, 10.045422, 0.460036, -1.776006, 0.185197, 0, 0, 0, 2, 2, 0
6, 10.048129, 0.487059, -1.734421, 0.200827, 0, 0, 0, 2, 2, 0
6, 10.050763, 0.472710, -1.755899, 0.198608, 0, 0, 0, 2, 2, 0
6, 10.053607, 0.461683, -1.746345, 0.193567, 0, 0, 0, 2, 2, 0
6, 10.056151, 0.474282, -1.731594, 0.188132, 0, 0, 0, 2, 2, 0
6, 10.057119, 0.458308, -1.727482, 0.167393, 0, 0, 0, 2, 2, 0
6, 10.059689, 0.480669, -1.694015, 0.182222, 0, 0, 0, 2, 2, 0
6, 10.061863, 0.473919, -1.709606, 0.177024, 0, 0, 0, 2, 2, 0
6, 10.062743, 0.458793, -1.705888, 0.156621, 0, 0, 0, 2, 2, 0
6, 10.065463, 0.482499, -1.670562, 0.172262, 0, 0, 0, 2, 2, 0
6, 10.067879, 0.472937, -1.688204, 0.169395, 0, 0, 0, 2, 2, 0
6, 10.068906, 0.456752, -1.682859, 0.147950, 0, 0, 0, 2, 2, 0
6, 10.071537, 0.479349, -1.648478, 0.162381, 0, 0, 0, 2, 2, 0
6, 10.073788, 0.471866, -1.663516, 0.156948, 0, 0, 0, 2, 2, 0
6, 10.074723, 0.456441, -1.659457, 0.136791, 0, 0, 0, 2, 2, 0
6, 10.077332, 0.477949, -1.627447, 0.151765, 0, 0, 0, 2, 2, 0
6, 10.079661, 0.471954, -1.642887, 0.145599, 0, 0, 0, 2, 2, 0
6, 10.080601, 0.456218, -1.638348, 0.123325, 0, 0, 0, 2, 2, 0
6, 10.083167, 0.479999, -1.603410, 0.138771, 0, 0, 0, 2, 2, 0
6, 10.085426, 0.471123, -1.620716, 0.134692, 0, 0, 0, 2, 2, 0
6, 10.086723, 0.457003, -1.616859, 0.113620, 0, 0, 0, 2, 2, 0
6, 10.089443, 0.478347, -1.583029, 0.127797, 0, 0, 0, 2, 2, 0
6, 10.091394, 0.470467, -1.597286, 0.121632, 0, 0, 0, 2, 2, 0
6, 10.092597, 0.456049, -1.593663, 0.101364, 0, 0, 0, 2, 2, 0
6, 10.095384, 0.479047, -1.557063, 0.117979, 0, 0, 0, 2, 2, 0
6, 10.097388, 0.469795, -1.574528, 0.111368, 0, 0, 0, 2, 2, 0
6, 10.098537, 0.455424, -1.572103, 0.089793, 0, 0, 0, 2, 2, 0
6, 10.101291, 0.474220, -1.542307, 0.104047, 0, 0, 0, 2, 2, 0
6, 10.103671, 0.468439, -1.554110, 0.098639, 0, 0, 0, 2, 2, 0
6, 10.104629, 0.455914, -1.549310, 0.077865, 0, 0, 0, 2, 2, 0
6, 10.107008, 0.478264, -1.516382, 0.090951, 0, 0, 0, 2, 2, 0
6, 10.109545, 0.469117, -1.530538, 0.087802, 0, 0, 0, 2, 2, 0
6, 10.110216, 0.455071, -1.524646, 0.067538, 0, 0, 0, 2, 2, 0
6, 10.113068, 0.472055, -1.497115, 0.078747, 0, 0, 0, 2, 2, 0
6, 10.116062, 0.467531, -1.505910, 0.071173, 0, 0, 0, 2, 2, 0
6, 10.116586, 0.456837, -1.503408, 0.053591, 0, 0, 0, 2, 2, 0
6, 10.122225, 0.455384, -1.479576, 0.041290, 0, 0, 0, 2, 2, 0
6, 10.124968, 0.457777, -1.474363, 0.051754, 0, 0, 0, 2, 2, 0
6, 10.127968, 0.480329, -1.436513, 0.041890, 0, 0, 0, 2, 2, 0
6, 10.128363, 0.457879, -1.460402, 0.029056, 0, 0, 0, 2, 2, 0
6, 10.134012, 0.455629, -1.436911, 0.012993, 0, 0, 0, 2, 2, 0
6, 10.136564, 0.472358, -1.410167, 0.024968, 0, 0, 0, 2, 2, 0
6, 10.139941, 0.477426, -1.392361, 0.015305, 0, 0, 0, 2, 2, 0
6, 10.143254, 0.482245, -1.376683, 0.020950, 0, 0, 0, 2, 2, 0
6, 10.146719, 0.465232, -1.402564, 0.025345, 0, 0, 0, 2, 2, 0
6, 10.149302, 0.460802, -1.393612, 0.030842, 0, 0, 0, 2, 2, 0
6, 10.151531, 0.459819, -1.385930, 0.040337, 0, 0, 0, 2, 2, 0
6, 10.152373, 0.445593, -1.378896, 0.023394, 0, 0, 0, 2, 2, 0
6, 10.154565, 0.478221, -1.335724, 0.046488, 0, 0, 0, 2, 2, 0
6, 10.157355, 0.458502, -1.366051, 0.052630, 0, 0, 0, 2, 2, 0
6, 10.159954, 0.452509, -1.356511, 0.055935, 0, 0, 0, 2, 2, 0
6, 10.162467, 0.453971, -1.346482, 0.063568, 0, 0, 0, 2, 2, 0
6, 10.163233, 0.442878, -1.342629, 0.052128, 0, 0, 0, 2, 2, 0
6, 10.165488, 0.468503, -1.305076, 0.073323, 0, 0, 0, 2, 2, 0
6, 10.173848, 0.446145, -1.308403, 0.092407, 0, 0, 0, 2, 2, 0
6, 10.174909, 0.437217, -1.304481, 0.079406, 0, 0, 0, 2, 2, 0
6, 10.177524, 0.464473, -1.268055, 0.097753, 0, 0, 0, 2, 2, 0
6, 10.179805, 0.446755, -1.292444, 0.103790, 0, 0, 0, 2, 2, 0
6, 10.182682, 0.441730, -1.282513, 0.110520, 0, 0, 0, 2, 2, 0
6, 10.185510, 0.443348, -1.274749, 0.115748, 0, 0, 0, 2, 2, 0
6, 10.186562, 0.429167, -1.269005, 0.100052, 0, 0, 0, 2, 2, 0
6, 10.189187, 0.458216, -1.228996, 0.122779, 0, 0, 0, 2, 2, 0
6, 10.191390, 0.439508, -1.256973, 0.127567, 0, 0, 0, 2, 2, 0
6, 10.194551, 0.432542, -1.246239, 0.131532, 0, 0, 0, 2, 2, 0
6, 10.197904, 0.435287, -1.236576, 0.136722, 0, 0, 0, 2, 2, 0
6, 10.198800, 0.425065, -1.233659, 0.123052, 0, 0, 0, 2, 2, 0
6, 10.201112, 0.451444, -1.193618, 0.144182, 0, 0, 0, 2, 2, 0
6, 10.203438, 0.432207, -1.217662, 0.147923, 0, 0, 0, 2, 2, 0
6, 10.206453, 0.426340, -1.208758, 0.151100, 0, 0, 0, 2, 2, 0
6, 10.209487, 0.427713, -1.201430, 0.156649, 0, 0, 0, 2, 2, 0
6, 10.212301, 0.422484, -1.192736, 0.161138, 0, 0, 0, 2, 2, 0
6, 10.215087, 0.426263, -1.182274, 0.165372, 0, 0, 0, 2, 2, 0
6, 10.215940, 0.414516, -1.177355, 0.152538, 0, 0, 0, 2, 2, 0
6, 10.218473, 0.437842, -1.142799, 0.171749, 0, 0, 0, 2, 2, 0
6, 10.220882, 0.420656, -1.164983, 0.175782, 0, 0, 0, 2, 2, 0
6, 10.224013, 0.415906, -1.156558, 0.181111, 0, 0, 0, 2, 2, 0
6, 10.227037, 0.419584, -1.145941, 0.185901, 0, 0, 0, 2, 2, 0
6, 10.227726, 0.408858, -1.140422, 0.173532, 0, 0, 0, 2, 2, 0
6, 10.230466, 0.432790, -1.105558, 0.191683, 0, 0, 0, 2, 2, 0
6, 10.233191, 0.414945, -1.128865, 0.194404, 0, 0, 0, 2, 2, 0
6, 10.236110, 0.407873, -1.118999, 0.196835, 0, 0, 0, 2, 2, 0
6, 10.239087, 0.411516, -1.108395, 0.201756, 0, 0, 0, 2, 2, 0
6, 10.239659, 0.403256, -1.104872, 0.190824, 0, 0, 0, 2, 2, 0
6, 10.242095, 0.427730, -1.069169, 0.209138, 0, 0, 0, 2, 2, 0
6, 10.244963, 0.409694, -1.092365, 0.211308, 0, 0, 0, 2, 2, 0
6, 10.248070, 0.402072, -1.082107, 0.213218, 0, 0, 0, 2, 2, 0
6, 10.251204, 0.406379, -1.071635, 0.216543, 0, 0, 0, 2, 2, 0
6, 10.251966, 0.398709, -1.069420, 0.205210, 0, 0, 0, 2, 2, 0
6, 10.254851, 0.404134, -1.059531, 0.214501, 0, 0, 0, 2, 2, 0
6, 10.260181, 0.396093, -1.047136, 0.227182, 0, 0, 0, 2, 2, 0
6, 10.263534, 0.407082, -1.019322, 0.231547, 0, 0, 0, 2, 2, 0
6, 10.266626, 0.411593, -1.003096, 0.237889, 0, 0, 0, 2, 2, 0
6, 10.269871, 0.396964, -1.019783, 0.237420, 0, 0, 0, 2, 2, 0
6, 10.271229, 0.386816, -1.016298, 0.228385, 0, 0, 0, 2, 2, 0
6, 10.273033, 0.406565, -0.987207, 0.246814, 0, 0, 0, 2, 2, 0
6, 10.274937, 0.395219, -1.003596, 0.246689, 0, 0, 0, 2, 2, 0
6, 10.278217, 0.388640, -0.994409, 0.249247, 0, 0, 0, 2, 2, 0
6, 10.281359, 0.398217, -0.963682, 0.253349, 0, 0, 0, 2, 2, 0
6, 10.283901, 0.397737, -0.951679, 0.257431, 0, 0, 0, 2, 2, 0
6, 10.286160, 0.386716, -0.967477, 0.254317, 0, 0, 0, 2, 2, 0
6, 10.289776, 0.366553, -0.955759, 0.241308, 0, 0, 0, 2, 2, 0
6, 10.295692, 0.380984, -0.935064, 0.257525, 0, 0, 0, 2, 2, 0
6, 10.301687, 0.362306, -0.918941, 0.251730, 0, 0, 0, 2, 2, 0
6, 10.307343, 0.373988, -0.902769, 0.264195, 0, 0, 0, 2, 2, 0
6, 10.313402, 0.355948, -0.887626, 0.259941, 0, 0, 0, 2, 2, 0
6, 10.319436, 0.369741, -0.869805, 0.272627, 0, 0, 0, 2, 2, 0
6, 10.324963, 0.349112, -0.850825, 0.264608, 0, 0, 0, 2, 2, 0
6, 10.330639, 0.362786, -0.832512, 0.278925, 0, 0, 0, 2, 2, 0
6, 10.336473, 0.343894, -0.814562, 0.270825, 0, 0, 0, 2, 2, 0
6, 10.342346, 0.357878, -0.798273, 0.281190, 0, 0, 0, 2, 2, 0
6, 10.348148, 0.338113, -0.779739, 0.273696, 0, 0, 0, 2, 2, 0
6, 10.354152, 0.350787, -0.765394, 0.282618, 0, 0, 0, 2, 2, 0
6, 10.360164, 0.331734, -0.746805, 0.274237, 0, 0, 0, 2, 2, 0
6, 10.366324, 0.342832, -0.733855, 0.283148, 0, 0, 0, 2, 2, 0
6, 10.372209, 0.324114, -0.715619, 0.275315, 0, 0, 0, 2, 2, 0
6, 10.378210, 0.337729, -0.699811, 0.286499, 0, 0, 0, 2, 2, 0
6, 10.384350, 0.316024, -0.676967, 0.274344, 0, 0, 0, 2, 2, 0
6, 10.390787, 0.327174, -0.664960, 0.282006, 0, 0, 0, 2, 2, 0
6, 10.396481, 0.309498, -0.646546, 0.272816, 0, 0, 0, 2, 2, 0
6, 10.401912, 0.322177, -0.634183, 0.279171, 0, 0, 0, 2, 2, 0
6, 10.408221, 0.303666, -0.614152, 0.268346, 0, 0, 0, 2, 2, 0
6, 10.413942, 0.316755, -0.601410, 0.275242, 0, 0, 0, 2, 2, 0
6, 10.419413, 0.296593, -0.579878, 0.264425, 0, 0, 0, 2, 2, 0
6, 10.425109, 0.308994, -0.568133, 0.270647, 0, 0, 0, 2, 2, 0
6, 10.428058, 0.299812, -0.556725, 0.262637, 0, 0, 0, 2, 2, 0
6, 10.433952, 0.313535, -0.544664, 0.267716, 0, 0, 0, 2, 2, 0
6, 10.439729, 0.295099, -0.523043, 0.254595, 0, 0, 0, 2, 2, 0
6, 10.454638, 0.292369, -0.486541, 0.245525, 0, 0, 0, 2, 2, 0
6, 10.460515, 0.274366, -0.464337, 0.230958, 0, 0, 0, 2, 2, 0
6, 10.469013, 0.291316, -0.449354, 0.238955, 0, 0, 0, 2, 2, 0
6, 10.475062, 0.274637, -0.428277, 0.224903, 0, 0, 0, 2, 2, 0
6, 10.484277, 0.276826, -0.407161, 0.217405, 0, 0, 0, 2, 2, 0
6, 10.487322, 0.267238, -0.395470, 0.210288, 0, 0, 0, 2, 2, 0
6, 10.501467, 0.265757, -0.360515, 0.197426, 0, 0, 0, 2, 2, 0
6, 10.504384, 0.254548, -0.346087, 0.187884, 0, 0, 0, 2, 2, 0
6, 10.513307, 0.258748, -0.328358, 0.178650, 0, 0, 0, 2, 2, 0
6, 10.519137, 0.242642, -0.306288, 0.162626, 0, 0, 0, 2, 2, 0
6, 10.525001, 0.254479, -0.299066, 0.162208, 0, 0, 0, 2, 2, 0
6, 10.527891, 0.244265, -0.284858, 0.151775, 0, 0, 0, 2, 2, 0
6, 10.536776, 0.249004, -0.266521, 0.140973, 0, 0, 0, 2, 2, 0
6, 10.539663, 0.239908, -0.254623, 0.133213, 0, 0, 0, 2, 2, 0
6, 10.548399, 0.243806, -0.235888, 0.122008, 0, 0, 0, 2, 2, 0
6, 10.551349, 0.235018, -0.223442, 0.112850, 0, 0, 0, 2, 2, 0
6, 10.566087, 0.232376, -0.192681, 0.088371, 0, 0, 0, 2, 2, 0
6, 10.569052, 0.224652, -0.180830, 0.078768, 0, 0, 0, 2, 2, 0
6, 10.583641, 0.220875, -0.147652, 0.056635, 0, 0, 0, 2, 2, 0
6, 10.586647, 0.211534, -0.132646, 0.044034, 0, 0, 0, 2, 2, 0
6, 10.595558, 0.216267, -0.117345, 0.031156, 0, 0, 0, 2, 2, 0
6, 10.598578, 0.207157, -0.103657, 0.020675, 0, 0, 0, 2, 2, 0
6, 10.610473, 0.215451, -0.076523, 0.020618, 0, 0, 0, 2, 2, 0
6, 10.616684, 0.196191, -0.060762, 0.021940, 0, 0, 0, 2, 2, 0
6, 10.625101, 0.198644, -0.038415, 0.039805, 0, 0, 0, 2, 2, 0
6, 10.628158, 0.187422, -0.028166, 0.038998, 0, 0, 0, 2, 2, 0
6, 10.636866, 0.187375, -0.005199, 0.059222, 0, 0, 0, 2, 2, 0
6, 10.645505, 0.183041, 0.019482, 0.071408, 0, 0, 0, 2, 2, 0
6, 10.654334, 0.181902, 0.041108, 0.091868, 0, 0, 0, 2, 2, 0
6, 10.660490, 0.162378, 0.059270, 0.090960, 0, 0, 0, 2, 2, 0
6, 10.666650, 0.173966, 0.070175, 0.106080, 0, 0, 0, 2, 2, 0
6, 10.669396, 0.163345, 0.079793, 0.106219, 0, 0, 0, 2, 2, 0
6, 10.675225, 0.176170, 0.091762, 0.123048, 0, 0, 0, 2, 2, 0
6, 10.681022, 0.157253, 0.110619, 0.120576, 0, 0, 0, 2, 2, 0
6, 10.690344, 0.158667, 0.134358, 0.137072, 0, 0, 0, 2, 2, 0
6, 10.696033, 0.140862, 0.151066, 0.136942, 0, 0, 0, 2, 2, 0
6, 10.702177, 0.153472, 0.161198, 0.149602, 0, 0, 0, 2, 2, 0
6, 10.705264, 0.144103, 0.171689, 0.146749, 0, 0, 0, 2, 2, 0
6, 10.713932, 0.145148, 0.192011, 0.159728, 0, 0, 0, 2, 2, 0
6, 10.719831, 0.126303, 0.211716, 0.156698, 0, 0, 0, 2, 2, 0
6, 10.728668, 0.129260, 0.233101, 0.169444, 0, 0, 0, 2, 2, 0
6, 10.740330, 0.122538, 0.260127, 0.176768, 0, 0, 0, 2, 2, 0
6, 10.748997, 0.122387, 0.278614, 0.185595, 0, 0, 0, 2, 2, 0
6, 10.751876, 0.111674, 0.290655, 0.182873, 0, 0, 0, 2, 2, 0
6, 10.760600, 0.116571, 0.311716, 0.190193, 0, 0, 0, 2, 2, 0
6, 10.766460, 0.099321, 0.331092, 0.186168, 0, 0, 0, 2, 2, 0
6, 10.772360, 0.108583, 0.338275, 0.197551, 0, 0, 0, 2, 2, 0
6, 10.778373, 0.091145, 0.359076, 0.191599, 0, 0, 0, 2, 2, 0
6, 10.790105, 0.099483, 0.382288, 0.200826, 0, 0, 0, 2, 2, 0
6, 10.793274, 0.090159, 0.394212, 0.196465, 0, 0, 0, 2, 2, 0
6, 10.807740, 0.088862, 0.424719, 0.202976, 0, 0, 0, 2, 2, 0
6, 10.810778, 0.080609, 0.436403, 0.197363, 0, 0, 0, 2, 2, 0
6, 10.825472, 0.080289, 0.464805, 0.198256, 0, 0, 0, 2, 2, 0
